 Container rl-uam-framework-vertisim_service-1  Created
 Container rl-uam-framework-rl_algorithm-1  Created
 Container rl-uam-framework-service_orchestrator-1  Created
Attaching to rl-uam-framework-rl_algorithm-1, rl-uam-framework-service_orchestrator-1, rl-uam-framework-vertisim_service-1
rl-uam-framework-rl_algorithm-1          | Using cpu device
rl-uam-framework-rl_algorithm-1          | Wrapping the env in a DummyVecEnv.
rl-uam-framework-rl_algorithm-1          | Using environment: <Monitor<TimeLimit<OrderEnforcing<PassiveEnvChecker<VertiSimEnvWrapper<vertisim>>>>>> with <class 'stable_baselines3.ppo.ppo.PPO'> policy
rl-uam-framework-rl_algorithm-1          | RL called reset
rl-uam-framework-rl_algorithm-1          | Logging to ./logs/tensorboard/PPO_16
rl-uam-framework-vertisim_service-1      | Applying action: [1, 2, 0, 0]
rl-uam-framework-vertisim_service-1      | Reserved aircraft: 1 at SFO_PARK17. Time: 0
rl-uam-framework-vertisim_service-1      | Charging truncation: Aircraft 0 at SFO will not charge. Initial soc: 100. Final soc level (102). At time 0.
rl-uam-framework-vertisim_service-1      | Simulation Completed. Total time to run: 0.31 seconds
rl-uam-framework-rl_algorithm-1          | RL called reset
rl-uam-framework-vertisim_service-1      | Applying action: [1, 2, 2, 2]
rl-uam-framework-vertisim_service-1      | Reserved aircraft: 1 at SFO_PARK17. Time: 0
rl-uam-framework-vertisim_service-1      | Reserved aircraft: 2 at MV_PARK18. Time: 0
rl-uam-framework-vertisim_service-1      | Reserved aircraft: 3 at MV_PARK17. Time: 0
rl-uam-framework-vertisim_service-1      | Charging truncation: Aircraft 0 at SFO will not charge. Initial soc: 100. Final soc level (102). At time 0.
rl-uam-framework-vertisim_service-1      | Simulation Completed. Total time to run: 0.29 seconds
rl-uam-framework-rl_algorithm-1          | RL called reset
rl-uam-framework-vertisim_service-1      | Applying action: [2, 0, 1, 1]
rl-uam-framework-vertisim_service-1      | Reserved aircraft: 0 at SFO_PARK18. Time: 0
rl-uam-framework-vertisim_service-1      | Charging truncation: Aircraft 2 at MV will not charge. Initial soc: 100. Final soc level (102). At time 0.
rl-uam-framework-vertisim_service-1      | Simulation Completed. Total time to run: 0.28 seconds
rl-uam-framework-rl_algorithm-1          | RL called reset
rl-uam-framework-vertisim_service-1      | Applying action: [0, 1, 0, 0]
rl-uam-framework-vertisim_service-1      | Charging truncation: Aircraft 1 at SFO will not charge. Initial soc: 100. Final soc level (102). At time 0.
rl-uam-framework-vertisim_service-1      | Simulation Completed. Total time to run: 0.28 seconds
rl-uam-framework-rl_algorithm-1          | RL called reset
rl-uam-framework-vertisim_service-1      | Applying action: [2, 2, 0, 1]
rl-uam-framework-vertisim_service-1      | Reserved aircraft: 0 at SFO_PARK18. Time: 0
rl-uam-framework-vertisim_service-1      | Reserved aircraft: 1 at SFO_PARK17. Time: 0
rl-uam-framework-vertisim_service-1      | Charging truncation: Aircraft 3 at MV will not charge. Initial soc: 100. Final soc level (102). At time 0.
rl-uam-framework-vertisim_service-1      | Simulation Completed. Total time to run: 0.35 seconds
rl-uam-framework-rl_algorithm-1          | RL called reset
rl-uam-framework-vertisim_service-1      | Applying action: [1, 0, 0, 2]
rl-uam-framework-vertisim_service-1      | Reserved aircraft: 3 at MV_PARK17. Time: 0
rl-uam-framework-vertisim_service-1      | Charging truncation: Aircraft 0 at SFO will not charge. Initial soc: 100. Final soc level (102). At time 0.
rl-uam-framework-vertisim_service-1      | Simulation Completed. Total time to run: 0.28 seconds
rl-uam-framework-rl_algorithm-1          | RL called reset
rl-uam-framework-vertisim_service-1      | Applying action: [1, 0, 0, 0]
rl-uam-framework-vertisim_service-1      | Charging truncation: Aircraft 0 at SFO will not charge. Initial soc: 100. Final soc level (102). At time 0.
rl-uam-framework-vertisim_service-1      | Simulation Completed. Total time to run: 0.27 seconds
rl-uam-framework-rl_algorithm-1          | RL called reset
rl-uam-framework-vertisim_service-1      | Applying action: [2, 1, 2, 1]
rl-uam-framework-vertisim_service-1      | Reserved aircraft: 0 at SFO_PARK18. Time: 0
rl-uam-framework-vertisim_service-1      | Reserved aircraft: 2 at MV_PARK18. Time: 0
rl-uam-framework-vertisim_service-1      | Charging truncation: Aircraft 1 at SFO will not charge. Initial soc: 100. Final soc level (102). At time 0.
rl-uam-framework-vertisim_service-1      | Simulation Completed. Total time to run: 0.27 seconds
rl-uam-framework-rl_algorithm-1          | RL called reset
rl-uam-framework-vertisim_service-1      | Applying action: [2, 2, 0, 0]
rl-uam-framework-vertisim_service-1      | Reserved aircraft: 0 at SFO_PARK18. Time: 0
rl-uam-framework-vertisim_service-1      | Reserved aircraft: 1 at SFO_PARK17. Time: 0
rl-uam-framework-vertisim_service-1      | Applying action: [1, 0, 0, 1]
rl-uam-framework-vertisim_service-1      | Truncation: Aircraft 0 at SFO_departure_fix is not in available the list: [2, 3]. 
rl-uam-framework-vertisim_service-1      | Simulation Completed. Total time to run: 0.29 seconds
rl-uam-framework-rl_algorithm-1          | RL called reset
rl-uam-framework-vertisim_service-1      | Applying action: [0, 2, 1, 2]
rl-uam-framework-vertisim_service-1      | Reserved aircraft: 1 at SFO_PARK17. Time: 0
rl-uam-framework-vertisim_service-1      | Reserved aircraft: 3 at MV_PARK17. Time: 0
rl-uam-framework-vertisim_service-1      | Charging truncation: Aircraft 2 at MV will not charge. Initial soc: 100. Final soc level (102). At time 0.
rl-uam-framework-vertisim_service-1      | Simulation Completed. Total time to run: 0.27 seconds
rl-uam-framework-rl_algorithm-1          | RL called reset
rl-uam-framework-vertisim_service-1      | Applying action: [1, 1, 0, 1]
rl-uam-framework-vertisim_service-1      | Charging truncation: Aircraft 0 at SFO will not charge. Initial soc: 100. Final soc level (102). At time 0.
rl-uam-framework-vertisim_service-1      | Simulation Completed. Total time to run: 0.37 seconds
rl-uam-framework-rl_algorithm-1          | RL called reset
rl-uam-framework-vertisim_service-1      | Applying action: [0, 2, 1, 0]
rl-uam-framework-vertisim_service-1      | Reserved aircraft: 1 at SFO_PARK17. Time: 0
rl-uam-framework-vertisim_service-1      | Charging truncation: Aircraft 2 at MV will not charge. Initial soc: 100. Final soc level (102). At time 0.
rl-uam-framework-vertisim_service-1      | Simulation Completed. Total time to run: 0.29 seconds
rl-uam-framework-rl_algorithm-1          | RL called reset
rl-uam-framework-vertisim_service-1      | Applying action: [1, 1, 1, 2]
rl-uam-framework-vertisim_service-1      | Reserved aircraft: 3 at MV_PARK17. Time: 0
rl-uam-framework-vertisim_service-1      | Charging truncation: Aircraft 0 at SFO will not charge. Initial soc: 100. Final soc level (102). At time 0.
rl-uam-framework-vertisim_service-1      | Simulation Completed. Total time to run: 0.29 seconds
rl-uam-framework-rl_algorithm-1          | RL called reset
rl-uam-framework-vertisim_service-1      | Applying action: [0, 0, 0, 1]
rl-uam-framework-vertisim_service-1      | Charging truncation: Aircraft 3 at MV will not charge. Initial soc: 100. Final soc level (102). At time 0.
rl-uam-framework-vertisim_service-1      | Simulation Completed. Total time to run: 0.29 seconds
rl-uam-framework-rl_algorithm-1          | RL called reset
rl-uam-framework-vertisim_service-1      | Applying action: [0, 2, 0, 1]
rl-uam-framework-vertisim_service-1      | Reserved aircraft: 1 at SFO_PARK17. Time: 0
rl-uam-framework-vertisim_service-1      | Charging truncation: Aircraft 3 at MV will not charge. Initial soc: 100. Final soc level (102). At time 0.
rl-uam-framework-vertisim_service-1      | Simulation Completed. Total time to run: 0.31 seconds
rl-uam-framework-rl_algorithm-1          | RL called reset
rl-uam-framework-vertisim_service-1      | Applying action: [1, 0, 2, 1]
rl-uam-framework-vertisim_service-1      | Reserved aircraft: 2 at MV_PARK18. Time: 0
rl-uam-framework-vertisim_service-1      | Charging truncation: Aircraft 0 at SFO will not charge. Initial soc: 100. Final soc level (102). At time 0.
rl-uam-framework-vertisim_service-1      | Simulation Completed. Total time to run: 0.28 seconds
rl-uam-framework-rl_algorithm-1          | RL called reset
rl-uam-framework-vertisim_service-1      | Applying action: [0, 2, 2, 0]
rl-uam-framework-vertisim_service-1      | Reserved aircraft: 1 at SFO_PARK17. Time: 0
rl-uam-framework-vertisim_service-1      | Reserved aircraft: 2 at MV_PARK18. Time: 0
rl-uam-framework-vertisim_service-1      | Applying action: [0, 2, 0, 1]
rl-uam-framework-vertisim_service-1      | Applying truncation. Aircraft 1 is not idling at the vertiport MV. Aircraft location: SFO_departure_fix. Status: AircraftStatus.FLY. Current time: 195518.0
rl-uam-framework-vertisim_service-1      | Simulation Completed. Total time to run: 0.29 seconds
rl-uam-framework-rl_algorithm-1          | RL called reset
rl-uam-framework-vertisim_service-1      | Applying action: [2, 0, 2, 0]
rl-uam-framework-vertisim_service-1      | Reserved aircraft: 0 at SFO_PARK18. Time: 0
rl-uam-framework-vertisim_service-1      | Reserved aircraft: 2 at MV_PARK18. Time: 0
rl-uam-framework-vertisim_service-1      | Passenger 3 entered the waiting room at MV. Currently waiting passengers: [0, 1, 3]. Time (sec): 193
rl-uam-framework-vertisim_service-1      | Applying action: [1, 0, 1, 1]
rl-uam-framework-vertisim_service-1      | Truncation: Aircraft 0 at SFO_hover_fix is not in available the list: [3]. 
rl-uam-framework-vertisim_service-1      | Simulation Completed. Total time to run: 0.3 seconds
rl-uam-framework-rl_algorithm-1          | RL called reset
rl-uam-framework-vertisim_service-1      | Applying action: [2, 0, 0, 2]
rl-uam-framework-vertisim_service-1      | Reserved aircraft: 0 at SFO_PARK18. Time: 0
rl-uam-framework-vertisim_service-1      | Reserved aircraft: 3 at MV_PARK17. Time: 0
rl-uam-framework-vertisim_service-1      | Applying action: [1, 1, 2, 2]
rl-uam-framework-vertisim_service-1      | Truncation: Aircraft 0 at SFO_departure_fix is not in available the list: [2]. 
rl-uam-framework-vertisim_service-1      | Simulation Completed. Total time to run: 0.29 seconds
rl-uam-framework-rl_algorithm-1          | RL called reset
rl-uam-framework-vertisim_service-1      | Applying action: [2, 2, 0, 0]
rl-uam-framework-vertisim_service-1      | Reserved aircraft: 0 at SFO_PARK18. Time: 0
rl-uam-framework-vertisim_service-1      | Reserved aircraft: 1 at SFO_PARK17. Time: 0
rl-uam-framework-vertisim_service-1      | Applying action: [2, 2, 2, 0]
rl-uam-framework-vertisim_service-1      | Applying truncation. Aircraft 0 is not idling at the vertiport MV. Aircraft location: SFO_departure_fix. Status: AircraftStatus.FLY. Current time: 195518.0
rl-uam-framework-vertisim_service-1      | Simulation Completed. Total time to run: 0.29 seconds
rl-uam-framework-rl_algorithm-1          | RL called reset
rl-uam-framework-vertisim_service-1      | Applying action: [2, 2, 1, 1]
rl-uam-framework-vertisim_service-1      | Reserved aircraft: 0 at SFO_PARK18. Time: 0
rl-uam-framework-vertisim_service-1      | Reserved aircraft: 1 at SFO_PARK17. Time: 0
rl-uam-framework-vertisim_service-1      | Charging truncation: Aircraft 2 at MV will not charge. Initial soc: 100. Final soc level (102). At time 0.
rl-uam-framework-vertisim_service-1      | Simulation Completed. Total time to run: 0.3 seconds
rl-uam-framework-rl_algorithm-1          | RL called reset
rl-uam-framework-vertisim_service-1      | Applying action: [1, 0, 1, 2]
rl-uam-framework-vertisim_service-1      | Reserved aircraft: 3 at MV_PARK17. Time: 0
rl-uam-framework-vertisim_service-1      | Charging truncation: Aircraft 0 at SFO will not charge. Initial soc: 100. Final soc level (102). At time 0.
rl-uam-framework-vertisim_service-1      | Simulation Completed. Total time to run: 0.28 seconds
rl-uam-framework-rl_algorithm-1          | RL called reset
rl-uam-framework-vertisim_service-1      | Applying action: [1, 0, 1, 1]
rl-uam-framework-vertisim_service-1      | Charging truncation: Aircraft 0 at SFO will not charge. Initial soc: 100. Final soc level (102). At time 0.
rl-uam-framework-vertisim_service-1      | Simulation Completed. Total time to run: 0.29 seconds
rl-uam-framework-rl_algorithm-1          | RL called reset
rl-uam-framework-vertisim_service-1      | Applying action: [0, 0, 1, 2]
rl-uam-framework-vertisim_service-1      | Reserved aircraft: 3 at MV_PARK17. Time: 0
rl-uam-framework-vertisim_service-1      | Charging truncation: Aircraft 2 at MV will not charge. Initial soc: 100. Final soc level (102). At time 0.
rl-uam-framework-vertisim_service-1      | Simulation Completed. Total time to run: 0.39 seconds
rl-uam-framework-rl_algorithm-1          | RL called reset
rl-uam-framework-vertisim_service-1      | Applying action: [1, 2, 1, 2]
rl-uam-framework-vertisim_service-1      | Reserved aircraft: 1 at SFO_PARK17. Time: 0
rl-uam-framework-vertisim_service-1      | Reserved aircraft: 3 at MV_PARK17. Time: 0
rl-uam-framework-vertisim_service-1      | Charging truncation: Aircraft 0 at SFO will not charge. Initial soc: 100. Final soc level (102). At time 0.
rl-uam-framework-vertisim_service-1      | Simulation Completed. Total time to run: 0.3 seconds
rl-uam-framework-rl_algorithm-1          | RL called reset
rl-uam-framework-vertisim_service-1      | Applying action: [1, 1, 2, 1]
rl-uam-framework-vertisim_service-1      | Reserved aircraft: 2 at MV_PARK18. Time: 0
rl-uam-framework-vertisim_service-1      | Charging truncation: Aircraft 0 at SFO will not charge. Initial soc: 100. Final soc level (102). At time 0.
rl-uam-framework-vertisim_service-1      | Simulation Completed. Total time to run: 0.27 seconds
rl-uam-framework-rl_algorithm-1          | RL called reset
rl-uam-framework-vertisim_service-1      | Applying action: [0, 0, 0, 2]
rl-uam-framework-vertisim_service-1      | Reserved aircraft: 3 at MV_PARK17. Time: 0
rl-uam-framework-vertisim_service-1      | Applying action: [0, 2, 1, 2]
rl-uam-framework-vertisim_service-1      | Applying truncation. Aircraft 3 is not idling at the vertiport SFO. Aircraft location: MV_departure_fix. Status: AircraftStatus.FLY. Current time: 195518.0
rl-uam-framework-vertisim_service-1      | Simulation Completed. Total time to run: 0.31 seconds
rl-uam-framework-rl_algorithm-1          | RL called reset
rl-uam-framework-vertisim_service-1      | Applying action: [1, 0, 0, 2]
rl-uam-framework-vertisim_service-1      | Reserved aircraft: 3 at MV_PARK17. Time: 0
rl-uam-framework-vertisim_service-1      | Charging truncation: Aircraft 0 at SFO will not charge. Initial soc: 100. Final soc level (102). At time 0.
rl-uam-framework-vertisim_service-1      | Simulation Completed. Total time to run: 0.28 seconds
rl-uam-framework-rl_algorithm-1          | RL called reset
rl-uam-framework-vertisim_service-1      | Applying action: [2, 0, 1, 2]
rl-uam-framework-vertisim_service-1      | Reserved aircraft: 0 at SFO_PARK18. Time: 0
rl-uam-framework-vertisim_service-1      | Reserved aircraft: 3 at MV_PARK17. Time: 0
rl-uam-framework-vertisim_service-1      | Charging truncation: Aircraft 2 at MV will not charge. Initial soc: 100. Final soc level (102). At time 0.
rl-uam-framework-vertisim_service-1      | Simulation Completed. Total time to run: 0.29 seconds
rl-uam-framework-rl_algorithm-1          | RL called reset
rl-uam-framework-vertisim_service-1      | Applying action: [1, 0, 2, 2]
rl-uam-framework-vertisim_service-1      | Reserved aircraft: 2 at MV_PARK18. Time: 0
rl-uam-framework-vertisim_service-1      | Reserved aircraft: 3 at MV_PARK17. Time: 0
rl-uam-framework-vertisim_service-1      | Charging truncation: Aircraft 0 at SFO will not charge. Initial soc: 100. Final soc level (102). At time 0.
rl-uam-framework-vertisim_service-1      | Simulation Completed. Total time to run: 0.39 seconds
rl-uam-framework-rl_algorithm-1          | RL called reset
rl-uam-framework-vertisim_service-1      | Applying action: [1, 2, 0, 2]
rl-uam-framework-vertisim_service-1      | Reserved aircraft: 1 at SFO_PARK17. Time: 0
rl-uam-framework-vertisim_service-1      | Reserved aircraft: 3 at MV_PARK17. Time: 0
rl-uam-framework-vertisim_service-1      | Charging truncation: Aircraft 0 at SFO will not charge. Initial soc: 100. Final soc level (102). At time 0.
rl-uam-framework-vertisim_service-1      | Simulation Completed. Total time to run: 0.28 seconds
rl-uam-framework-rl_algorithm-1          | RL called reset
rl-uam-framework-vertisim_service-1      | Applying action: [0, 2, 0, 0]
rl-uam-framework-vertisim_service-1      | Reserved aircraft: 1 at SFO_PARK17. Time: 0
rl-uam-framework-vertisim_service-1      | Applying action: [2, 2, 1, 1]
rl-uam-framework-vertisim_service-1      | Applying truncation. Aircraft 1 is not idling at the vertiport MV. Aircraft location: SFO_departure_fix. Status: AircraftStatus.FLY. Current time: 195518.0
rl-uam-framework-vertisim_service-1      | Simulation Completed. Total time to run: 0.29 seconds
rl-uam-framework-rl_algorithm-1          | RL called reset
rl-uam-framework-vertisim_service-1      | Applying action: [2, 0, 1, 0]
rl-uam-framework-vertisim_service-1      | Reserved aircraft: 0 at SFO_PARK18. Time: 0
rl-uam-framework-vertisim_service-1      | Charging truncation: Aircraft 2 at MV will not charge. Initial soc: 100. Final soc level (102). At time 0.
rl-uam-framework-vertisim_service-1      | Simulation Completed. Total time to run: 0.29 seconds
rl-uam-framework-rl_algorithm-1          | RL called reset
rl-uam-framework-vertisim_service-1      | Applying action: [0, 0, 2, 1]
rl-uam-framework-vertisim_service-1      | Reserved aircraft: 2 at MV_PARK18. Time: 0
rl-uam-framework-vertisim_service-1      | Charging truncation: Aircraft 3 at MV will not charge. Initial soc: 100. Final soc level (102). At time 0.
rl-uam-framework-vertisim_service-1      | Simulation Completed. Total time to run: 0.28 seconds
rl-uam-framework-rl_algorithm-1          | RL called reset
rl-uam-framework-vertisim_service-1      | Applying action: [1, 2, 1, 2]
rl-uam-framework-vertisim_service-1      | Reserved aircraft: 1 at SFO_PARK17. Time: 0
rl-uam-framework-vertisim_service-1      | Reserved aircraft: 3 at MV_PARK17. Time: 0
rl-uam-framework-vertisim_service-1      | Charging truncation: Aircraft 0 at SFO will not charge. Initial soc: 100. Final soc level (102). At time 0.
rl-uam-framework-vertisim_service-1      | Simulation Completed. Total time to run: 0.3 seconds
rl-uam-framework-rl_algorithm-1          | RL called reset
rl-uam-framework-vertisim_service-1      | Applying action: [1, 1, 2, 1]
rl-uam-framework-vertisim_service-1      | Reserved aircraft: 2 at MV_PARK18. Time: 0
rl-uam-framework-vertisim_service-1      | Charging truncation: Aircraft 0 at SFO will not charge. Initial soc: 100. Final soc level (102). At time 0.
rl-uam-framework-vertisim_service-1      | Simulation Completed. Total time to run: 0.28 seconds
rl-uam-framework-rl_algorithm-1          | RL called reset
rl-uam-framework-vertisim_service-1      | Applying action: [1, 0, 2, 2]
rl-uam-framework-vertisim_service-1      | Reserved aircraft: 2 at MV_PARK18. Time: 0
rl-uam-framework-vertisim_service-1      | Reserved aircraft: 3 at MV_PARK17. Time: 0
rl-uam-framework-vertisim_service-1      | Charging truncation: Aircraft 0 at SFO will not charge. Initial soc: 100. Final soc level (102). At time 0.
rl-uam-framework-vertisim_service-1      | Simulation Completed. Total time to run: 0.3 seconds
rl-uam-framework-rl_algorithm-1          | RL called reset
rl-uam-framework-vertisim_service-1      | Applying action: [0, 2, 2, 2]
rl-uam-framework-vertisim_service-1      | Reserved aircraft: 1 at SFO_PARK17. Time: 0
rl-uam-framework-vertisim_service-1      | Reserved aircraft: 2 at MV_PARK18. Time: 0
rl-uam-framework-vertisim_service-1      | Reserved aircraft: 3 at MV_PARK17. Time: 0
rl-uam-framework-vertisim_service-1      | Applying action: [2, 0, 1, 0]
rl-uam-framework-vertisim_service-1      | Truncation: Aircraft 2 at MV_departure_fix is not in available the list: []. 
rl-uam-framework-vertisim_service-1      | Simulation Completed. Total time to run: 0.41 seconds
rl-uam-framework-rl_algorithm-1          | RL called reset
rl-uam-framework-vertisim_service-1      | Applying action: [1, 2, 2, 1]
rl-uam-framework-vertisim_service-1      | Reserved aircraft: 1 at SFO_PARK17. Time: 0
rl-uam-framework-vertisim_service-1      | Reserved aircraft: 2 at MV_PARK18. Time: 0
rl-uam-framework-vertisim_service-1      | Charging truncation: Aircraft 0 at SFO will not charge. Initial soc: 100. Final soc level (102). At time 0.
rl-uam-framework-vertisim_service-1      | Simulation Completed. Total time to run: 0.28 seconds
rl-uam-framework-rl_algorithm-1          | RL called reset
rl-uam-framework-vertisim_service-1      | Applying action: [0, 0, 0, 1]
rl-uam-framework-vertisim_service-1      | Charging truncation: Aircraft 3 at MV will not charge. Initial soc: 100. Final soc level (102). At time 0.
rl-uam-framework-vertisim_service-1      | Simulation Completed. Total time to run: 0.28 seconds
rl-uam-framework-rl_algorithm-1          | RL called reset
rl-uam-framework-vertisim_service-1      | Applying action: [2, 2, 2, 0]
rl-uam-framework-vertisim_service-1      | Reserved aircraft: 0 at SFO_PARK18. Time: 0
rl-uam-framework-vertisim_service-1      | Reserved aircraft: 1 at SFO_PARK17. Time: 0
rl-uam-framework-vertisim_service-1      | Reserved aircraft: 2 at MV_PARK18. Time: 0
rl-uam-framework-vertisim_service-1      | Applying action: [1, 0, 1, 2]
rl-uam-framework-vertisim_service-1      | Truncation: Aircraft 0 at SFO_departure_fix is not in available the list: [3]. 
rl-uam-framework-vertisim_service-1      | Simulation Completed. Total time to run: 0.29 seconds
rl-uam-framework-rl_algorithm-1          | RL called reset
rl-uam-framework-vertisim_service-1      | Applying action: [0, 0, 1, 0]
rl-uam-framework-vertisim_service-1      | Charging truncation: Aircraft 2 at MV will not charge. Initial soc: 100. Final soc level (102). At time 0.
rl-uam-framework-vertisim_service-1      | Simulation Completed. Total time to run: 0.3 seconds
rl-uam-framework-rl_algorithm-1          | RL called reset
rl-uam-framework-vertisim_service-1      | Applying action: [0, 2, 0, 0]
rl-uam-framework-vertisim_service-1      | Reserved aircraft: 1 at SFO_PARK17. Time: 0
rl-uam-framework-vertisim_service-1      | Applying action: [2, 1, 1, 2]
rl-uam-framework-vertisim_service-1      | Truncation: Aircraft 1 at SFO_departure_fix is not in available the list: [2, 3]. 
rl-uam-framework-vertisim_service-1      | Simulation Completed. Total time to run: 0.3 seconds
rl-uam-framework-rl_algorithm-1          | RL called reset
rl-uam-framework-vertisim_service-1      | Applying action: [2, 2, 0, 0]
rl-uam-framework-vertisim_service-1      | Reserved aircraft: 0 at SFO_PARK18. Time: 0
rl-uam-framework-vertisim_service-1      | Reserved aircraft: 1 at SFO_PARK17. Time: 0
rl-uam-framework-vertisim_service-1      | Applying action: [2, 2, 2, 0]
rl-uam-framework-vertisim_service-1      | Applying truncation. Aircraft 0 is not idling at the vertiport MV. Aircraft location: SFO_departure_fix. Status: AircraftStatus.FLY. Current time: 195518.0
rl-uam-framework-vertisim_service-1      | Simulation Completed. Total time to run: 0.29 seconds
rl-uam-framework-rl_algorithm-1          | RL called reset
rl-uam-framework-vertisim_service-1      | Applying action: [1, 0, 0, 1]
rl-uam-framework-vertisim_service-1      | Charging truncation: Aircraft 0 at SFO will not charge. Initial soc: 100. Final soc level (102). At time 0.
rl-uam-framework-vertisim_service-1      | Simulation Completed. Total time to run: 0.29 seconds
rl-uam-framework-rl_algorithm-1          | RL called reset
rl-uam-framework-vertisim_service-1      | Applying action: [2, 0, 0, 2]
rl-uam-framework-vertisim_service-1      | Reserved aircraft: 0 at SFO_PARK18. Time: 0
rl-uam-framework-vertisim_service-1      | Reserved aircraft: 3 at MV_PARK17. Time: 0
rl-uam-framework-vertisim_service-1      | Applying action: [2, 1, 1, 1]
rl-uam-framework-vertisim_service-1      | Applying truncation. Aircraft 0 is not idling at the vertiport MV. Aircraft location: SFO_departure_fix. Status: AircraftStatus.FLY. Current time: 195518.0
rl-uam-framework-vertisim_service-1      | Simulation Completed. Total time to run: 0.32 seconds
rl-uam-framework-rl_algorithm-1          | RL called reset
rl-uam-framework-vertisim_service-1      | Applying action: [1, 2, 1, 0]
rl-uam-framework-vertisim_service-1      | Reserved aircraft: 1 at SFO_PARK17. Time: 0
rl-uam-framework-vertisim_service-1      | Charging truncation: Aircraft 0 at SFO will not charge. Initial soc: 100. Final soc level (102). At time 0.
rl-uam-framework-vertisim_service-1      | Simulation Completed. Total time to run: 0.45 seconds
rl-uam-framework-rl_algorithm-1          | RL called reset
rl-uam-framework-vertisim_service-1      | Applying action: [1, 2, 1, 1]
rl-uam-framework-vertisim_service-1      | Reserved aircraft: 1 at SFO_PARK17. Time: 0
rl-uam-framework-vertisim_service-1      | Charging truncation: Aircraft 0 at SFO will not charge. Initial soc: 100. Final soc level (102). At time 0.
rl-uam-framework-vertisim_service-1      | Simulation Completed. Total time to run: 0.31 seconds
rl-uam-framework-rl_algorithm-1          | RL called reset
rl-uam-framework-vertisim_service-1      | Applying action: [0, 2, 0, 0]
rl-uam-framework-vertisim_service-1      | Reserved aircraft: 1 at SFO_PARK17. Time: 0
rl-uam-framework-vertisim_service-1      | Passenger 3 entered the waiting room at SFO. Currently waiting passengers: [0, 2, 3]. Time (sec): 95
rl-uam-framework-vertisim_service-1      | Applying action: [2, 0, 2, 0]
rl-uam-framework-vertisim_service-1      | Reserved aircraft: 0 at SFO_PARK18. Time: 95390.3
rl-uam-framework-vertisim_service-1      | Reserved aircraft: 2 at MV_PARK18. Time: 95390.3
rl-uam-framework-vertisim_service-1      | Applying action: [1, 0, 1, 2]
rl-uam-framework-vertisim_service-1      | Truncation: Aircraft 0 at SFO_PARK18 is not in available the list: [3]. 
rl-uam-framework-vertisim_service-1      | Simulation Completed. Total time to run: 0.31 seconds
rl-uam-framework-rl_algorithm-1          | RL called reset
rl-uam-framework-vertisim_service-1      | Applying action: [1, 2, 2, 2]
rl-uam-framework-vertisim_service-1      | Reserved aircraft: 1 at SFO_PARK17. Time: 0
rl-uam-framework-vertisim_service-1      | Reserved aircraft: 2 at MV_PARK18. Time: 0
rl-uam-framework-vertisim_service-1      | Reserved aircraft: 3 at MV_PARK17. Time: 0
rl-uam-framework-vertisim_service-1      | Charging truncation: Aircraft 0 at SFO will not charge. Initial soc: 100. Final soc level (102). At time 0.
rl-uam-framework-vertisim_service-1      | Simulation Completed. Total time to run: 0.32 seconds
rl-uam-framework-rl_algorithm-1          | RL called reset
rl-uam-framework-vertisim_service-1      | Applying action: [0, 2, 0, 1]
rl-uam-framework-vertisim_service-1      | Reserved aircraft: 1 at SFO_PARK17. Time: 0
rl-uam-framework-vertisim_service-1      | Charging truncation: Aircraft 3 at MV will not charge. Initial soc: 100. Final soc level (102). At time 0.
rl-uam-framework-vertisim_service-1      | Simulation Completed. Total time to run: 0.31 seconds
rl-uam-framework-rl_algorithm-1          | RL called reset
rl-uam-framework-vertisim_service-1      | Applying action: [1, 0, 1, 1]
rl-uam-framework-vertisim_service-1      | Charging truncation: Aircraft 0 at SFO will not charge. Initial soc: 100. Final soc level (102). At time 0.
rl-uam-framework-vertisim_service-1      | Simulation Completed. Total time to run: 0.28 seconds
rl-uam-framework-rl_algorithm-1          | RL called reset
rl-uam-framework-vertisim_service-1      | Applying action: [2, 2, 1, 2]
rl-uam-framework-vertisim_service-1      | Reserved aircraft: 0 at SFO_PARK18. Time: 0
rl-uam-framework-vertisim_service-1      | Reserved aircraft: 1 at SFO_PARK17. Time: 0
rl-uam-framework-vertisim_service-1      | Reserved aircraft: 3 at MV_PARK17. Time: 0
rl-uam-framework-vertisim_service-1      | Charging truncation: Aircraft 2 at MV will not charge. Initial soc: 100. Final soc level (102). At time 0.
rl-uam-framework-vertisim_service-1      | Simulation Completed. Total time to run: 0.28 seconds
rl-uam-framework-rl_algorithm-1          | RL called reset
rl-uam-framework-vertisim_service-1      | Applying action: [2, 1, 2, 0]
rl-uam-framework-vertisim_service-1      | Reserved aircraft: 0 at SFO_PARK18. Time: 0
rl-uam-framework-vertisim_service-1      | Reserved aircraft: 2 at MV_PARK18. Time: 0
rl-uam-framework-vertisim_service-1      | Charging truncation: Aircraft 1 at SFO will not charge. Initial soc: 100. Final soc level (102). At time 0.
rl-uam-framework-vertisim_service-1      | Simulation Completed. Total time to run: 0.29 seconds
rl-uam-framework-rl_algorithm-1          | RL called reset
rl-uam-framework-vertisim_service-1      | Applying action: [1, 2, 1, 1]
rl-uam-framework-vertisim_service-1      | Reserved aircraft: 1 at SFO_PARK17. Time: 0
rl-uam-framework-vertisim_service-1      | Charging truncation: Aircraft 0 at SFO will not charge. Initial soc: 100. Final soc level (102). At time 0.
rl-uam-framework-vertisim_service-1      | Simulation Completed. Total time to run: 0.51 seconds
rl-uam-framework-rl_algorithm-1          | RL called reset
rl-uam-framework-vertisim_service-1      | Applying action: [2, 0, 2, 0]
rl-uam-framework-vertisim_service-1      | Reserved aircraft: 0 at SFO_PARK18. Time: 0
rl-uam-framework-vertisim_service-1      | Reserved aircraft: 2 at MV_PARK18. Time: 0
rl-uam-framework-vertisim_service-1      | Applying action: [2, 2, 1, 0]
rl-uam-framework-vertisim_service-1      | Applying truncation. Aircraft 0 is not idling at the vertiport MV. Aircraft location: SFO_departure_fix. Status: AircraftStatus.FLY. Current time: 195518.0
rl-uam-framework-vertisim_service-1      | Simulation Completed. Total time to run: 0.37 seconds
rl-uam-framework-rl_algorithm-1          | RL called reset
rl-uam-framework-vertisim_service-1      | Applying action: [0, 2, 1, 2]
rl-uam-framework-vertisim_service-1      | Reserved aircraft: 1 at SFO_PARK17. Time: 0
rl-uam-framework-vertisim_service-1      | Reserved aircraft: 3 at MV_PARK17. Time: 0
rl-uam-framework-vertisim_service-1      | Charging truncation: Aircraft 2 at MV will not charge. Initial soc: 100. Final soc level (102). At time 0.
rl-uam-framework-vertisim_service-1      | Simulation Completed. Total time to run: 0.36 seconds
rl-uam-framework-rl_algorithm-1          | RL called reset
rl-uam-framework-vertisim_service-1      | Applying action: [2, 1, 1, 2]
rl-uam-framework-vertisim_service-1      | Reserved aircraft: 0 at SFO_PARK18. Time: 0
rl-uam-framework-vertisim_service-1      | Reserved aircraft: 3 at MV_PARK17. Time: 0
rl-uam-framework-vertisim_service-1      | Charging truncation: Aircraft 1 at SFO will not charge. Initial soc: 100. Final soc level (102). At time 0.
rl-uam-framework-vertisim_service-1      | Simulation Completed. Total time to run: 0.37 seconds
rl-uam-framework-rl_algorithm-1          | RL called reset
rl-uam-framework-vertisim_service-1      | Applying action: [1, 0, 2, 1]
rl-uam-framework-vertisim_service-1      | Reserved aircraft: 2 at MV_PARK18. Time: 0
rl-uam-framework-vertisim_service-1      | Charging truncation: Aircraft 0 at SFO will not charge. Initial soc: 100. Final soc level (102). At time 0.
rl-uam-framework-vertisim_service-1      | Simulation Completed. Total time to run: 0.31 seconds
rl-uam-framework-rl_algorithm-1          | RL called reset
rl-uam-framework-vertisim_service-1      | Applying action: [2, 2, 1, 0]
rl-uam-framework-vertisim_service-1      | Reserved aircraft: 0 at SFO_PARK18. Time: 0
rl-uam-framework-vertisim_service-1      | Reserved aircraft: 1 at SFO_PARK17. Time: 0
rl-uam-framework-vertisim_service-1      | Charging truncation: Aircraft 2 at MV will not charge. Initial soc: 100. Final soc level (102). At time 0.
rl-uam-framework-vertisim_service-1      | Simulation Completed. Total time to run: 0.31 seconds
rl-uam-framework-rl_algorithm-1          | RL called reset
rl-uam-framework-vertisim_service-1      | Applying action: [1, 1, 1, 2]
rl-uam-framework-vertisim_service-1      | Reserved aircraft: 3 at MV_PARK17. Time: 0
rl-uam-framework-vertisim_service-1      | Charging truncation: Aircraft 0 at SFO will not charge. Initial soc: 100. Final soc level (102). At time 0.
rl-uam-framework-vertisim_service-1      | Simulation Completed. Total time to run: 0.5 seconds
rl-uam-framework-rl_algorithm-1          | RL called reset
rl-uam-framework-vertisim_service-1      | Applying action: [1, 2, 1, 2]
rl-uam-framework-vertisim_service-1      | Reserved aircraft: 1 at SFO_PARK17. Time: 0
rl-uam-framework-vertisim_service-1      | Reserved aircraft: 3 at MV_PARK17. Time: 0
rl-uam-framework-vertisim_service-1      | Charging truncation: Aircraft 0 at SFO will not charge. Initial soc: 100. Final soc level (102). At time 0.
rl-uam-framework-vertisim_service-1      | Simulation Completed. Total time to run: 0.4 seconds
rl-uam-framework-rl_algorithm-1          | RL called reset
rl-uam-framework-vertisim_service-1      | Applying action: [2, 0, 2, 1]
rl-uam-framework-vertisim_service-1      | Reserved aircraft: 0 at SFO_PARK18. Time: 0
rl-uam-framework-vertisim_service-1      | Reserved aircraft: 2 at MV_PARK18. Time: 0
rl-uam-framework-vertisim_service-1      | Charging truncation: Aircraft 3 at MV will not charge. Initial soc: 100. Final soc level (102). At time 0.
rl-uam-framework-vertisim_service-1      | Simulation Completed. Total time to run: 0.32 seconds
rl-uam-framework-rl_algorithm-1          | RL called reset
rl-uam-framework-vertisim_service-1      | Applying action: [1, 2, 1, 2]
rl-uam-framework-vertisim_service-1      | Reserved aircraft: 1 at SFO_PARK17. Time: 0
rl-uam-framework-vertisim_service-1      | Reserved aircraft: 3 at MV_PARK17. Time: 0
rl-uam-framework-vertisim_service-1      | Charging truncation: Aircraft 0 at SFO will not charge. Initial soc: 100. Final soc level (102). At time 0.
rl-uam-framework-vertisim_service-1      | Simulation Completed. Total time to run: 0.45 seconds
rl-uam-framework-rl_algorithm-1          | RL called reset
rl-uam-framework-vertisim_service-1      | Applying action: [0, 0, 2, 0]
rl-uam-framework-vertisim_service-1      | Reserved aircraft: 2 at MV_PARK18. Time: 0
rl-uam-framework-vertisim_service-1      | Applying action: [2, 1, 1, 0]
rl-uam-framework-vertisim_service-1      | Truncation: Aircraft 2 at MV_departure_fix is not in available the list: []. 
rl-uam-framework-vertisim_service-1      | Simulation Completed. Total time to run: 0.3 seconds
rl-uam-framework-rl_algorithm-1          | RL called reset
rl-uam-framework-vertisim_service-1      | Applying action: [1, 1, 2, 1]
rl-uam-framework-vertisim_service-1      | Reserved aircraft: 2 at MV_PARK18. Time: 0
rl-uam-framework-vertisim_service-1      | Charging truncation: Aircraft 0 at SFO will not charge. Initial soc: 100. Final soc level (102). At time 0.
rl-uam-framework-vertisim_service-1      | Simulation Completed. Total time to run: 0.28 seconds
rl-uam-framework-rl_algorithm-1          | RL called reset
rl-uam-framework-vertisim_service-1      | Applying action: [0, 2, 1, 0]
rl-uam-framework-vertisim_service-1      | Reserved aircraft: 1 at SFO_PARK17. Time: 0
rl-uam-framework-vertisim_service-1      | Charging truncation: Aircraft 2 at MV will not charge. Initial soc: 100. Final soc level (102). At time 0.
rl-uam-framework-vertisim_service-1      | Simulation Completed. Total time to run: 0.32 seconds
rl-uam-framework-rl_algorithm-1          | RL called reset
rl-uam-framework-vertisim_service-1      | Applying action: [1, 1, 0, 1]
rl-uam-framework-vertisim_service-1      | Charging truncation: Aircraft 0 at SFO will not charge. Initial soc: 100. Final soc level (102). At time 0.
rl-uam-framework-vertisim_service-1      | Simulation Completed. Total time to run: 0.33 seconds
rl-uam-framework-rl_algorithm-1          | RL called reset
rl-uam-framework-vertisim_service-1      | Applying action: [1, 2, 0, 1]
rl-uam-framework-vertisim_service-1      | Reserved aircraft: 1 at SFO_PARK17. Time: 0
rl-uam-framework-vertisim_service-1      | Charging truncation: Aircraft 0 at SFO will not charge. Initial soc: 100. Final soc level (102). At time 0.
rl-uam-framework-vertisim_service-1      | Simulation Completed. Total time to run: 0.28 seconds
rl-uam-framework-rl_algorithm-1          | RL called reset
rl-uam-framework-vertisim_service-1      | Applying action: [0, 0, 2, 0]
rl-uam-framework-vertisim_service-1      | Reserved aircraft: 2 at MV_PARK18. Time: 0
rl-uam-framework-vertisim_service-1      | Applying action: [0, 2, 0, 1]
rl-uam-framework-vertisim_service-1      | Reserved aircraft: 1 at SFO_PARK17. Time: 195518.0
rl-uam-framework-vertisim_service-1      | Charging truncation: Aircraft 3 at MV will not charge. Initial soc: 100. Final soc level (102). At time 195518.0.
rl-uam-framework-vertisim_service-1      | Simulation Completed. Total time to run: 0.3 seconds
rl-uam-framework-rl_algorithm-1          | RL called reset
rl-uam-framework-vertisim_service-1      | Applying action: [1, 0, 0, 2]
rl-uam-framework-vertisim_service-1      | Reserved aircraft: 3 at MV_PARK17. Time: 0
rl-uam-framework-vertisim_service-1      | Charging truncation: Aircraft 0 at SFO will not charge. Initial soc: 100. Final soc level (102). At time 0.
rl-uam-framework-vertisim_service-1      | Simulation Completed. Total time to run: 0.3 seconds
rl-uam-framework-rl_algorithm-1          | RL called reset
rl-uam-framework-vertisim_service-1      | Applying action: [1, 0, 2, 2]
rl-uam-framework-vertisim_service-1      | Reserved aircraft: 2 at MV_PARK18. Time: 0
rl-uam-framework-vertisim_service-1      | Reserved aircraft: 3 at MV_PARK17. Time: 0
rl-uam-framework-vertisim_service-1      | Charging truncation: Aircraft 0 at SFO will not charge. Initial soc: 100. Final soc level (102). At time 0.
rl-uam-framework-vertisim_service-1      | Simulation Completed. Total time to run: 0.28 seconds
rl-uam-framework-rl_algorithm-1          | RL called reset
rl-uam-framework-vertisim_service-1      | Applying action: [1, 0, 0, 1]
rl-uam-framework-vertisim_service-1      | Charging truncation: Aircraft 0 at SFO will not charge. Initial soc: 100. Final soc level (102). At time 0.
rl-uam-framework-vertisim_service-1      | Simulation Completed. Total time to run: 0.32 seconds
rl-uam-framework-rl_algorithm-1          | RL called reset
rl-uam-framework-vertisim_service-1      | Applying action: [0, 1, 1, 0]
rl-uam-framework-vertisim_service-1      | Charging truncation: Aircraft 1 at SFO will not charge. Initial soc: 100. Final soc level (102). At time 0.
rl-uam-framework-vertisim_service-1      | Simulation Completed. Total time to run: 0.48 seconds
rl-uam-framework-rl_algorithm-1          | RL called reset
rl-uam-framework-vertisim_service-1      | Applying action: [0, 0, 2, 2]
rl-uam-framework-vertisim_service-1      | Reserved aircraft: 2 at MV_PARK18. Time: 0
rl-uam-framework-vertisim_service-1      | Reserved aircraft: 3 at MV_PARK17. Time: 0
rl-uam-framework-vertisim_service-1      | Applying action: [1, 0, 1, 1]
rl-uam-framework-vertisim_service-1      | Truncation: Aircraft 2 at MV_departure_fix is not in available the list: [1]. 
rl-uam-framework-vertisim_service-1      | Simulation Completed. Total time to run: 0.32 seconds
rl-uam-framework-rl_algorithm-1          | RL called reset
rl-uam-framework-vertisim_service-1      | Applying action: [0, 1, 0, 1]
rl-uam-framework-vertisim_service-1      | Charging truncation: Aircraft 1 at SFO will not charge. Initial soc: 100. Final soc level (102). At time 0.
rl-uam-framework-vertisim_service-1      | Simulation Completed. Total time to run: 0.28 seconds
rl-uam-framework-rl_algorithm-1          | RL called reset
rl-uam-framework-vertisim_service-1      | Applying action: [2, 0, 2, 1]
rl-uam-framework-vertisim_service-1      | Reserved aircraft: 0 at SFO_PARK18. Time: 0
rl-uam-framework-vertisim_service-1      | Reserved aircraft: 2 at MV_PARK18. Time: 0
rl-uam-framework-vertisim_service-1      | Charging truncation: Aircraft 3 at MV will not charge. Initial soc: 100. Final soc level (102). At time 0.
rl-uam-framework-vertisim_service-1      | Simulation Completed. Total time to run: 0.34 seconds
rl-uam-framework-rl_algorithm-1          | RL called reset
rl-uam-framework-vertisim_service-1      | Applying action: [2, 1, 2, 1]
rl-uam-framework-vertisim_service-1      | Reserved aircraft: 0 at SFO_PARK18. Time: 0
rl-uam-framework-vertisim_service-1      | Reserved aircraft: 2 at MV_PARK18. Time: 0
rl-uam-framework-vertisim_service-1      | Charging truncation: Aircraft 1 at SFO will not charge. Initial soc: 100. Final soc level (102). At time 0.
rl-uam-framework-vertisim_service-1      | Simulation Completed. Total time to run: 0.31 seconds
rl-uam-framework-rl_algorithm-1          | RL called reset
rl-uam-framework-vertisim_service-1      | Applying action: [0, 0, 0, 1]
rl-uam-framework-vertisim_service-1      | Charging truncation: Aircraft 3 at MV will not charge. Initial soc: 100. Final soc level (102). At time 0.
rl-uam-framework-vertisim_service-1      | Simulation Completed. Total time to run: 0.29 seconds
rl-uam-framework-rl_algorithm-1          | RL called reset
rl-uam-framework-vertisim_service-1      | Applying action: [1, 2, 1, 1]
rl-uam-framework-vertisim_service-1      | Reserved aircraft: 1 at SFO_PARK17. Time: 0
rl-uam-framework-vertisim_service-1      | Charging truncation: Aircraft 0 at SFO will not charge. Initial soc: 100. Final soc level (102). At time 0.
rl-uam-framework-vertisim_service-1      | Simulation Completed. Total time to run: 0.29 seconds
rl-uam-framework-rl_algorithm-1          | RL called reset
rl-uam-framework-vertisim_service-1      | Applying action: [1, 2, 2, 1]
rl-uam-framework-vertisim_service-1      | Reserved aircraft: 1 at SFO_PARK17. Time: 0
rl-uam-framework-vertisim_service-1      | Reserved aircraft: 2 at MV_PARK18. Time: 0
rl-uam-framework-vertisim_service-1      | Charging truncation: Aircraft 0 at SFO will not charge. Initial soc: 100. Final soc level (102). At time 0.
rl-uam-framework-vertisim_service-1      | Simulation Completed. Total time to run: 0.29 seconds
rl-uam-framework-rl_algorithm-1          | RL called reset
rl-uam-framework-vertisim_service-1      | Applying action: [2, 1, 2, 1]
rl-uam-framework-vertisim_service-1      | Reserved aircraft: 0 at SFO_PARK18. Time: 0
rl-uam-framework-vertisim_service-1      | Reserved aircraft: 2 at MV_PARK18. Time: 0
rl-uam-framework-vertisim_service-1      | Charging truncation: Aircraft 1 at SFO will not charge. Initial soc: 100. Final soc level (102). At time 0.
rl-uam-framework-vertisim_service-1      | Simulation Completed. Total time to run: 0.34 seconds
rl-uam-framework-rl_algorithm-1          | RL called reset
rl-uam-framework-vertisim_service-1      | Applying action: [2, 2, 1, 2]
rl-uam-framework-vertisim_service-1      | Reserved aircraft: 0 at SFO_PARK18. Time: 0
rl-uam-framework-vertisim_service-1      | Reserved aircraft: 1 at SFO_PARK17. Time: 0
rl-uam-framework-vertisim_service-1      | Reserved aircraft: 3 at MV_PARK17. Time: 0
rl-uam-framework-vertisim_service-1      | Charging truncation: Aircraft 2 at MV will not charge. Initial soc: 100. Final soc level (102). At time 0.
rl-uam-framework-vertisim_service-1      | Simulation Completed. Total time to run: 0.33 seconds
rl-uam-framework-rl_algorithm-1          | RL called reset
rl-uam-framework-vertisim_service-1      | Applying action: [0, 0, 1, 2]
rl-uam-framework-vertisim_service-1      | Reserved aircraft: 3 at MV_PARK17. Time: 0
rl-uam-framework-vertisim_service-1      | Charging truncation: Aircraft 2 at MV will not charge. Initial soc: 100. Final soc level (102). At time 0.
rl-uam-framework-vertisim_service-1      | Simulation Completed. Total time to run: 0.5 seconds
rl-uam-framework-rl_algorithm-1          | RL called reset
rl-uam-framework-vertisim_service-1      | Applying action: [2, 0, 2, 1]
rl-uam-framework-vertisim_service-1      | Reserved aircraft: 0 at SFO_PARK18. Time: 0
rl-uam-framework-vertisim_service-1      | Reserved aircraft: 2 at MV_PARK18. Time: 0
rl-uam-framework-vertisim_service-1      | Charging truncation: Aircraft 3 at MV will not charge. Initial soc: 100. Final soc level (102). At time 0.
rl-uam-framework-vertisim_service-1      | Simulation Completed. Total time to run: 0.34 seconds
rl-uam-framework-rl_algorithm-1          | RL called reset
rl-uam-framework-vertisim_service-1      | Applying action: [1, 2, 0, 0]
rl-uam-framework-vertisim_service-1      | Reserved aircraft: 1 at SFO_PARK17. Time: 0
rl-uam-framework-vertisim_service-1      | Charging truncation: Aircraft 0 at SFO will not charge. Initial soc: 100. Final soc level (102). At time 0.
rl-uam-framework-vertisim_service-1      | Simulation Completed. Total time to run: 0.31 seconds
rl-uam-framework-rl_algorithm-1          | RL called reset
rl-uam-framework-vertisim_service-1      | Applying action: [2, 0, 1, 1]
rl-uam-framework-vertisim_service-1      | Reserved aircraft: 0 at SFO_PARK18. Time: 0
rl-uam-framework-vertisim_service-1      | Charging truncation: Aircraft 2 at MV will not charge. Initial soc: 100. Final soc level (102). At time 0.
rl-uam-framework-vertisim_service-1      | Simulation Completed. Total time to run: 0.31 seconds
rl-uam-framework-rl_algorithm-1          | RL called reset
rl-uam-framework-vertisim_service-1      | Applying action: [1, 0, 2, 0]
rl-uam-framework-vertisim_service-1      | Reserved aircraft: 2 at MV_PARK18. Time: 0
rl-uam-framework-vertisim_service-1      | Charging truncation: Aircraft 0 at SFO will not charge. Initial soc: 100. Final soc level (102). At time 0.
rl-uam-framework-vertisim_service-1      | Simulation Completed. Total time to run: 0.3 seconds
rl-uam-framework-rl_algorithm-1          | RL called reset
rl-uam-framework-vertisim_service-1      | Applying action: [1, 1, 0, 0]
rl-uam-framework-vertisim_service-1      | Charging truncation: Aircraft 0 at SFO will not charge. Initial soc: 100. Final soc level (102). At time 0.
rl-uam-framework-vertisim_service-1      | Simulation Completed. Total time to run: 0.31 seconds
rl-uam-framework-rl_algorithm-1          | RL called reset
rl-uam-framework-vertisim_service-1      | Applying action: [2, 1, 1, 1]
rl-uam-framework-vertisim_service-1      | Reserved aircraft: 0 at SFO_PARK18. Time: 0
rl-uam-framework-vertisim_service-1      | Charging truncation: Aircraft 1 at SFO will not charge. Initial soc: 100. Final soc level (102). At time 0.
rl-uam-framework-vertisim_service-1      | Simulation Completed. Total time to run: 0.3 seconds
rl-uam-framework-rl_algorithm-1          | RL called reset
rl-uam-framework-vertisim_service-1      | Applying action: [2, 0, 1, 0]
rl-uam-framework-vertisim_service-1      | Reserved aircraft: 0 at SFO_PARK18. Time: 0
rl-uam-framework-vertisim_service-1      | Charging truncation: Aircraft 2 at MV will not charge. Initial soc: 100. Final soc level (102). At time 0.
rl-uam-framework-vertisim_service-1      | Simulation Completed. Total time to run: 0.3 seconds
rl-uam-framework-rl_algorithm-1          | RL called reset
rl-uam-framework-vertisim_service-1      | Applying action: [0, 0, 1, 0]
rl-uam-framework-vertisim_service-1      | Charging truncation: Aircraft 2 at MV will not charge. Initial soc: 100. Final soc level (102). At time 0.
rl-uam-framework-vertisim_service-1      | Simulation Completed. Total time to run: 0.33 seconds
rl-uam-framework-rl_algorithm-1          | RL called reset
rl-uam-framework-vertisim_service-1      | Applying action: [2, 0, 2, 2]
rl-uam-framework-vertisim_service-1      | Reserved aircraft: 0 at SFO_PARK18. Time: 0
rl-uam-framework-vertisim_service-1      | Reserved aircraft: 2 at MV_PARK18. Time: 0
rl-uam-framework-vertisim_service-1      | Reserved aircraft: 3 at MV_PARK17. Time: 0
rl-uam-framework-vertisim_service-1      | Applying action: [1, 0, 2, 2]
rl-uam-framework-vertisim_service-1      | Truncation: Aircraft 0 at SFO_departure_fix is not in available the list: []. 
rl-uam-framework-vertisim_service-1      | Simulation Completed. Total time to run: 0.37 seconds
rl-uam-framework-rl_algorithm-1          | RL called reset
rl-uam-framework-vertisim_service-1      | Applying action: [1, 2, 2, 2]
rl-uam-framework-vertisim_service-1      | Reserved aircraft: 1 at SFO_PARK17. Time: 0
rl-uam-framework-vertisim_service-1      | Reserved aircraft: 2 at MV_PARK18. Time: 0
rl-uam-framework-vertisim_service-1      | Reserved aircraft: 3 at MV_PARK17. Time: 0
rl-uam-framework-vertisim_service-1      | Charging truncation: Aircraft 0 at SFO will not charge. Initial soc: 100. Final soc level (102). At time 0.
rl-uam-framework-vertisim_service-1      | Simulation Completed. Total time to run: 0.37 seconds
rl-uam-framework-rl_algorithm-1          | RL called reset
rl-uam-framework-vertisim_service-1      | Applying action: [1, 2, 2, 2]
rl-uam-framework-vertisim_service-1      | Reserved aircraft: 1 at SFO_PARK17. Time: 0
rl-uam-framework-vertisim_service-1      | Reserved aircraft: 2 at MV_PARK18. Time: 0
rl-uam-framework-vertisim_service-1      | Reserved aircraft: 3 at MV_PARK17. Time: 0
rl-uam-framework-vertisim_service-1      | Charging truncation: Aircraft 0 at SFO will not charge. Initial soc: 100. Final soc level (102). At time 0.
rl-uam-framework-vertisim_service-1      | Simulation Completed. Total time to run: 0.32 seconds
rl-uam-framework-rl_algorithm-1          | RL called reset
rl-uam-framework-vertisim_service-1      | Applying action: [2, 0, 2, 0]
rl-uam-framework-vertisim_service-1      | Reserved aircraft: 0 at SFO_PARK18. Time: 0
rl-uam-framework-vertisim_service-1      | Reserved aircraft: 2 at MV_PARK18. Time: 0
rl-uam-framework-vertisim_service-1      | Applying action: [2, 2, 0, 0]
rl-uam-framework-vertisim_service-1      | Applying truncation. Aircraft 0 is not idling at the vertiport MV. Aircraft location: SFO_departure_fix. Status: AircraftStatus.FLY. Current time: 195518.0
rl-uam-framework-vertisim_service-1      | Simulation Completed. Total time to run: 0.42 seconds
rl-uam-framework-rl_algorithm-1          | RL called reset
rl-uam-framework-vertisim_service-1      | Applying action: [1, 1, 1, 2]
rl-uam-framework-vertisim_service-1      | Reserved aircraft: 3 at MV_PARK17. Time: 0
rl-uam-framework-vertisim_service-1      | Charging truncation: Aircraft 0 at SFO will not charge. Initial soc: 100. Final soc level (102). At time 0.
rl-uam-framework-vertisim_service-1      | Simulation Completed. Total time to run: 0.54 seconds
rl-uam-framework-rl_algorithm-1          | RL called reset
rl-uam-framework-vertisim_service-1      | Applying action: [0, 1, 1, 0]
rl-uam-framework-vertisim_service-1      | Charging truncation: Aircraft 1 at SFO will not charge. Initial soc: 100. Final soc level (102). At time 0.
rl-uam-framework-vertisim_service-1      | Simulation Completed. Total time to run: 0.29 seconds
rl-uam-framework-rl_algorithm-1          | RL called reset
rl-uam-framework-vertisim_service-1      | Applying action: [0, 1, 2, 0]
rl-uam-framework-vertisim_service-1      | Reserved aircraft: 2 at MV_PARK18. Time: 0
rl-uam-framework-vertisim_service-1      | Charging truncation: Aircraft 1 at SFO will not charge. Initial soc: 100. Final soc level (102). At time 0.
rl-uam-framework-vertisim_service-1      | Simulation Completed. Total time to run: 0.3 seconds
rl-uam-framework-rl_algorithm-1          | RL called reset
rl-uam-framework-vertisim_service-1      | Applying action: [0, 0, 1, 1]
rl-uam-framework-vertisim_service-1      | Charging truncation: Aircraft 2 at MV will not charge. Initial soc: 100. Final soc level (102). At time 0.
rl-uam-framework-vertisim_service-1      | Simulation Completed. Total time to run: 0.28 seconds
rl-uam-framework-rl_algorithm-1          | RL called reset
rl-uam-framework-vertisim_service-1      | Applying action: [0, 1, 0, 1]
rl-uam-framework-vertisim_service-1      | Charging truncation: Aircraft 1 at SFO will not charge. Initial soc: 100. Final soc level (102). At time 0.
rl-uam-framework-vertisim_service-1      | Simulation Completed. Total time to run: 0.3 seconds
rl-uam-framework-rl_algorithm-1          | RL called reset
rl-uam-framework-vertisim_service-1      | Applying action: [1, 2, 1, 2]
rl-uam-framework-vertisim_service-1      | Reserved aircraft: 1 at SFO_PARK17. Time: 0
rl-uam-framework-vertisim_service-1      | Reserved aircraft: 3 at MV_PARK17. Time: 0
rl-uam-framework-vertisim_service-1      | Charging truncation: Aircraft 0 at SFO will not charge. Initial soc: 100. Final soc level (102). At time 0.
rl-uam-framework-vertisim_service-1      | Simulation Completed. Total time to run: 0.29 seconds
rl-uam-framework-rl_algorithm-1          | RL called reset
rl-uam-framework-vertisim_service-1      | Applying action: [0, 2, 0, 2]
rl-uam-framework-vertisim_service-1      | Reserved aircraft: 1 at SFO_PARK17. Time: 0
rl-uam-framework-vertisim_service-1      | Reserved aircraft: 3 at MV_PARK17. Time: 0
rl-uam-framework-vertisim_service-1      | Applying action: [0, 1, 2, 2]
rl-uam-framework-vertisim_service-1      | Truncation: Aircraft 1 at SFO_departure_fix is not in available the list: [2]. 
rl-uam-framework-vertisim_service-1      | Simulation Completed. Total time to run: 0.3 seconds
rl-uam-framework-rl_algorithm-1          | RL called reset
rl-uam-framework-vertisim_service-1      | Applying action: [0, 2, 1, 1]
rl-uam-framework-vertisim_service-1      | Reserved aircraft: 1 at SFO_PARK17. Time: 0
rl-uam-framework-vertisim_service-1      | Charging truncation: Aircraft 2 at MV will not charge. Initial soc: 100. Final soc level (102). At time 0.
rl-uam-framework-vertisim_service-1      | Simulation Completed. Total time to run: 0.29 seconds
rl-uam-framework-rl_algorithm-1          | RL called reset
rl-uam-framework-vertisim_service-1      | Applying action: [0, 0, 0, 0]
rl-uam-framework-vertisim_service-1      | Passenger 2 entered the waiting room at MV. Currently waiting passengers: [0, 1, 2]. Time (sec): 1117
rl-uam-framework-vertisim_service-1      | Applying action: [1, 1, 1, 0]
rl-uam-framework-vertisim_service-1      | Charging truncation: Aircraft 0 at SFO will not charge. Initial soc: 100. Final soc level (102). At time 1116916.25.
rl-uam-framework-vertisim_service-1      | Simulation Completed. Total time to run: 0.3 seconds
rl-uam-framework-rl_algorithm-1          | RL called reset
rl-uam-framework-vertisim_service-1      | Applying action: [1, 1, 0, 2]
rl-uam-framework-vertisim_service-1      | Reserved aircraft: 3 at MV_PARK17. Time: 0
rl-uam-framework-vertisim_service-1      | Charging truncation: Aircraft 0 at SFO will not charge. Initial soc: 100. Final soc level (102). At time 0.
rl-uam-framework-vertisim_service-1      | Simulation Completed. Total time to run: 0.29 seconds
rl-uam-framework-rl_algorithm-1          | RL called reset
rl-uam-framework-vertisim_service-1      | Applying action: [1, 0, 2, 1]
rl-uam-framework-vertisim_service-1      | Reserved aircraft: 2 at MV_PARK18. Time: 0
rl-uam-framework-vertisim_service-1      | Charging truncation: Aircraft 0 at SFO will not charge. Initial soc: 100. Final soc level (102). At time 0.
rl-uam-framework-vertisim_service-1      | Simulation Completed. Total time to run: 0.35 seconds
rl-uam-framework-rl_algorithm-1          | RL called reset
rl-uam-framework-vertisim_service-1      | Applying action: [2, 2, 1, 0]
rl-uam-framework-vertisim_service-1      | Reserved aircraft: 0 at SFO_PARK18. Time: 0
rl-uam-framework-vertisim_service-1      | Reserved aircraft: 1 at SFO_PARK17. Time: 0
rl-uam-framework-vertisim_service-1      | Charging truncation: Aircraft 2 at MV will not charge. Initial soc: 100. Final soc level (102). At time 0.
rl-uam-framework-vertisim_service-1      | Simulation Completed. Total time to run: 0.29 seconds
rl-uam-framework-rl_algorithm-1          | RL called reset
rl-uam-framework-vertisim_service-1      | Applying action: [0, 0, 0, 2]
rl-uam-framework-vertisim_service-1      | Reserved aircraft: 3 at MV_PARK17. Time: 0
rl-uam-framework-vertisim_service-1      | Applying action: [0, 0, 1, 2]
rl-uam-framework-vertisim_service-1      | Applying truncation. Aircraft 3 is not idling at the vertiport SFO. Aircraft location: MV_departure_fix. Status: AircraftStatus.FLY. Current time: 195518.0
rl-uam-framework-vertisim_service-1      | Simulation Completed. Total time to run: 0.29 seconds
rl-uam-framework-rl_algorithm-1          | RL called reset
rl-uam-framework-vertisim_service-1      | Applying action: [0, 1, 1, 1]
rl-uam-framework-vertisim_service-1      | Charging truncation: Aircraft 1 at SFO will not charge. Initial soc: 100. Final soc level (102). At time 0.
rl-uam-framework-vertisim_service-1      | Simulation Completed. Total time to run: 0.29 seconds
rl-uam-framework-rl_algorithm-1          | RL called reset
rl-uam-framework-vertisim_service-1      | Applying action: [1, 2, 0, 0]
rl-uam-framework-vertisim_service-1      | Reserved aircraft: 1 at SFO_PARK17. Time: 0
rl-uam-framework-vertisim_service-1      | Charging truncation: Aircraft 0 at SFO will not charge. Initial soc: 100. Final soc level (102). At time 0.
rl-uam-framework-vertisim_service-1      | Simulation Completed. Total time to run: 0.51 seconds
rl-uam-framework-rl_algorithm-1          | RL called reset
rl-uam-framework-vertisim_service-1      | Applying action: [2, 1, 0, 1]
rl-uam-framework-vertisim_service-1      | Reserved aircraft: 0 at SFO_PARK18. Time: 0
rl-uam-framework-vertisim_service-1      | Charging truncation: Aircraft 1 at SFO will not charge. Initial soc: 100. Final soc level (102). At time 0.
rl-uam-framework-vertisim_service-1      | Simulation Completed. Total time to run: 0.3 seconds
rl-uam-framework-rl_algorithm-1          | RL called reset
rl-uam-framework-vertisim_service-1      | Applying action: [0, 2, 2, 0]
rl-uam-framework-vertisim_service-1      | Reserved aircraft: 1 at SFO_PARK17. Time: 0
rl-uam-framework-vertisim_service-1      | Reserved aircraft: 2 at MV_PARK18. Time: 0
rl-uam-framework-vertisim_service-1      | Applying action: [1, 1, 2, 0]
rl-uam-framework-vertisim_service-1      | Truncation: Aircraft 1 at SFO_departure_fix is not in available the list: [3]. 
rl-uam-framework-vertisim_service-1      | Simulation Completed. Total time to run: 0.32 seconds
rl-uam-framework-rl_algorithm-1          | RL called reset
rl-uam-framework-vertisim_service-1      | Applying action: [1, 0, 1, 0]
rl-uam-framework-vertisim_service-1      | Charging truncation: Aircraft 0 at SFO will not charge. Initial soc: 100. Final soc level (102). At time 0.
rl-uam-framework-vertisim_service-1      | Simulation Completed. Total time to run: 0.3 seconds
rl-uam-framework-rl_algorithm-1          | RL called reset
rl-uam-framework-vertisim_service-1      | Applying action: [1, 1, 2, 2]
rl-uam-framework-vertisim_service-1      | Reserved aircraft: 2 at MV_PARK18. Time: 0
rl-uam-framework-vertisim_service-1      | Reserved aircraft: 3 at MV_PARK17. Time: 0
rl-uam-framework-vertisim_service-1      | Charging truncation: Aircraft 0 at SFO will not charge. Initial soc: 100. Final soc level (102). At time 0.
rl-uam-framework-vertisim_service-1      | Simulation Completed. Total time to run: 0.29 seconds
rl-uam-framework-rl_algorithm-1          | RL called reset
rl-uam-framework-vertisim_service-1      | Applying action: [0, 1, 1, 1]
rl-uam-framework-vertisim_service-1      | Charging truncation: Aircraft 1 at SFO will not charge. Initial soc: 100. Final soc level (102). At time 0.
rl-uam-framework-vertisim_service-1      | Simulation Completed. Total time to run: 0.3 seconds
rl-uam-framework-rl_algorithm-1          | RL called reset
rl-uam-framework-vertisim_service-1      | Applying action: [1, 1, 1, 1]
rl-uam-framework-vertisim_service-1      | Charging truncation: Aircraft 0 at SFO will not charge. Initial soc: 100. Final soc level (102). At time 0.
rl-uam-framework-vertisim_service-1      | Simulation Completed. Total time to run: 0.28 seconds
rl-uam-framework-rl_algorithm-1          | RL called reset
rl-uam-framework-vertisim_service-1      | Applying action: [1, 0, 2, 1]
rl-uam-framework-vertisim_service-1      | Reserved aircraft: 2 at MV_PARK18. Time: 0
rl-uam-framework-vertisim_service-1      | Charging truncation: Aircraft 0 at SFO will not charge. Initial soc: 100. Final soc level (102). At time 0.
rl-uam-framework-vertisim_service-1      | Simulation Completed. Total time to run: 0.3 seconds
rl-uam-framework-rl_algorithm-1          | RL called reset
rl-uam-framework-vertisim_service-1      | Applying action: [0, 1, 0, 2]
rl-uam-framework-vertisim_service-1      | Reserved aircraft: 3 at MV_PARK17. Time: 0
rl-uam-framework-vertisim_service-1      | Charging truncation: Aircraft 1 at SFO will not charge. Initial soc: 100. Final soc level (102). At time 0.
rl-uam-framework-vertisim_service-1      | Simulation Completed. Total time to run: 0.31 seconds
rl-uam-framework-rl_algorithm-1          | RL called reset
rl-uam-framework-vertisim_service-1      | Applying action: [2, 0, 2, 1]
rl-uam-framework-vertisim_service-1      | Reserved aircraft: 0 at SFO_PARK18. Time: 0
rl-uam-framework-vertisim_service-1      | Reserved aircraft: 2 at MV_PARK18. Time: 0
rl-uam-framework-vertisim_service-1      | Charging truncation: Aircraft 3 at MV will not charge. Initial soc: 100. Final soc level (102). At time 0.
rl-uam-framework-vertisim_service-1      | Simulation Completed. Total time to run: 0.29 seconds
rl-uam-framework-rl_algorithm-1          | RL called reset
rl-uam-framework-vertisim_service-1      | Applying action: [0, 0, 1, 0]
rl-uam-framework-vertisim_service-1      | Charging truncation: Aircraft 2 at MV will not charge. Initial soc: 100. Final soc level (102). At time 0.
rl-uam-framework-vertisim_service-1      | Simulation Completed. Total time to run: 0.28 seconds
rl-uam-framework-rl_algorithm-1          | RL called reset
rl-uam-framework-vertisim_service-1      | Applying action: [2, 2, 1, 1]
rl-uam-framework-vertisim_service-1      | Reserved aircraft: 0 at SFO_PARK18. Time: 0
rl-uam-framework-vertisim_service-1      | Reserved aircraft: 1 at SFO_PARK17. Time: 0
rl-uam-framework-vertisim_service-1      | Charging truncation: Aircraft 2 at MV will not charge. Initial soc: 100. Final soc level (102). At time 0.
rl-uam-framework-vertisim_service-1      | Simulation Completed. Total time to run: 0.28 seconds
rl-uam-framework-rl_algorithm-1          | RL called reset
rl-uam-framework-vertisim_service-1      | Applying action: [1, 2, 2, 0]
rl-uam-framework-vertisim_service-1      | Reserved aircraft: 1 at SFO_PARK17. Time: 0
rl-uam-framework-vertisim_service-1      | Reserved aircraft: 2 at MV_PARK18. Time: 0
rl-uam-framework-vertisim_service-1      | Charging truncation: Aircraft 0 at SFO will not charge. Initial soc: 100. Final soc level (102). At time 0.
rl-uam-framework-vertisim_service-1      | Simulation Completed. Total time to run: 0.32 seconds
rl-uam-framework-rl_algorithm-1          | RL called reset
rl-uam-framework-vertisim_service-1      | Applying action: [0, 2, 1, 2]
rl-uam-framework-vertisim_service-1      | Reserved aircraft: 1 at SFO_PARK17. Time: 0
rl-uam-framework-vertisim_service-1      | Reserved aircraft: 3 at MV_PARK17. Time: 0
rl-uam-framework-vertisim_service-1      | Charging truncation: Aircraft 2 at MV will not charge. Initial soc: 100. Final soc level (102). At time 0.
rl-uam-framework-vertisim_service-1      | Simulation Completed. Total time to run: 0.3 seconds
rl-uam-framework-rl_algorithm-1          | RL called reset
rl-uam-framework-vertisim_service-1      | Applying action: [0, 1, 0, 1]
rl-uam-framework-vertisim_service-1      | Charging truncation: Aircraft 1 at SFO will not charge. Initial soc: 100. Final soc level (102). At time 0.
rl-uam-framework-vertisim_service-1      | Simulation Completed. Total time to run: 0.55 seconds
rl-uam-framework-rl_algorithm-1          | RL called reset
rl-uam-framework-vertisim_service-1      | Applying action: [1, 0, 1, 2]
rl-uam-framework-vertisim_service-1      | Reserved aircraft: 3 at MV_PARK17. Time: 0
rl-uam-framework-vertisim_service-1      | Charging truncation: Aircraft 0 at SFO will not charge. Initial soc: 100. Final soc level (102). At time 0.
rl-uam-framework-vertisim_service-1      | Simulation Completed. Total time to run: 0.29 seconds
rl-uam-framework-rl_algorithm-1          | RL called reset
rl-uam-framework-vertisim_service-1      | Applying action: [1, 2, 0, 1]
rl-uam-framework-vertisim_service-1      | Reserved aircraft: 1 at SFO_PARK17. Time: 0
rl-uam-framework-vertisim_service-1      | Charging truncation: Aircraft 0 at SFO will not charge. Initial soc: 100. Final soc level (102). At time 0.
rl-uam-framework-vertisim_service-1      | Simulation Completed. Total time to run: 0.32 seconds
rl-uam-framework-rl_algorithm-1          | RL called reset
rl-uam-framework-vertisim_service-1      | Applying action: [0, 1, 1, 0]
rl-uam-framework-vertisim_service-1      | Charging truncation: Aircraft 1 at SFO will not charge. Initial soc: 100. Final soc level (102). At time 0.
rl-uam-framework-vertisim_service-1      | Simulation Completed. Total time to run: 0.3 seconds
rl-uam-framework-rl_algorithm-1          | RL called reset
rl-uam-framework-vertisim_service-1      | Applying action: [1, 1, 1, 2]
rl-uam-framework-vertisim_service-1      | Reserved aircraft: 3 at MV_PARK17. Time: 0
rl-uam-framework-vertisim_service-1      | Charging truncation: Aircraft 0 at SFO will not charge. Initial soc: 100. Final soc level (102). At time 0.
rl-uam-framework-vertisim_service-1      | Simulation Completed. Total time to run: 0.29 seconds
rl-uam-framework-rl_algorithm-1          | RL called reset
rl-uam-framework-vertisim_service-1      | Applying action: [1, 2, 1, 1]
rl-uam-framework-vertisim_service-1      | Reserved aircraft: 1 at SFO_PARK17. Time: 0
rl-uam-framework-vertisim_service-1      | Charging truncation: Aircraft 0 at SFO will not charge. Initial soc: 100. Final soc level (102). At time 0.
rl-uam-framework-vertisim_service-1      | Simulation Completed. Total time to run: 0.3 seconds
rl-uam-framework-rl_algorithm-1          | RL called reset
rl-uam-framework-vertisim_service-1      | Applying action: [0, 0, 0, 2]
rl-uam-framework-vertisim_service-1      | Reserved aircraft: 3 at MV_PARK17. Time: 0
rl-uam-framework-vertisim_service-1      | Applying action: [0, 0, 0, 0]
rl-uam-framework-vertisim_service-1      | Passenger 3 entered the waiting room at SFO. Currently waiting passengers: [1, 2, 3]. Time (sec): 378
rl-uam-framework-vertisim_service-1      | Applying action: [1, 0, 2, 1]
rl-uam-framework-vertisim_service-1      | Truncation: Aircraft 3 at MV_SFO_waypoint_3 is not in available the list: [1]. 
rl-uam-framework-vertisim_service-1      | Simulation Completed. Total time to run: 0.31 seconds
rl-uam-framework-rl_algorithm-1          | RL called reset
rl-uam-framework-vertisim_service-1      | Applying action: [2, 0, 0, 1]
rl-uam-framework-vertisim_service-1      | Reserved aircraft: 0 at SFO_PARK18. Time: 0
rl-uam-framework-vertisim_service-1      | Charging truncation: Aircraft 3 at MV will not charge. Initial soc: 100. Final soc level (102). At time 0.
rl-uam-framework-vertisim_service-1      | Simulation Completed. Total time to run: 0.3 seconds
rl-uam-framework-rl_algorithm-1          | RL called reset
rl-uam-framework-vertisim_service-1      | Applying action: [0, 0, 2, 1]
rl-uam-framework-vertisim_service-1      | Reserved aircraft: 2 at MV_PARK18. Time: 0
rl-uam-framework-vertisim_service-1      | Charging truncation: Aircraft 3 at MV will not charge. Initial soc: 100. Final soc level (102). At time 0.
rl-uam-framework-vertisim_service-1      | Simulation Completed. Total time to run: 0.27 seconds
rl-uam-framework-rl_algorithm-1          | RL called reset
rl-uam-framework-vertisim_service-1      | Applying action: [1, 1, 1, 0]
rl-uam-framework-vertisim_service-1      | Charging truncation: Aircraft 0 at SFO will not charge. Initial soc: 100. Final soc level (102). At time 0.
rl-uam-framework-vertisim_service-1      | Simulation Completed. Total time to run: 0.3 seconds
rl-uam-framework-rl_algorithm-1          | RL called reset
rl-uam-framework-vertisim_service-1      | Applying action: [2, 0, 0, 0]
rl-uam-framework-vertisim_service-1      | Reserved aircraft: 0 at SFO_PARK18. Time: 0
rl-uam-framework-vertisim_service-1      | Applying action: [0, 2, 1, 0]
rl-uam-framework-vertisim_service-1      | Reserved aircraft: 1 at SFO_PARK17. Time: 195518.0
rl-uam-framework-vertisim_service-1      | Charging truncation: Aircraft 2 at MV will not charge. Initial soc: 100. Final soc level (102). At time 195518.0.
rl-uam-framework-vertisim_service-1      | Simulation Completed. Total time to run: 0.31 seconds
rl-uam-framework-rl_algorithm-1          | RL called reset
rl-uam-framework-vertisim_service-1      | Applying action: [0, 1, 2, 2]
rl-uam-framework-vertisim_service-1      | Reserved aircraft: 2 at MV_PARK18. Time: 0
rl-uam-framework-vertisim_service-1      | Reserved aircraft: 3 at MV_PARK17. Time: 0
rl-uam-framework-vertisim_service-1      | Charging truncation: Aircraft 1 at SFO will not charge. Initial soc: 100. Final soc level (102). At time 0.
rl-uam-framework-vertisim_service-1      | Simulation Completed. Total time to run: 0.3 seconds
rl-uam-framework-rl_algorithm-1          | RL called reset
rl-uam-framework-vertisim_service-1      | Applying action: [1, 0, 1, 0]
rl-uam-framework-vertisim_service-1      | Charging truncation: Aircraft 0 at SFO will not charge. Initial soc: 100. Final soc level (102). At time 0.
rl-uam-framework-vertisim_service-1      | Simulation Completed. Total time to run: 0.29 seconds
rl-uam-framework-rl_algorithm-1          | RL called reset
rl-uam-framework-vertisim_service-1      | Applying action: [2, 0, 0, 2]
rl-uam-framework-vertisim_service-1      | Reserved aircraft: 0 at SFO_PARK18. Time: 0
rl-uam-framework-vertisim_service-1      | Reserved aircraft: 3 at MV_PARK17. Time: 0
rl-uam-framework-vertisim_service-1      | Applying action: [0, 0, 0, 0]
rl-uam-framework-vertisim_service-1      | Applying action: [0, 0, 1, 1]
rl-uam-framework-vertisim_service-1      | Truncation: Aircraft 3 at MV_departure_fix is not in available the list: [1]. 
rl-uam-framework-vertisim_service-1      | Simulation Completed. Total time to run: 0.39 seconds
rl-uam-framework-rl_algorithm-1          | RL called reset
rl-uam-framework-vertisim_service-1      | Applying action: [2, 1, 0, 2]
rl-uam-framework-vertisim_service-1      | Reserved aircraft: 0 at SFO_PARK18. Time: 0
rl-uam-framework-vertisim_service-1      | Reserved aircraft: 3 at MV_PARK17. Time: 0
rl-uam-framework-vertisim_service-1      | Charging truncation: Aircraft 1 at SFO will not charge. Initial soc: 100. Final soc level (102). At time 0.
rl-uam-framework-vertisim_service-1      | Simulation Completed. Total time to run: 0.29 seconds
rl-uam-framework-rl_algorithm-1          | RL called reset
rl-uam-framework-vertisim_service-1      | Applying action: [2, 2, 1, 0]
rl-uam-framework-vertisim_service-1      | Reserved aircraft: 0 at SFO_PARK18. Time: 0
rl-uam-framework-vertisim_service-1      | Reserved aircraft: 1 at SFO_PARK17. Time: 0
rl-uam-framework-vertisim_service-1      | Charging truncation: Aircraft 2 at MV will not charge. Initial soc: 100. Final soc level (102). At time 0.
rl-uam-framework-vertisim_service-1      | Simulation Completed. Total time to run: 0.4 seconds
rl-uam-framework-rl_algorithm-1          | RL called reset
rl-uam-framework-vertisim_service-1      | Applying action: [1, 0, 1, 1]
rl-uam-framework-vertisim_service-1      | Charging truncation: Aircraft 0 at SFO will not charge. Initial soc: 100. Final soc level (102). At time 0.
rl-uam-framework-vertisim_service-1      | Simulation Completed. Total time to run: 0.61 seconds
rl-uam-framework-rl_algorithm-1          | RL called reset
rl-uam-framework-vertisim_service-1      | Applying action: [0, 0, 1, 1]
rl-uam-framework-vertisim_service-1      | Charging truncation: Aircraft 2 at MV will not charge. Initial soc: 100. Final soc level (102). At time 0.
rl-uam-framework-vertisim_service-1      | Simulation Completed. Total time to run: 0.37 seconds
rl-uam-framework-rl_algorithm-1          | RL called reset
rl-uam-framework-vertisim_service-1      | Applying action: [0, 2, 2, 1]
rl-uam-framework-vertisim_service-1      | Reserved aircraft: 1 at SFO_PARK17. Time: 0
rl-uam-framework-vertisim_service-1      | Reserved aircraft: 2 at MV_PARK18. Time: 0
rl-uam-framework-vertisim_service-1      | Charging truncation: Aircraft 3 at MV will not charge. Initial soc: 100. Final soc level (102). At time 0.
rl-uam-framework-vertisim_service-1      | Simulation Completed. Total time to run: 0.31 seconds
rl-uam-framework-rl_algorithm-1          | RL called reset
rl-uam-framework-vertisim_service-1      | Applying action: [1, 1, 0, 2]
rl-uam-framework-vertisim_service-1      | Reserved aircraft: 3 at MV_PARK17. Time: 0
rl-uam-framework-vertisim_service-1      | Charging truncation: Aircraft 0 at SFO will not charge. Initial soc: 100. Final soc level (102). At time 0.
rl-uam-framework-vertisim_service-1      | Simulation Completed. Total time to run: 0.35 seconds
rl-uam-framework-rl_algorithm-1          | RL called reset
rl-uam-framework-vertisim_service-1      | Applying action: [1, 2, 1, 2]
rl-uam-framework-vertisim_service-1      | Reserved aircraft: 1 at SFO_PARK17. Time: 0
rl-uam-framework-vertisim_service-1      | Reserved aircraft: 3 at MV_PARK17. Time: 0
rl-uam-framework-vertisim_service-1      | Charging truncation: Aircraft 0 at SFO will not charge. Initial soc: 100. Final soc level (102). At time 0.
rl-uam-framework-vertisim_service-1      | Simulation Completed. Total time to run: 0.34 seconds
rl-uam-framework-rl_algorithm-1          | RL called reset
rl-uam-framework-vertisim_service-1      | Applying action: [0, 1, 0, 1]
rl-uam-framework-vertisim_service-1      | Charging truncation: Aircraft 1 at SFO will not charge. Initial soc: 100. Final soc level (102). At time 0.
rl-uam-framework-vertisim_service-1      | Simulation Completed. Total time to run: 0.32 seconds
rl-uam-framework-rl_algorithm-1          | RL called reset
rl-uam-framework-vertisim_service-1      | Applying action: [2, 1, 0, 1]
rl-uam-framework-vertisim_service-1      | Reserved aircraft: 0 at SFO_PARK18. Time: 0
rl-uam-framework-vertisim_service-1      | Charging truncation: Aircraft 1 at SFO will not charge. Initial soc: 100. Final soc level (102). At time 0.
rl-uam-framework-vertisim_service-1      | Simulation Completed. Total time to run: 0.34 seconds
rl-uam-framework-rl_algorithm-1          | RL called reset
rl-uam-framework-vertisim_service-1      | Applying action: [2, 0, 1, 2]
rl-uam-framework-vertisim_service-1      | Reserved aircraft: 0 at SFO_PARK18. Time: 0
rl-uam-framework-vertisim_service-1      | Reserved aircraft: 3 at MV_PARK17. Time: 0
rl-uam-framework-vertisim_service-1      | Charging truncation: Aircraft 2 at MV will not charge. Initial soc: 100. Final soc level (102). At time 0.
rl-uam-framework-vertisim_service-1      | Simulation Completed. Total time to run: 0.32 seconds
rl-uam-framework-rl_algorithm-1          | RL called reset
rl-uam-framework-vertisim_service-1      | Applying action: [0, 0, 0, 0]
rl-uam-framework-vertisim_service-1      | Passenger 2 entered the waiting room at SFO. Currently waiting passengers: [0, 1, 2]. Time (sec): 797
rl-uam-framework-vertisim_service-1      | Applying action: [2, 0, 1, 0]
rl-uam-framework-vertisim_service-1      | Reserved aircraft: 0 at SFO_PARK18. Time: 796969.23
rl-uam-framework-vertisim_service-1      | Charging truncation: Aircraft 2 at MV will not charge. Initial soc: 100. Final soc level (102). At time 796969.23.
rl-uam-framework-vertisim_service-1      | Simulation Completed. Total time to run: 0.39 seconds
rl-uam-framework-rl_algorithm-1          | RL called reset
rl-uam-framework-vertisim_service-1      | Applying action: [2, 0, 2, 0]
rl-uam-framework-vertisim_service-1      | Reserved aircraft: 0 at SFO_PARK18. Time: 0
rl-uam-framework-vertisim_service-1      | Reserved aircraft: 2 at MV_PARK18. Time: 0
rl-uam-framework-vertisim_service-1      | Passenger 2 entered the waiting room at MV. Currently waiting passengers: [0, 1, 2]. Time (sec): 195
rl-uam-framework-vertisim_service-1      | Applying action: [0, 0, 2, 1]
rl-uam-framework-vertisim_service-1      | Applying truncation. Aircraft 2 is not idling at the vertiport SFO. Aircraft location: MV_hover_fix. Status: AircraftStatus.FLY. Current time: 194810.9
rl-uam-framework-vertisim_service-1      | Simulation Completed. Total time to run: 0.47 seconds
rl-uam-framework-rl_algorithm-1          | RL called reset
rl-uam-framework-vertisim_service-1      | Applying action: [0, 0, 1, 2]
rl-uam-framework-vertisim_service-1      | Reserved aircraft: 3 at MV_PARK17. Time: 0
rl-uam-framework-vertisim_service-1      | Charging truncation: Aircraft 2 at MV will not charge. Initial soc: 100. Final soc level (102). At time 0.
rl-uam-framework-vertisim_service-1      | Simulation Completed. Total time to run: 0.36 seconds
rl-uam-framework-rl_algorithm-1          | RL called reset
rl-uam-framework-vertisim_service-1      | Applying action: [2, 2, 2, 1]
rl-uam-framework-vertisim_service-1      | Reserved aircraft: 0 at SFO_PARK18. Time: 0
rl-uam-framework-vertisim_service-1      | Reserved aircraft: 1 at SFO_PARK17. Time: 0
rl-uam-framework-vertisim_service-1      | Reserved aircraft: 2 at MV_PARK18. Time: 0
rl-uam-framework-vertisim_service-1      | Charging truncation: Aircraft 3 at MV will not charge. Initial soc: 100. Final soc level (102). At time 0.
rl-uam-framework-vertisim_service-1      | Simulation Completed. Total time to run: 0.3 seconds
rl-uam-framework-rl_algorithm-1          | RL called reset
rl-uam-framework-vertisim_service-1      | Applying action: [0, 2, 0, 0]
rl-uam-framework-vertisim_service-1      | Reserved aircraft: 1 at SFO_PARK17. Time: 0
rl-uam-framework-vertisim_service-1      | Applying action: [0, 1, 1, 1]
rl-uam-framework-vertisim_service-1      | Truncation: Aircraft 1 at SFO_departure_fix is not in available the list: [2, 3]. 
rl-uam-framework-vertisim_service-1      | Simulation Completed. Total time to run: 0.36 seconds
rl-uam-framework-rl_algorithm-1          | RL called reset
rl-uam-framework-vertisim_service-1      | Applying action: [1, 1, 1, 1]
rl-uam-framework-vertisim_service-1      | Charging truncation: Aircraft 0 at SFO will not charge. Initial soc: 100. Final soc level (102). At time 0.
rl-uam-framework-vertisim_service-1      | Simulation Completed. Total time to run: 0.31 seconds
rl-uam-framework-rl_algorithm-1          | RL called reset
rl-uam-framework-vertisim_service-1      | Applying action: [1, 1, 0, 1]
rl-uam-framework-vertisim_service-1      | Charging truncation: Aircraft 0 at SFO will not charge. Initial soc: 100. Final soc level (102). At time 0.
rl-uam-framework-vertisim_service-1      | Simulation Completed. Total time to run: 0.34 seconds
rl-uam-framework-rl_algorithm-1          | RL called reset
rl-uam-framework-vertisim_service-1      | Applying action: [1, 0, 0, 0]
rl-uam-framework-vertisim_service-1      | Charging truncation: Aircraft 0 at SFO will not charge. Initial soc: 100. Final soc level (102). At time 0.
rl-uam-framework-vertisim_service-1      | Simulation Completed. Total time to run: 0.31 seconds
rl-uam-framework-rl_algorithm-1          | RL called reset
rl-uam-framework-vertisim_service-1      | Applying action: [1, 0, 0, 2]
rl-uam-framework-vertisim_service-1      | Reserved aircraft: 3 at MV_PARK17. Time: 0
rl-uam-framework-vertisim_service-1      | Charging truncation: Aircraft 0 at SFO will not charge. Initial soc: 100. Final soc level (102). At time 0.
rl-uam-framework-vertisim_service-1      | Simulation Completed. Total time to run: 0.47 seconds
rl-uam-framework-rl_algorithm-1          | RL called reset
rl-uam-framework-vertisim_service-1      | Applying action: [1, 0, 0, 1]
rl-uam-framework-vertisim_service-1      | Charging truncation: Aircraft 0 at SFO will not charge. Initial soc: 100. Final soc level (102). At time 0.
rl-uam-framework-vertisim_service-1      | Simulation Completed. Total time to run: 0.69 seconds
rl-uam-framework-rl_algorithm-1          | RL called reset
rl-uam-framework-vertisim_service-1      | Applying action: [1, 0, 1, 0]
rl-uam-framework-vertisim_service-1      | Charging truncation: Aircraft 0 at SFO will not charge. Initial soc: 100. Final soc level (102). At time 0.
rl-uam-framework-vertisim_service-1      | Simulation Completed. Total time to run: 0.33 seconds
rl-uam-framework-rl_algorithm-1          | RL called reset
rl-uam-framework-vertisim_service-1      | Applying action: [1, 2, 2, 0]
rl-uam-framework-vertisim_service-1      | Reserved aircraft: 1 at SFO_PARK17. Time: 0
rl-uam-framework-vertisim_service-1      | Reserved aircraft: 2 at MV_PARK18. Time: 0
rl-uam-framework-vertisim_service-1      | Charging truncation: Aircraft 0 at SFO will not charge. Initial soc: 100. Final soc level (102). At time 0.
rl-uam-framework-vertisim_service-1      | Simulation Completed. Total time to run: 0.3 seconds
rl-uam-framework-rl_algorithm-1          | RL called reset
rl-uam-framework-vertisim_service-1      | Applying action: [1, 0, 1, 2]
rl-uam-framework-vertisim_service-1      | Reserved aircraft: 3 at MV_PARK17. Time: 0
rl-uam-framework-vertisim_service-1      | Charging truncation: Aircraft 0 at SFO will not charge. Initial soc: 100. Final soc level (102). At time 0.
rl-uam-framework-vertisim_service-1      | Simulation Completed. Total time to run: 0.31 seconds
rl-uam-framework-rl_algorithm-1          | RL called reset
rl-uam-framework-vertisim_service-1      | Applying action: [0, 0, 1, 0]
rl-uam-framework-vertisim_service-1      | Charging truncation: Aircraft 2 at MV will not charge. Initial soc: 100. Final soc level (102). At time 0.
rl-uam-framework-vertisim_service-1      | Simulation Completed. Total time to run: 0.29 seconds
rl-uam-framework-rl_algorithm-1          | RL called reset
rl-uam-framework-vertisim_service-1      | Applying action: [1, 0, 1, 1]
rl-uam-framework-vertisim_service-1      | Charging truncation: Aircraft 0 at SFO will not charge. Initial soc: 100. Final soc level (102). At time 0.
rl-uam-framework-vertisim_service-1      | Simulation Completed. Total time to run: 0.33 seconds
rl-uam-framework-rl_algorithm-1          | RL called reset
rl-uam-framework-vertisim_service-1      | Applying action: [0, 2, 2, 2]
rl-uam-framework-vertisim_service-1      | Reserved aircraft: 1 at SFO_PARK17. Time: 0
rl-uam-framework-vertisim_service-1      | Reserved aircraft: 2 at MV_PARK18. Time: 0
rl-uam-framework-vertisim_service-1      | Reserved aircraft: 3 at MV_PARK17. Time: 0
rl-uam-framework-vertisim_service-1      | Applying action: [2, 0, 1, 2]
rl-uam-framework-vertisim_service-1      | Truncation: Aircraft 2 at MV_departure_fix is not in available the list: []. 
rl-uam-framework-vertisim_service-1      | Simulation Completed. Total time to run: 0.37 seconds
rl-uam-framework-rl_algorithm-1          | RL called reset
rl-uam-framework-vertisim_service-1      | Applying action: [1, 2, 2, 1]
rl-uam-framework-vertisim_service-1      | Reserved aircraft: 1 at SFO_PARK17. Time: 0
rl-uam-framework-vertisim_service-1      | Reserved aircraft: 2 at MV_PARK18. Time: 0
rl-uam-framework-vertisim_service-1      | Charging truncation: Aircraft 0 at SFO will not charge. Initial soc: 100. Final soc level (102). At time 0.
rl-uam-framework-vertisim_service-1      | Simulation Completed. Total time to run: 0.39 seconds
rl-uam-framework-rl_algorithm-1          | RL called reset
rl-uam-framework-vertisim_service-1      | Applying action: [1, 2, 0, 1]
rl-uam-framework-vertisim_service-1      | Reserved aircraft: 1 at SFO_PARK17. Time: 0
rl-uam-framework-vertisim_service-1      | Charging truncation: Aircraft 0 at SFO will not charge. Initial soc: 100. Final soc level (102). At time 0.
rl-uam-framework-vertisim_service-1      | Simulation Completed. Total time to run: 0.3 seconds
rl-uam-framework-rl_algorithm-1          | RL called reset
rl-uam-framework-vertisim_service-1      | Applying action: [2, 0, 0, 2]
rl-uam-framework-vertisim_service-1      | Reserved aircraft: 0 at SFO_PARK18. Time: 0
rl-uam-framework-vertisim_service-1      | Reserved aircraft: 3 at MV_PARK17. Time: 0
rl-uam-framework-vertisim_service-1      | Applying action: [1, 2, 1, 2]
rl-uam-framework-vertisim_service-1      | Truncation: Aircraft 0 at SFO_departure_fix is not in available the list: [2]. 
rl-uam-framework-vertisim_service-1      | Simulation Completed. Total time to run: 0.33 seconds
rl-uam-framework-rl_algorithm-1          | RL called reset
rl-uam-framework-vertisim_service-1      | Applying action: [1, 0, 0, 1]
rl-uam-framework-vertisim_service-1      | Charging truncation: Aircraft 0 at SFO will not charge. Initial soc: 100. Final soc level (102). At time 0.
rl-uam-framework-vertisim_service-1      | Simulation Completed. Total time to run: 0.3 seconds
rl-uam-framework-rl_algorithm-1          | RL called reset
rl-uam-framework-vertisim_service-1      | Applying action: [1, 2, 1, 1]
rl-uam-framework-vertisim_service-1      | Reserved aircraft: 1 at SFO_PARK17. Time: 0
rl-uam-framework-vertisim_service-1      | Charging truncation: Aircraft 0 at SFO will not charge. Initial soc: 100. Final soc level (102). At time 0.
rl-uam-framework-vertisim_service-1      | Simulation Completed. Total time to run: 0.29 seconds
rl-uam-framework-rl_algorithm-1          | RL called reset
rl-uam-framework-vertisim_service-1      | Applying action: [0, 2, 0, 2]
rl-uam-framework-vertisim_service-1      | Reserved aircraft: 1 at SFO_PARK17. Time: 0
rl-uam-framework-vertisim_service-1      | Reserved aircraft: 3 at MV_PARK17. Time: 0
rl-uam-framework-vertisim_service-1      | Passenger 2 entered the waiting room at SFO. Currently waiting passengers: [0, 1, 2]. Time (sec): 43
rl-uam-framework-vertisim_service-1      | Applying action: [1, 2, 0, 0]
rl-uam-framework-vertisim_service-1      | Applying truncation. Aircraft 1 is not idling at the vertiport MV. Aircraft location: SFO_PARK17. Status: AircraftStatus.FLY. Current time: 42594.95
rl-uam-framework-vertisim_service-1      | Simulation Completed. Total time to run: 0.3 seconds
rl-uam-framework-rl_algorithm-1          | RL called reset
rl-uam-framework-vertisim_service-1      | Applying action: [0, 0, 0, 1]
rl-uam-framework-vertisim_service-1      | Charging truncation: Aircraft 3 at MV will not charge. Initial soc: 100. Final soc level (102). At time 0.
rl-uam-framework-vertisim_service-1      | Simulation Completed. Total time to run: 0.31 seconds
rl-uam-framework-rl_algorithm-1          | RL called reset
rl-uam-framework-vertisim_service-1      | Applying action: [0, 0, 0, 1]
rl-uam-framework-vertisim_service-1      | Charging truncation: Aircraft 3 at MV will not charge. Initial soc: 100. Final soc level (102). At time 0.
rl-uam-framework-vertisim_service-1      | Simulation Completed. Total time to run: 0.3 seconds
rl-uam-framework-rl_algorithm-1          | RL called reset
rl-uam-framework-vertisim_service-1      | Applying action: [1, 2, 2, 1]
rl-uam-framework-vertisim_service-1      | Reserved aircraft: 1 at SFO_PARK17. Time: 0
rl-uam-framework-vertisim_service-1      | Reserved aircraft: 2 at MV_PARK18. Time: 0
rl-uam-framework-vertisim_service-1      | Charging truncation: Aircraft 0 at SFO will not charge. Initial soc: 100. Final soc level (102). At time 0.
rl-uam-framework-vertisim_service-1      | Simulation Completed. Total time to run: 0.28 seconds
rl-uam-framework-rl_algorithm-1          | RL called reset
rl-uam-framework-vertisim_service-1      | Applying action: [0, 2, 0, 2]
rl-uam-framework-vertisim_service-1      | Reserved aircraft: 1 at SFO_PARK17. Time: 0
rl-uam-framework-vertisim_service-1      | Reserved aircraft: 3 at MV_PARK17. Time: 0
rl-uam-framework-vertisim_service-1      | Applying action: [1, 0, 1, 1]
rl-uam-framework-vertisim_service-1      | Truncation: Aircraft 3 at MV_departure_fix is not in available the list: []. 
rl-uam-framework-vertisim_service-1      | Simulation Completed. Total time to run: 0.64 seconds
rl-uam-framework-rl_algorithm-1          | RL called reset
rl-uam-framework-vertisim_service-1      | Applying action: [0, 2, 2, 0]
rl-uam-framework-vertisim_service-1      | Reserved aircraft: 1 at SFO_PARK17. Time: 0
rl-uam-framework-vertisim_service-1      | Reserved aircraft: 2 at MV_PARK18. Time: 0
rl-uam-framework-vertisim_service-1      | Applying action: [2, 0, 1, 2]
rl-uam-framework-vertisim_service-1      | Truncation: Aircraft 2 at MV_departure_fix is not in available the list: []. 
rl-uam-framework-vertisim_service-1      | Simulation Completed. Total time to run: 0.29 seconds
rl-uam-framework-rl_algorithm-1          | RL called reset
rl-uam-framework-vertisim_service-1      | Applying action: [2, 2, 0, 1]
rl-uam-framework-vertisim_service-1      | Reserved aircraft: 0 at SFO_PARK18. Time: 0
rl-uam-framework-vertisim_service-1      | Reserved aircraft: 1 at SFO_PARK17. Time: 0
rl-uam-framework-vertisim_service-1      | Charging truncation: Aircraft 3 at MV will not charge. Initial soc: 100. Final soc level (102). At time 0.
rl-uam-framework-vertisim_service-1      | Simulation Completed. Total time to run: 0.31 seconds
rl-uam-framework-rl_algorithm-1          | RL called reset
rl-uam-framework-vertisim_service-1      | Applying action: [1, 1, 0, 1]
rl-uam-framework-vertisim_service-1      | Charging truncation: Aircraft 0 at SFO will not charge. Initial soc: 100. Final soc level (102). At time 0.
rl-uam-framework-vertisim_service-1      | Simulation Completed. Total time to run: 0.3 seconds
rl-uam-framework-rl_algorithm-1          | RL called reset
rl-uam-framework-vertisim_service-1      | Applying action: [2, 1, 1, 0]
rl-uam-framework-vertisim_service-1      | Reserved aircraft: 0 at SFO_PARK18. Time: 0
rl-uam-framework-vertisim_service-1      | Charging truncation: Aircraft 1 at SFO will not charge. Initial soc: 100. Final soc level (102). At time 0.
rl-uam-framework-vertisim_service-1      | Simulation Completed. Total time to run: 0.3 seconds
rl-uam-framework-rl_algorithm-1          | RL called reset
rl-uam-framework-vertisim_service-1      | Applying action: [1, 1, 0, 2]
rl-uam-framework-vertisim_service-1      | Reserved aircraft: 3 at MV_PARK17. Time: 0
rl-uam-framework-vertisim_service-1      | Charging truncation: Aircraft 0 at SFO will not charge. Initial soc: 100. Final soc level (102). At time 0.
rl-uam-framework-vertisim_service-1      | Simulation Completed. Total time to run: 0.32 seconds
rl-uam-framework-rl_algorithm-1          | RL called reset
rl-uam-framework-vertisim_service-1      | Applying action: [1, 2, 2, 2]
rl-uam-framework-vertisim_service-1      | Reserved aircraft: 1 at SFO_PARK17. Time: 0
rl-uam-framework-vertisim_service-1      | Reserved aircraft: 2 at MV_PARK18. Time: 0
rl-uam-framework-vertisim_service-1      | Reserved aircraft: 3 at MV_PARK17. Time: 0
rl-uam-framework-vertisim_service-1      | Charging truncation: Aircraft 0 at SFO will not charge. Initial soc: 100. Final soc level (102). At time 0.
rl-uam-framework-vertisim_service-1      | Simulation Completed. Total time to run: 0.31 seconds
rl-uam-framework-rl_algorithm-1          | RL called reset
rl-uam-framework-vertisim_service-1      | Applying action: [1, 2, 0, 1]
rl-uam-framework-vertisim_service-1      | Reserved aircraft: 1 at SFO_PARK17. Time: 0
rl-uam-framework-vertisim_service-1      | Charging truncation: Aircraft 0 at SFO will not charge. Initial soc: 100. Final soc level (102). At time 0.
rl-uam-framework-vertisim_service-1      | Simulation Completed. Total time to run: 0.31 seconds
rl-uam-framework-rl_algorithm-1          | RL called reset
rl-uam-framework-vertisim_service-1      | Applying action: [0, 1, 2, 0]
rl-uam-framework-vertisim_service-1      | Reserved aircraft: 2 at MV_PARK18. Time: 0
rl-uam-framework-vertisim_service-1      | Charging truncation: Aircraft 1 at SFO will not charge. Initial soc: 100. Final soc level (102). At time 0.
rl-uam-framework-vertisim_service-1      | Simulation Completed. Total time to run: 0.39 seconds
rl-uam-framework-rl_algorithm-1          | RL called reset
rl-uam-framework-vertisim_service-1      | Applying action: [1, 2, 2, 2]
rl-uam-framework-vertisim_service-1      | Reserved aircraft: 1 at SFO_PARK17. Time: 0
rl-uam-framework-vertisim_service-1      | Reserved aircraft: 2 at MV_PARK18. Time: 0
rl-uam-framework-vertisim_service-1      | Reserved aircraft: 3 at MV_PARK17. Time: 0
rl-uam-framework-vertisim_service-1      | Charging truncation: Aircraft 0 at SFO will not charge. Initial soc: 100. Final soc level (102). At time 0.
rl-uam-framework-vertisim_service-1      | Simulation Completed. Total time to run: 0.37 seconds
rl-uam-framework-rl_algorithm-1          | RL called reset
rl-uam-framework-vertisim_service-1      | Applying action: [1, 2, 1, 2]
rl-uam-framework-vertisim_service-1      | Reserved aircraft: 1 at SFO_PARK17. Time: 0
rl-uam-framework-vertisim_service-1      | Reserved aircraft: 3 at MV_PARK17. Time: 0
rl-uam-framework-vertisim_service-1      | Charging truncation: Aircraft 0 at SFO will not charge. Initial soc: 100. Final soc level (102). At time 0.
rl-uam-framework-vertisim_service-1      | Simulation Completed. Total time to run: 0.41 seconds
rl-uam-framework-rl_algorithm-1          | RL called reset
rl-uam-framework-vertisim_service-1      | Applying action: [2, 2, 1, 1]
rl-uam-framework-vertisim_service-1      | Reserved aircraft: 0 at SFO_PARK18. Time: 0
rl-uam-framework-vertisim_service-1      | Reserved aircraft: 1 at SFO_PARK17. Time: 0
rl-uam-framework-vertisim_service-1      | Charging truncation: Aircraft 2 at MV will not charge. Initial soc: 100. Final soc level (102). At time 0.
rl-uam-framework-vertisim_service-1      | Simulation Completed. Total time to run: 0.39 seconds
rl-uam-framework-rl_algorithm-1          | RL called reset
rl-uam-framework-vertisim_service-1      | Applying action: [0, 0, 0, 1]
rl-uam-framework-vertisim_service-1      | Charging truncation: Aircraft 3 at MV will not charge. Initial soc: 100. Final soc level (102). At time 0.
rl-uam-framework-vertisim_service-1      | Simulation Completed. Total time to run: 0.29 seconds
rl-uam-framework-rl_algorithm-1          | RL called reset
rl-uam-framework-vertisim_service-1      | Applying action: [0, 0, 0, 1]
rl-uam-framework-vertisim_service-1      | Charging truncation: Aircraft 3 at MV will not charge. Initial soc: 100. Final soc level (102). At time 0.
rl-uam-framework-vertisim_service-1      | Simulation Completed. Total time to run: 0.3 seconds
rl-uam-framework-rl_algorithm-1          | RL called reset
rl-uam-framework-vertisim_service-1      | Applying action: [2, 1, 1, 2]
rl-uam-framework-vertisim_service-1      | Reserved aircraft: 0 at SFO_PARK18. Time: 0
rl-uam-framework-vertisim_service-1      | Reserved aircraft: 3 at MV_PARK17. Time: 0
rl-uam-framework-vertisim_service-1      | Charging truncation: Aircraft 1 at SFO will not charge. Initial soc: 100. Final soc level (102). At time 0.
rl-uam-framework-vertisim_service-1      | Simulation Completed. Total time to run: 0.31 seconds
rl-uam-framework-rl_algorithm-1          | RL called reset
rl-uam-framework-vertisim_service-1      | Applying action: [1, 2, 1, 1]
rl-uam-framework-vertisim_service-1      | Reserved aircraft: 1 at SFO_PARK17. Time: 0
rl-uam-framework-vertisim_service-1      | Charging truncation: Aircraft 0 at SFO will not charge. Initial soc: 100. Final soc level (102). At time 0.
rl-uam-framework-vertisim_service-1      | Simulation Completed. Total time to run: 0.3 seconds
rl-uam-framework-rl_algorithm-1          | RL called reset
rl-uam-framework-vertisim_service-1      | Applying action: [1, 2, 0, 0]
rl-uam-framework-vertisim_service-1      | Reserved aircraft: 1 at SFO_PARK17. Time: 0
rl-uam-framework-vertisim_service-1      | Charging truncation: Aircraft 0 at SFO will not charge. Initial soc: 100. Final soc level (102). At time 0.
rl-uam-framework-vertisim_service-1      | Simulation Completed. Total time to run: 0.28 seconds
rl-uam-framework-rl_algorithm-1          | RL called reset
rl-uam-framework-vertisim_service-1      | Applying action: [0, 0, 1, 0]
rl-uam-framework-vertisim_service-1      | Charging truncation: Aircraft 2 at MV will not charge. Initial soc: 100. Final soc level (102). At time 0.
rl-uam-framework-vertisim_service-1      | Simulation Completed. Total time to run: 0.69 seconds
rl-uam-framework-rl_algorithm-1          | RL called reset
rl-uam-framework-vertisim_service-1      | Applying action: [1, 1, 1, 1]
rl-uam-framework-vertisim_service-1      | Charging truncation: Aircraft 0 at SFO will not charge. Initial soc: 100. Final soc level (102). At time 0.
rl-uam-framework-vertisim_service-1      | Simulation Completed. Total time to run: 0.3 seconds
rl-uam-framework-rl_algorithm-1          | RL called reset
rl-uam-framework-vertisim_service-1      | Applying action: [2, 0, 0, 1]
rl-uam-framework-vertisim_service-1      | Reserved aircraft: 0 at SFO_PARK18. Time: 0
rl-uam-framework-vertisim_service-1      | Charging truncation: Aircraft 3 at MV will not charge. Initial soc: 100. Final soc level (102). At time 0.
rl-uam-framework-vertisim_service-1      | Simulation Completed. Total time to run: 0.37 seconds
rl-uam-framework-rl_algorithm-1          | RL called reset
rl-uam-framework-vertisim_service-1      | Applying action: [0, 0, 1, 2]
rl-uam-framework-vertisim_service-1      | Reserved aircraft: 3 at MV_PARK17. Time: 0
rl-uam-framework-vertisim_service-1      | Charging truncation: Aircraft 2 at MV will not charge. Initial soc: 100. Final soc level (102). At time 0.
rl-uam-framework-vertisim_service-1      | Simulation Completed. Total time to run: 0.38 seconds
rl-uam-framework-rl_algorithm-1          | RL called reset
rl-uam-framework-vertisim_service-1      | Applying action: [2, 2, 0, 0]
rl-uam-framework-vertisim_service-1      | Reserved aircraft: 0 at SFO_PARK18. Time: 0
rl-uam-framework-vertisim_service-1      | Reserved aircraft: 1 at SFO_PARK17. Time: 0
rl-uam-framework-vertisim_service-1      | Applying action: [2, 0, 0, 1]
rl-uam-framework-vertisim_service-1      | Applying truncation. Aircraft 0 is not idling at the vertiport MV. Aircraft location: SFO_departure_fix. Status: AircraftStatus.FLY. Current time: 195518.0
rl-uam-framework-vertisim_service-1      | Simulation Completed. Total time to run: 0.34 seconds
rl-uam-framework-rl_algorithm-1          | RL called reset
rl-uam-framework-vertisim_service-1      | Applying action: [0, 1, 1, 1]
rl-uam-framework-vertisim_service-1      | Charging truncation: Aircraft 1 at SFO will not charge. Initial soc: 100. Final soc level (102). At time 0.
rl-uam-framework-vertisim_service-1      | Simulation Completed. Total time to run: 0.34 seconds
rl-uam-framework-rl_algorithm-1          | RL called reset
rl-uam-framework-vertisim_service-1      | Applying action: [2, 2, 0, 0]
rl-uam-framework-vertisim_service-1      | Reserved aircraft: 0 at SFO_PARK18. Time: 0
rl-uam-framework-vertisim_service-1      | Reserved aircraft: 1 at SFO_PARK17. Time: 0
rl-uam-framework-vertisim_service-1      | Applying action: [2, 1, 0, 1]
rl-uam-framework-vertisim_service-1      | Applying truncation. Aircraft 0 is not idling at the vertiport MV. Aircraft location: SFO_departure_fix. Status: AircraftStatus.FLY. Current time: 195518.0
rl-uam-framework-vertisim_service-1      | Simulation Completed. Total time to run: 0.3 seconds
rl-uam-framework-rl_algorithm-1          | RL called reset
rl-uam-framework-vertisim_service-1      | Applying action: [0, 0, 2, 1]
rl-uam-framework-vertisim_service-1      | Reserved aircraft: 2 at MV_PARK18. Time: 0
rl-uam-framework-vertisim_service-1      | Charging truncation: Aircraft 3 at MV will not charge. Initial soc: 100. Final soc level (102). At time 0.
rl-uam-framework-vertisim_service-1      | Simulation Completed. Total time to run: 0.31 seconds
rl-uam-framework-rl_algorithm-1          | RL called reset
rl-uam-framework-vertisim_service-1      | Applying action: [2, 0, 1, 1]
rl-uam-framework-vertisim_service-1      | Reserved aircraft: 0 at SFO_PARK18. Time: 0
rl-uam-framework-vertisim_service-1      | Charging truncation: Aircraft 2 at MV will not charge. Initial soc: 100. Final soc level (102). At time 0.
rl-uam-framework-vertisim_service-1      | Simulation Completed. Total time to run: 0.35 seconds
rl-uam-framework-rl_algorithm-1          | RL called reset
rl-uam-framework-vertisim_service-1      | Applying action: [2, 2, 0, 0]
rl-uam-framework-vertisim_service-1      | Reserved aircraft: 0 at SFO_PARK18. Time: 0
rl-uam-framework-vertisim_service-1      | Reserved aircraft: 1 at SFO_PARK17. Time: 0
rl-uam-framework-vertisim_service-1      | Applying action: [1, 2, 2, 0]
rl-uam-framework-vertisim_service-1      | Truncation: Aircraft 0 at SFO_departure_fix is not in available the list: [2, 3]. 
rl-uam-framework-vertisim_service-1      | Simulation Completed. Total time to run: 0.33 seconds
rl-uam-framework-rl_algorithm-1          | RL called reset
rl-uam-framework-vertisim_service-1      | Applying action: [1, 2, 0, 1]
rl-uam-framework-vertisim_service-1      | Reserved aircraft: 1 at SFO_PARK17. Time: 0
rl-uam-framework-vertisim_service-1      | Charging truncation: Aircraft 0 at SFO will not charge. Initial soc: 100. Final soc level (102). At time 0.
rl-uam-framework-vertisim_service-1      | Simulation Completed. Total time to run: 0.33 seconds
rl-uam-framework-rl_algorithm-1          | RL called reset
rl-uam-framework-vertisim_service-1      | Applying action: [0, 2, 0, 1]
rl-uam-framework-vertisim_service-1      | Reserved aircraft: 1 at SFO_PARK17. Time: 0
rl-uam-framework-vertisim_service-1      | Charging truncation: Aircraft 3 at MV will not charge. Initial soc: 100. Final soc level (102). At time 0.
rl-uam-framework-vertisim_service-1      | Simulation Completed. Total time to run: 0.33 seconds
rl-uam-framework-rl_algorithm-1          | RL called reset
rl-uam-framework-vertisim_service-1      | Applying action: [1, 2, 1, 2]
rl-uam-framework-vertisim_service-1      | Reserved aircraft: 1 at SFO_PARK17. Time: 0
rl-uam-framework-vertisim_service-1      | Reserved aircraft: 3 at MV_PARK17. Time: 0
rl-uam-framework-vertisim_service-1      | Charging truncation: Aircraft 0 at SFO will not charge. Initial soc: 100. Final soc level (102). At time 0.
rl-uam-framework-vertisim_service-1      | Simulation Completed. Total time to run: 0.3 seconds
rl-uam-framework-rl_algorithm-1          | RL called reset
rl-uam-framework-vertisim_service-1      | Applying action: [2, 2, 0, 2]
rl-uam-framework-vertisim_service-1      | Reserved aircraft: 0 at SFO_PARK18. Time: 0
rl-uam-framework-vertisim_service-1      | Reserved aircraft: 1 at SFO_PARK17. Time: 0
rl-uam-framework-vertisim_service-1      | Reserved aircraft: 3 at MV_PARK17. Time: 0
rl-uam-framework-vertisim_service-1      | Applying action: [2, 0, 2, 0]
rl-uam-framework-vertisim_service-1      | Applying truncation. Aircraft 0 is not idling at the vertiport MV. Aircraft location: SFO_departure_fix. Status: AircraftStatus.FLY. Current time: 195518.0
rl-uam-framework-vertisim_service-1      | Simulation Completed. Total time to run: 0.33 seconds
rl-uam-framework-rl_algorithm-1          | RL called reset
rl-uam-framework-vertisim_service-1      | Applying action: [1, 0, 2, 0]
rl-uam-framework-vertisim_service-1      | Reserved aircraft: 2 at MV_PARK18. Time: 0
rl-uam-framework-vertisim_service-1      | Charging truncation: Aircraft 0 at SFO will not charge. Initial soc: 100. Final soc level (102). At time 0.
rl-uam-framework-vertisim_service-1      | Simulation Completed. Total time to run: 0.31 seconds
rl-uam-framework-rl_algorithm-1          | RL called reset
rl-uam-framework-vertisim_service-1      | Applying action: [1, 0, 1, 0]
rl-uam-framework-vertisim_service-1      | Charging truncation: Aircraft 0 at SFO will not charge. Initial soc: 100. Final soc level (102). At time 0.
rl-uam-framework-vertisim_service-1      | Simulation Completed. Total time to run: 0.29 seconds
rl-uam-framework-rl_algorithm-1          | RL called reset
rl-uam-framework-vertisim_service-1      | Applying action: [1, 2, 0, 2]
rl-uam-framework-vertisim_service-1      | Reserved aircraft: 1 at SFO_PARK17. Time: 0
rl-uam-framework-vertisim_service-1      | Reserved aircraft: 3 at MV_PARK17. Time: 0
rl-uam-framework-vertisim_service-1      | Charging truncation: Aircraft 0 at SFO will not charge. Initial soc: 100. Final soc level (102). At time 0.
rl-uam-framework-vertisim_service-1      | Simulation Completed. Total time to run: 0.3 seconds
rl-uam-framework-rl_algorithm-1          | RL called reset
rl-uam-framework-vertisim_service-1      | Applying action: [1, 1, 2, 1]
rl-uam-framework-vertisim_service-1      | Reserved aircraft: 2 at MV_PARK18. Time: 0
rl-uam-framework-vertisim_service-1      | Charging truncation: Aircraft 0 at SFO will not charge. Initial soc: 100. Final soc level (102). At time 0.
rl-uam-framework-vertisim_service-1      | Simulation Completed. Total time to run: 0.3 seconds
rl-uam-framework-rl_algorithm-1          | RL called reset
rl-uam-framework-vertisim_service-1      | Applying action: [1, 0, 2, 1]
rl-uam-framework-vertisim_service-1      | Reserved aircraft: 2 at MV_PARK18. Time: 0
rl-uam-framework-vertisim_service-1      | Charging truncation: Aircraft 0 at SFO will not charge. Initial soc: 100. Final soc level (102). At time 0.
rl-uam-framework-vertisim_service-1      | Simulation Completed. Total time to run: 0.32 seconds
rl-uam-framework-rl_algorithm-1          | RL called reset
rl-uam-framework-vertisim_service-1      | Applying action: [2, 2, 1, 0]
rl-uam-framework-vertisim_service-1      | Reserved aircraft: 0 at SFO_PARK18. Time: 0
rl-uam-framework-vertisim_service-1      | Reserved aircraft: 1 at SFO_PARK17. Time: 0
rl-uam-framework-vertisim_service-1      | Charging truncation: Aircraft 2 at MV will not charge. Initial soc: 100. Final soc level (102). At time 0.
rl-uam-framework-vertisim_service-1      | Simulation Completed. Total time to run: 0.72 seconds
rl-uam-framework-rl_algorithm-1          | RL called reset
rl-uam-framework-vertisim_service-1      | Applying action: [2, 2, 1, 1]
rl-uam-framework-vertisim_service-1      | Reserved aircraft: 0 at SFO_PARK18. Time: 0
rl-uam-framework-vertisim_service-1      | Reserved aircraft: 1 at SFO_PARK17. Time: 0
rl-uam-framework-vertisim_service-1      | Charging truncation: Aircraft 2 at MV will not charge. Initial soc: 100. Final soc level (102). At time 0.
rl-uam-framework-vertisim_service-1      | Simulation Completed. Total time to run: 0.3 seconds
rl-uam-framework-rl_algorithm-1          | RL called reset
rl-uam-framework-vertisim_service-1      | Applying action: [1, 0, 1, 0]
rl-uam-framework-vertisim_service-1      | Charging truncation: Aircraft 0 at SFO will not charge. Initial soc: 100. Final soc level (102). At time 0.
rl-uam-framework-vertisim_service-1      | Simulation Completed. Total time to run: 0.3 seconds
rl-uam-framework-rl_algorithm-1          | RL called reset
rl-uam-framework-vertisim_service-1      | Applying action: [0, 2, 0, 2]
rl-uam-framework-vertisim_service-1      | Reserved aircraft: 1 at SFO_PARK17. Time: 0
rl-uam-framework-vertisim_service-1      | Reserved aircraft: 3 at MV_PARK17. Time: 0
rl-uam-framework-vertisim_service-1      | Applying action: [1, 0, 2, 0]
rl-uam-framework-vertisim_service-1      | Applying action: [1, 0, 1, 2]
rl-uam-framework-vertisim_service-1      | Applying truncation. Aircraft 3 is not idling at the vertiport SFO. Aircraft location: MV_departure_fix. Status: AircraftStatus.FLY. Current time: 195518.0
rl-uam-framework-vertisim_service-1      | Simulation Completed. Total time to run: 0.34 seconds
rl-uam-framework-rl_algorithm-1          | RL called reset
rl-uam-framework-vertisim_service-1      | Applying action: [1, 1, 1, 0]
rl-uam-framework-vertisim_service-1      | Charging truncation: Aircraft 0 at SFO will not charge. Initial soc: 100. Final soc level (102). At time 0.
rl-uam-framework-vertisim_service-1      | Simulation Completed. Total time to run: 38.41 seconds
rl-uam-framework-rl_algorithm-1          | RL called reset
rl-uam-framework-vertisim_service-1      | Applying action: [2, 0, 1, 0]
rl-uam-framework-vertisim_service-1      | Reserved aircraft: 0 at SFO_PARK18. Time: 0
rl-uam-framework-vertisim_service-1      | Charging truncation: Aircraft 2 at MV will not charge. Initial soc: 100. Final soc level (102). At time 0.
rl-uam-framework-vertisim_service-1      | Simulation Completed. Total time to run: 0.38 seconds
rl-uam-framework-rl_algorithm-1          | RL called reset
rl-uam-framework-vertisim_service-1      | Applying action: [1, 2, 0, 0]
rl-uam-framework-vertisim_service-1      | Reserved aircraft: 1 at SFO_PARK17. Time: 0
rl-uam-framework-vertisim_service-1      | Charging truncation: Aircraft 0 at SFO will not charge. Initial soc: 100. Final soc level (102). At time 0.
rl-uam-framework-vertisim_service-1      | Simulation Completed. Total time to run: 0.32 seconds
rl-uam-framework-rl_algorithm-1          | RL called reset
rl-uam-framework-vertisim_service-1      | Applying action: [1, 1, 0, 2]
rl-uam-framework-vertisim_service-1      | Reserved aircraft: 3 at MV_PARK17. Time: 0
rl-uam-framework-vertisim_service-1      | Charging truncation: Aircraft 0 at SFO will not charge. Initial soc: 100. Final soc level (102). At time 0.
rl-uam-framework-vertisim_service-1      | Simulation Completed. Total time to run: 0.33 seconds
rl-uam-framework-rl_algorithm-1          | RL called reset
rl-uam-framework-vertisim_service-1      | Applying action: [0, 0, 1, 0]
rl-uam-framework-vertisim_service-1      | Charging truncation: Aircraft 2 at MV will not charge. Initial soc: 100. Final soc level (102). At time 0.
rl-uam-framework-vertisim_service-1      | Simulation Completed. Total time to run: 0.35 seconds
rl-uam-framework-rl_algorithm-1          | RL called reset
rl-uam-framework-vertisim_service-1      | Applying action: [0, 0, 0, 0]
rl-uam-framework-vertisim_service-1      | Passenger 4 entered the waiting room at SFO. Currently waiting passengers: [0, 2, 4]. Time (sec): 883
rl-uam-framework-vertisim_service-1      | Applying action: [1, 1, 0, 1]
rl-uam-framework-vertisim_service-1      | Charging truncation: Aircraft 0 at SFO will not charge. Initial soc: 100. Final soc level (102). At time 882994.3799999999.
rl-uam-framework-vertisim_service-1      | Simulation Completed. Total time to run: 0.37 seconds
rl-uam-framework-rl_algorithm-1          | RL called reset
rl-uam-framework-vertisim_service-1      | Applying action: [2, 2, 1, 2]
rl-uam-framework-vertisim_service-1      | Reserved aircraft: 0 at SFO_PARK18. Time: 0
rl-uam-framework-vertisim_service-1      | Reserved aircraft: 1 at SFO_PARK17. Time: 0
rl-uam-framework-vertisim_service-1      | Reserved aircraft: 3 at MV_PARK17. Time: 0
rl-uam-framework-vertisim_service-1      | Charging truncation: Aircraft 2 at MV will not charge. Initial soc: 100. Final soc level (102). At time 0.
rl-uam-framework-vertisim_service-1      | Simulation Completed. Total time to run: 0.49 seconds
rl-uam-framework-rl_algorithm-1          | RL called reset
rl-uam-framework-vertisim_service-1      | Applying action: [1, 0, 2, 1]
rl-uam-framework-vertisim_service-1      | Reserved aircraft: 2 at MV_PARK18. Time: 0
rl-uam-framework-vertisim_service-1      | Charging truncation: Aircraft 0 at SFO will not charge. Initial soc: 100. Final soc level (102). At time 0.
rl-uam-framework-vertisim_service-1      | Simulation Completed. Total time to run: 0.31 seconds
rl-uam-framework-rl_algorithm-1          | RL called reset
rl-uam-framework-vertisim_service-1      | Applying action: [1, 2, 1, 2]
rl-uam-framework-vertisim_service-1      | Reserved aircraft: 1 at SFO_PARK17. Time: 0
rl-uam-framework-vertisim_service-1      | Reserved aircraft: 3 at MV_PARK17. Time: 0
rl-uam-framework-vertisim_service-1      | Charging truncation: Aircraft 0 at SFO will not charge. Initial soc: 100. Final soc level (102). At time 0.
rl-uam-framework-vertisim_service-1      | Simulation Completed. Total time to run: 0.32 seconds
rl-uam-framework-rl_algorithm-1          | RL called reset
rl-uam-framework-vertisim_service-1      | Applying action: [1, 1, 1, 2]
rl-uam-framework-vertisim_service-1      | Reserved aircraft: 3 at MV_PARK17. Time: 0
rl-uam-framework-vertisim_service-1      | Charging truncation: Aircraft 0 at SFO will not charge. Initial soc: 100. Final soc level (102). At time 0.
rl-uam-framework-vertisim_service-1      | Simulation Completed. Total time to run: 0.34 seconds
rl-uam-framework-rl_algorithm-1          | RL called reset
rl-uam-framework-vertisim_service-1      | Applying action: [1, 2, 1, 0]
rl-uam-framework-vertisim_service-1      | Reserved aircraft: 1 at SFO_PARK17. Time: 0
rl-uam-framework-vertisim_service-1      | Charging truncation: Aircraft 0 at SFO will not charge. Initial soc: 100. Final soc level (102). At time 0.
rl-uam-framework-vertisim_service-1      | Simulation Completed. Total time to run: 0.31 seconds
rl-uam-framework-rl_algorithm-1          | RL called reset
rl-uam-framework-vertisim_service-1      | Applying action: [1, 0, 1, 1]
rl-uam-framework-vertisim_service-1      | Charging truncation: Aircraft 0 at SFO will not charge. Initial soc: 100. Final soc level (102). At time 0.
rl-uam-framework-vertisim_service-1      | Simulation Completed. Total time to run: 0.29 seconds
rl-uam-framework-rl_algorithm-1          | RL called reset
rl-uam-framework-vertisim_service-1      | Applying action: [2, 2, 1, 0]
rl-uam-framework-vertisim_service-1      | Reserved aircraft: 0 at SFO_PARK18. Time: 0
rl-uam-framework-vertisim_service-1      | Reserved aircraft: 1 at SFO_PARK17. Time: 0
rl-uam-framework-vertisim_service-1      | Charging truncation: Aircraft 2 at MV will not charge. Initial soc: 100. Final soc level (102). At time 0.
rl-uam-framework-vertisim_service-1      | Simulation Completed. Total time to run: 0.31 seconds
rl-uam-framework-rl_algorithm-1          | RL called reset
rl-uam-framework-vertisim_service-1      | Applying action: [1, 0, 1, 1]
rl-uam-framework-vertisim_service-1      | Charging truncation: Aircraft 0 at SFO will not charge. Initial soc: 100. Final soc level (102). At time 0.
rl-uam-framework-vertisim_service-1      | Simulation Completed. Total time to run: 0.3 seconds
rl-uam-framework-rl_algorithm-1          | RL called reset
rl-uam-framework-vertisim_service-1      | Applying action: [2, 0, 0, 2]
rl-uam-framework-vertisim_service-1      | Reserved aircraft: 0 at SFO_PARK18. Time: 0
rl-uam-framework-vertisim_service-1      | Reserved aircraft: 3 at MV_PARK17. Time: 0
rl-uam-framework-vertisim_service-1      | Applying action: [2, 2, 1, 2]
rl-uam-framework-vertisim_service-1      | Applying truncation. Aircraft 0 is not idling at the vertiport MV. Aircraft location: SFO_departure_fix. Status: AircraftStatus.FLY. Current time: 195518.0
rl-uam-framework-vertisim_service-1      | Simulation Completed. Total time to run: 0.32 seconds
rl-uam-framework-rl_algorithm-1          | RL called reset
rl-uam-framework-vertisim_service-1      | Applying action: [1, 0, 0, 2]
rl-uam-framework-vertisim_service-1      | Reserved aircraft: 3 at MV_PARK17. Time: 0
rl-uam-framework-vertisim_service-1      | Charging truncation: Aircraft 0 at SFO will not charge. Initial soc: 100. Final soc level (102). At time 0.
rl-uam-framework-vertisim_service-1      | Simulation Completed. Total time to run: 0.31 seconds
rl-uam-framework-rl_algorithm-1          | RL called reset
rl-uam-framework-vertisim_service-1      | Applying action: [0, 0, 1, 1]
rl-uam-framework-vertisim_service-1      | Charging truncation: Aircraft 2 at MV will not charge. Initial soc: 100. Final soc level (102). At time 0.
rl-uam-framework-vertisim_service-1      | Simulation Completed. Total time to run: 0.81 seconds
rl-uam-framework-rl_algorithm-1          | RL called reset
rl-uam-framework-vertisim_service-1      | Applying action: [1, 2, 2, 2]
rl-uam-framework-vertisim_service-1      | Reserved aircraft: 1 at SFO_PARK17. Time: 0
rl-uam-framework-vertisim_service-1      | Reserved aircraft: 2 at MV_PARK18. Time: 0
rl-uam-framework-vertisim_service-1      | Reserved aircraft: 3 at MV_PARK17. Time: 0
rl-uam-framework-vertisim_service-1      | Charging truncation: Aircraft 0 at SFO will not charge. Initial soc: 100. Final soc level (102). At time 0.
rl-uam-framework-vertisim_service-1      | Simulation Completed. Total time to run: 0.32 seconds
rl-uam-framework-rl_algorithm-1          | RL called reset
rl-uam-framework-vertisim_service-1      | Applying action: [2, 2, 1, 2]
rl-uam-framework-vertisim_service-1      | Reserved aircraft: 0 at SFO_PARK18. Time: 0
rl-uam-framework-vertisim_service-1      | Reserved aircraft: 1 at SFO_PARK17. Time: 0
rl-uam-framework-vertisim_service-1      | Reserved aircraft: 3 at MV_PARK17. Time: 0
rl-uam-framework-vertisim_service-1      | Charging truncation: Aircraft 2 at MV will not charge. Initial soc: 100. Final soc level (102). At time 0.
rl-uam-framework-vertisim_service-1      | Simulation Completed. Total time to run: 0.31 seconds
rl-uam-framework-rl_algorithm-1          | RL called reset
rl-uam-framework-vertisim_service-1      | Applying action: [0, 2, 2, 1]
rl-uam-framework-vertisim_service-1      | Reserved aircraft: 1 at SFO_PARK17. Time: 0
rl-uam-framework-vertisim_service-1      | Reserved aircraft: 2 at MV_PARK18. Time: 0
rl-uam-framework-vertisim_service-1      | Charging truncation: Aircraft 3 at MV will not charge. Initial soc: 100. Final soc level (102). At time 0.
rl-uam-framework-vertisim_service-1      | Simulation Completed. Total time to run: 0.39 seconds
rl-uam-framework-rl_algorithm-1          | RL called reset
rl-uam-framework-vertisim_service-1      | Applying action: [1, 2, 0, 0]
rl-uam-framework-vertisim_service-1      | Reserved aircraft: 1 at SFO_PARK17. Time: 0
rl-uam-framework-vertisim_service-1      | Charging truncation: Aircraft 0 at SFO will not charge. Initial soc: 100. Final soc level (102). At time 0.
rl-uam-framework-vertisim_service-1      | Simulation Completed. Total time to run: 0.45 seconds
rl-uam-framework-rl_algorithm-1          | RL called reset
rl-uam-framework-vertisim_service-1      | Applying action: [0, 0, 0, 1]
rl-uam-framework-vertisim_service-1      | Charging truncation: Aircraft 3 at MV will not charge. Initial soc: 100. Final soc level (102). At time 0.
rl-uam-framework-vertisim_service-1      | Simulation Completed. Total time to run: 0.38 seconds
rl-uam-framework-rl_algorithm-1          | RL called reset
rl-uam-framework-vertisim_service-1      | Applying action: [0, 1, 2, 0]
rl-uam-framework-vertisim_service-1      | Reserved aircraft: 2 at MV_PARK18. Time: 0
rl-uam-framework-vertisim_service-1      | Charging truncation: Aircraft 1 at SFO will not charge. Initial soc: 100. Final soc level (102). At time 0.
rl-uam-framework-vertisim_service-1      | Simulation Completed. Total time to run: 0.33 seconds
rl-uam-framework-rl_algorithm-1          | RL called reset
rl-uam-framework-vertisim_service-1      | Applying action: [1, 1, 1, 1]
rl-uam-framework-vertisim_service-1      | Charging truncation: Aircraft 0 at SFO will not charge. Initial soc: 100. Final soc level (102). At time 0.
rl-uam-framework-vertisim_service-1      | Simulation Completed. Total time to run: 0.4 seconds
rl-uam-framework-rl_algorithm-1          | RL called reset
rl-uam-framework-vertisim_service-1      | Applying action: [1, 1, 0, 2]
rl-uam-framework-vertisim_service-1      | Reserved aircraft: 3 at MV_PARK17. Time: 0
rl-uam-framework-vertisim_service-1      | Charging truncation: Aircraft 0 at SFO will not charge. Initial soc: 100. Final soc level (102). At time 0.
rl-uam-framework-vertisim_service-1      | Simulation Completed. Total time to run: 0.34 seconds
rl-uam-framework-rl_algorithm-1          | RL called reset
rl-uam-framework-vertisim_service-1      | Applying action: [0, 0, 2, 2]
rl-uam-framework-vertisim_service-1      | Reserved aircraft: 2 at MV_PARK18. Time: 0
rl-uam-framework-vertisim_service-1      | Reserved aircraft: 3 at MV_PARK17. Time: 0
rl-uam-framework-vertisim_service-1      | Applying action: [1, 2, 1, 0]
rl-uam-framework-vertisim_service-1      | Truncation: Aircraft 2 at MV_departure_fix is not in available the list: []. 
rl-uam-framework-vertisim_service-1      | Simulation Completed. Total time to run: 0.33 seconds
rl-uam-framework-rl_algorithm-1          | RL called reset
rl-uam-framework-vertisim_service-1      | Applying action: [1, 1, 1, 0]
rl-uam-framework-vertisim_service-1      | Charging truncation: Aircraft 0 at SFO will not charge. Initial soc: 100. Final soc level (102). At time 0.
rl-uam-framework-vertisim_service-1      | Simulation Completed. Total time to run: 0.31 seconds
rl-uam-framework-rl_algorithm-1          | RL called reset
rl-uam-framework-vertisim_service-1      | Applying action: [0, 0, 0, 0]
rl-uam-framework-vertisim_service-1      | Passenger 3 entered the waiting room at SFO. Currently waiting passengers: [1, 2, 3]. Time (sec): 814
rl-uam-framework-vertisim_service-1      | Applying action: [1, 2, 1, 0]
rl-uam-framework-vertisim_service-1      | Reserved aircraft: 1 at SFO_PARK17. Time: 814029.4400000001
rl-uam-framework-vertisim_service-1      | Charging truncation: Aircraft 0 at SFO will not charge. Initial soc: 100. Final soc level (102). At time 814029.4400000001.
rl-uam-framework-vertisim_service-1      | Simulation Completed. Total time to run: 0.39 seconds
rl-uam-framework-rl_algorithm-1          | RL called reset
rl-uam-framework-vertisim_service-1      | Applying action: [0, 1, 2, 0]
rl-uam-framework-vertisim_service-1      | Reserved aircraft: 2 at MV_PARK18. Time: 0
rl-uam-framework-vertisim_service-1      | Charging truncation: Aircraft 1 at SFO will not charge. Initial soc: 100. Final soc level (102). At time 0.
rl-uam-framework-vertisim_service-1      | Simulation Completed. Total time to run: 0.37 seconds
rl-uam-framework-rl_algorithm-1          | RL called reset
rl-uam-framework-vertisim_service-1      | Applying action: [2, 0, 0, 2]
rl-uam-framework-vertisim_service-1      | Reserved aircraft: 0 at SFO_PARK18. Time: 0
rl-uam-framework-vertisim_service-1      | Reserved aircraft: 3 at MV_PARK17. Time: 0
rl-uam-framework-vertisim_service-1      | Applying action: [1, 2, 1, 0]
rl-uam-framework-vertisim_service-1      | Truncation: Aircraft 0 at SFO_departure_fix is not in available the list: [2]. 
rl-uam-framework-vertisim_service-1      | Simulation Completed. Total time to run: 0.36 seconds
rl-uam-framework-rl_algorithm-1          | RL called reset
rl-uam-framework-vertisim_service-1      | Applying action: [0, 0, 0, 1]
rl-uam-framework-vertisim_service-1      | Charging truncation: Aircraft 3 at MV will not charge. Initial soc: 100. Final soc level (102). At time 0.
rl-uam-framework-vertisim_service-1      | Simulation Completed. Total time to run: 0.35 seconds
rl-uam-framework-rl_algorithm-1          | RL called reset
rl-uam-framework-vertisim_service-1      | Applying action: [0, 0, 1, 1]
rl-uam-framework-vertisim_service-1      | Charging truncation: Aircraft 2 at MV will not charge. Initial soc: 100. Final soc level (102). At time 0.
rl-uam-framework-vertisim_service-1      | Simulation Completed. Total time to run: 0.39 seconds
rl-uam-framework-rl_algorithm-1          | RL called reset
rl-uam-framework-vertisim_service-1      | Applying action: [2, 0, 2, 0]
rl-uam-framework-vertisim_service-1      | Reserved aircraft: 0 at SFO_PARK18. Time: 0
rl-uam-framework-vertisim_service-1      | Reserved aircraft: 2 at MV_PARK18. Time: 0
rl-uam-framework-vertisim_service-1      | Applying action: [0, 2, 1, 1]
rl-uam-framework-vertisim_service-1      | Truncation: Aircraft 2 at MV_departure_fix is not in available the list: []. 
rl-uam-framework-vertisim_service-1      | Simulation Completed. Total time to run: 0.34 seconds
rl-uam-framework-rl_algorithm-1          | RL called reset
rl-uam-framework-vertisim_service-1      | Applying action: [0, 2, 0, 0]
rl-uam-framework-vertisim_service-1      | Reserved aircraft: 1 at SFO_PARK17. Time: 0
rl-uam-framework-vertisim_service-1      | Applying action: [1, 1, 1, 1]
rl-uam-framework-vertisim_service-1      | Truncation: Aircraft 1 at SFO_departure_fix is not in available the list: [2, 3]. 
rl-uam-framework-vertisim_service-1      | Simulation Completed. Total time to run: 0.3 seconds
rl-uam-framework-rl_algorithm-1          | RL called reset
rl-uam-framework-vertisim_service-1      | Applying action: [1, 0, 1, 2]
rl-uam-framework-vertisim_service-1      | Reserved aircraft: 3 at MV_PARK17. Time: 0
rl-uam-framework-vertisim_service-1      | Charging truncation: Aircraft 0 at SFO will not charge. Initial soc: 100. Final soc level (102). At time 0.
rl-uam-framework-vertisim_service-1      | Simulation Completed. Total time to run: 0.29 seconds
rl-uam-framework-rl_algorithm-1          | RL called reset
rl-uam-framework-vertisim_service-1      | Applying action: [1, 2, 1, 2]
rl-uam-framework-vertisim_service-1      | Reserved aircraft: 1 at SFO_PARK17. Time: 0
rl-uam-framework-vertisim_service-1      | Reserved aircraft: 3 at MV_PARK17. Time: 0
rl-uam-framework-vertisim_service-1      | Charging truncation: Aircraft 0 at SFO will not charge. Initial soc: 100. Final soc level (102). At time 0.
rl-uam-framework-vertisim_service-1      | Simulation Completed. Total time to run: 0.38 seconds
rl-uam-framework-rl_algorithm-1          | RL called reset
rl-uam-framework-vertisim_service-1      | Applying action: [2, 0, 0, 2]
rl-uam-framework-vertisim_service-1      | Reserved aircraft: 0 at SFO_PARK18. Time: 0
rl-uam-framework-vertisim_service-1      | Reserved aircraft: 3 at MV_PARK17. Time: 0
rl-uam-framework-vertisim_service-1      | Applying action: [0, 2, 1, 1]
rl-uam-framework-vertisim_service-1      | Truncation: Aircraft 3 at MV_departure_fix is not in available the list: []. 
rl-uam-framework-vertisim_service-1      | Simulation Completed. Total time to run: 0.32 seconds
rl-uam-framework-rl_algorithm-1          | RL called reset
rl-uam-framework-vertisim_service-1      | Applying action: [2, 0, 2, 2]
rl-uam-framework-vertisim_service-1      | Reserved aircraft: 0 at SFO_PARK18. Time: 0
rl-uam-framework-vertisim_service-1      | Reserved aircraft: 2 at MV_PARK18. Time: 0
rl-uam-framework-vertisim_service-1      | Reserved aircraft: 3 at MV_PARK17. Time: 0
rl-uam-framework-vertisim_service-1      | Passenger 2 entered the waiting room at SFO. Currently waiting passengers: [0, 1, 2]. Time (sec): 63
rl-uam-framework-vertisim_service-1      | Applying action: [1, 0, 0, 1]
rl-uam-framework-vertisim_service-1      | Truncation: Aircraft 0 at SFO_PARK18 is not in available the list: []. 
rl-uam-framework-vertisim_service-1      | Simulation Completed. Total time to run: 0.32 seconds
rl-uam-framework-rl_algorithm-1          | RL called reset
rl-uam-framework-vertisim_service-1      | Applying action: [1, 2, 1, 1]
rl-uam-framework-vertisim_service-1      | Reserved aircraft: 1 at SFO_PARK17. Time: 0
rl-uam-framework-vertisim_service-1      | Charging truncation: Aircraft 0 at SFO will not charge. Initial soc: 100. Final soc level (102). At time 0.
rl-uam-framework-vertisim_service-1      | Simulation Completed. Total time to run: 0.76 seconds
rl-uam-framework-rl_algorithm-1          | RL called reset
rl-uam-framework-vertisim_service-1      | Applying action: [0, 1, 1, 2]
rl-uam-framework-vertisim_service-1      | Reserved aircraft: 3 at MV_PARK17. Time: 0
rl-uam-framework-vertisim_service-1      | Charging truncation: Aircraft 1 at SFO will not charge. Initial soc: 100. Final soc level (102). At time 0.
rl-uam-framework-vertisim_service-1      | Simulation Completed. Total time to run: 0.37 seconds
rl-uam-framework-rl_algorithm-1          | RL called reset
rl-uam-framework-vertisim_service-1      | Applying action: [1, 1, 1, 2]
rl-uam-framework-vertisim_service-1      | Reserved aircraft: 3 at MV_PARK17. Time: 0
rl-uam-framework-vertisim_service-1      | Charging truncation: Aircraft 0 at SFO will not charge. Initial soc: 100. Final soc level (102). At time 0.
rl-uam-framework-vertisim_service-1      | Simulation Completed. Total time to run: 0.35 seconds
rl-uam-framework-rl_algorithm-1          | RL called reset
rl-uam-framework-vertisim_service-1      | Applying action: [2, 0, 0, 1]
rl-uam-framework-vertisim_service-1      | Reserved aircraft: 0 at SFO_PARK18. Time: 0
rl-uam-framework-vertisim_service-1      | Charging truncation: Aircraft 3 at MV will not charge. Initial soc: 100. Final soc level (102). At time 0.
rl-uam-framework-vertisim_service-1      | Simulation Completed. Total time to run: 0.4 seconds
rl-uam-framework-rl_algorithm-1          | RL called reset
rl-uam-framework-vertisim_service-1      | Applying action: [2, 2, 1, 1]
rl-uam-framework-vertisim_service-1      | Reserved aircraft: 0 at SFO_PARK18. Time: 0
rl-uam-framework-vertisim_service-1      | Reserved aircraft: 1 at SFO_PARK17. Time: 0
rl-uam-framework-vertisim_service-1      | Charging truncation: Aircraft 2 at MV will not charge. Initial soc: 100. Final soc level (102). At time 0.
rl-uam-framework-vertisim_service-1      | Simulation Completed. Total time to run: 0.41 seconds
rl-uam-framework-rl_algorithm-1          | RL called reset
rl-uam-framework-vertisim_service-1      | Applying action: [0, 2, 0, 1]
rl-uam-framework-vertisim_service-1      | Reserved aircraft: 1 at SFO_PARK17. Time: 0
rl-uam-framework-vertisim_service-1      | Charging truncation: Aircraft 3 at MV will not charge. Initial soc: 100. Final soc level (102). At time 0.
rl-uam-framework-vertisim_service-1      | Simulation Completed. Total time to run: 0.31 seconds
rl-uam-framework-rl_algorithm-1          | RL called reset
rl-uam-framework-vertisim_service-1      | Applying action: [0, 0, 0, 2]
rl-uam-framework-vertisim_service-1      | Reserved aircraft: 3 at MV_PARK17. Time: 0
rl-uam-framework-vertisim_service-1      | Applying action: [1, 1, 1, 1]
rl-uam-framework-vertisim_service-1      | Truncation: Aircraft 3 at MV_departure_fix is not in available the list: []. 
rl-uam-framework-vertisim_service-1      | Simulation Completed. Total time to run: 0.35 seconds
rl-uam-framework-rl_algorithm-1          | RL called reset
rl-uam-framework-vertisim_service-1      | Applying action: [1, 0, 2, 2]
rl-uam-framework-vertisim_service-1      | Reserved aircraft: 2 at MV_PARK18. Time: 0
rl-uam-framework-vertisim_service-1      | Reserved aircraft: 3 at MV_PARK17. Time: 0
rl-uam-framework-vertisim_service-1      | Charging truncation: Aircraft 0 at SFO will not charge. Initial soc: 100. Final soc level (102). At time 0.
rl-uam-framework-vertisim_service-1      | Simulation Completed. Total time to run: 0.33 seconds
rl-uam-framework-rl_algorithm-1          | RL called reset
rl-uam-framework-vertisim_service-1      | Applying action: [0, 1, 1, 0]
rl-uam-framework-vertisim_service-1      | Charging truncation: Aircraft 1 at SFO will not charge. Initial soc: 100. Final soc level (102). At time 0.
rl-uam-framework-vertisim_service-1      | Simulation Completed. Total time to run: 0.31 seconds
rl-uam-framework-rl_algorithm-1          | RL called reset
rl-uam-framework-vertisim_service-1      | Applying action: [1, 0, 0, 2]
rl-uam-framework-vertisim_service-1      | Reserved aircraft: 3 at MV_PARK17. Time: 0
rl-uam-framework-vertisim_service-1      | Charging truncation: Aircraft 0 at SFO will not charge. Initial soc: 100. Final soc level (102). At time 0.
rl-uam-framework-vertisim_service-1      | Simulation Completed. Total time to run: 0.38 seconds
rl-uam-framework-rl_algorithm-1          | RL called reset
rl-uam-framework-vertisim_service-1      | Applying action: [1, 1, 1, 1]
rl-uam-framework-vertisim_service-1      | Charging truncation: Aircraft 0 at SFO will not charge. Initial soc: 100. Final soc level (102). At time 0.
rl-uam-framework-vertisim_service-1      | Simulation Completed. Total time to run: 0.36 seconds
rl-uam-framework-rl_algorithm-1          | RL called reset
rl-uam-framework-vertisim_service-1      | Applying action: [1, 1, 1, 1]
rl-uam-framework-vertisim_service-1      | Charging truncation: Aircraft 0 at SFO will not charge. Initial soc: 100. Final soc level (102). At time 0.
rl-uam-framework-vertisim_service-1      | Simulation Completed. Total time to run: 0.32 seconds
rl-uam-framework-rl_algorithm-1          | RL called reset
rl-uam-framework-vertisim_service-1      | Applying action: [2, 0, 1, 2]
rl-uam-framework-vertisim_service-1      | Reserved aircraft: 0 at SFO_PARK18. Time: 0
rl-uam-framework-vertisim_service-1      | Reserved aircraft: 3 at MV_PARK17. Time: 0
rl-uam-framework-vertisim_service-1      | Charging truncation: Aircraft 2 at MV will not charge. Initial soc: 100. Final soc level (102). At time 0.
rl-uam-framework-vertisim_service-1      | Simulation Completed. Total time to run: 0.3 seconds
rl-uam-framework-rl_algorithm-1          | RL called reset
rl-uam-framework-vertisim_service-1      | Applying action: [0, 2, 2, 1]
rl-uam-framework-vertisim_service-1      | Reserved aircraft: 1 at SFO_PARK17. Time: 0
rl-uam-framework-vertisim_service-1      | Reserved aircraft: 2 at MV_PARK18. Time: 0
rl-uam-framework-vertisim_service-1      | Charging truncation: Aircraft 3 at MV will not charge. Initial soc: 100. Final soc level (102). At time 0.
rl-uam-framework-vertisim_service-1      | Simulation Completed. Total time to run: 0.29 seconds
rl-uam-framework-rl_algorithm-1          | RL called reset
rl-uam-framework-vertisim_service-1      | Applying action: [2, 2, 2, 2]
rl-uam-framework-vertisim_service-1      | Reserved aircraft: 0 at SFO_PARK18. Time: 0
rl-uam-framework-vertisim_service-1      | Reserved aircraft: 1 at SFO_PARK17. Time: 0
rl-uam-framework-vertisim_service-1      | Reserved aircraft: 2 at MV_PARK18. Time: 0
rl-uam-framework-vertisim_service-1      | Reserved aircraft: 3 at MV_PARK17. Time: 0
rl-uam-framework-vertisim_service-1      | Passenger 2 entered the waiting room at SFO. Currently waiting passengers: [0, 1, 2]. Time (sec): 46
rl-uam-framework-vertisim_service-1      | Applying action: [1, 0, 2, 1]
rl-uam-framework-vertisim_service-1      | Truncation: Aircraft 0 at SFO_PARK18 is not in available the list: []. 
rl-uam-framework-vertisim_service-1      | Simulation Completed. Total time to run: 0.34 seconds
rl-uam-framework-rl_algorithm-1          | RL called reset
rl-uam-framework-vertisim_service-1      | Applying action: [0, 1, 2, 2]
rl-uam-framework-vertisim_service-1      | Reserved aircraft: 2 at MV_PARK18. Time: 0
rl-uam-framework-vertisim_service-1      | Reserved aircraft: 3 at MV_PARK17. Time: 0
rl-uam-framework-vertisim_service-1      | Charging truncation: Aircraft 1 at SFO will not charge. Initial soc: 100. Final soc level (102). At time 0.
rl-uam-framework-vertisim_service-1      | Simulation Completed. Total time to run: 0.34 seconds
rl-uam-framework-rl_algorithm-1          | RL called reset
rl-uam-framework-vertisim_service-1      | Applying action: [1, 2, 1, 1]
rl-uam-framework-vertisim_service-1      | Reserved aircraft: 1 at SFO_PARK17. Time: 0
rl-uam-framework-vertisim_service-1      | Charging truncation: Aircraft 0 at SFO will not charge. Initial soc: 100. Final soc level (102). At time 0.
rl-uam-framework-vertisim_service-1      | Simulation Completed. Total time to run: 0.3 seconds
rl-uam-framework-rl_algorithm-1          | RL called reset
rl-uam-framework-vertisim_service-1      | Applying action: [2, 0, 1, 2]
rl-uam-framework-vertisim_service-1      | Reserved aircraft: 0 at SFO_PARK18. Time: 0
rl-uam-framework-vertisim_service-1      | Reserved aircraft: 3 at MV_PARK17. Time: 0
rl-uam-framework-vertisim_service-1      | Charging truncation: Aircraft 2 at MV will not charge. Initial soc: 100. Final soc level (102). At time 0.
rl-uam-framework-vertisim_service-1      | Simulation Completed. Total time to run: 0.3 seconds
rl-uam-framework-rl_algorithm-1          | RL called reset
rl-uam-framework-vertisim_service-1      | Applying action: [1, 2, 0, 2]
rl-uam-framework-vertisim_service-1      | Reserved aircraft: 1 at SFO_PARK17. Time: 0
rl-uam-framework-vertisim_service-1      | Reserved aircraft: 3 at MV_PARK17. Time: 0
rl-uam-framework-vertisim_service-1      | Charging truncation: Aircraft 0 at SFO will not charge. Initial soc: 100. Final soc level (102). At time 0.
rl-uam-framework-vertisim_service-1      | Simulation Completed. Total time to run: 0.32 seconds
rl-uam-framework-rl_algorithm-1          | RL called reset
rl-uam-framework-vertisim_service-1      | Applying action: [1, 2, 1, 0]
rl-uam-framework-vertisim_service-1      | Reserved aircraft: 1 at SFO_PARK17. Time: 0
rl-uam-framework-vertisim_service-1      | Charging truncation: Aircraft 0 at SFO will not charge. Initial soc: 100. Final soc level (102). At time 0.
rl-uam-framework-vertisim_service-1      | Simulation Completed. Total time to run: 0.34 seconds
rl-uam-framework-rl_algorithm-1          | RL called reset
rl-uam-framework-vertisim_service-1      | Applying action: [1, 1, 1, 1]
rl-uam-framework-vertisim_service-1      | Charging truncation: Aircraft 0 at SFO will not charge. Initial soc: 100. Final soc level (102). At time 0.
rl-uam-framework-vertisim_service-1      | Simulation Completed. Total time to run: 0.32 seconds
rl-uam-framework-rl_algorithm-1          | RL called reset
rl-uam-framework-vertisim_service-1      | Applying action: [0, 2, 1, 0]
rl-uam-framework-vertisim_service-1      | Reserved aircraft: 1 at SFO_PARK17. Time: 0
rl-uam-framework-vertisim_service-1      | Charging truncation: Aircraft 2 at MV will not charge. Initial soc: 100. Final soc level (102). At time 0.
rl-uam-framework-vertisim_service-1      | Simulation Completed. Total time to run: 0.31 seconds
rl-uam-framework-rl_algorithm-1          | RL called reset
rl-uam-framework-vertisim_service-1      | Applying action: [1, 0, 1, 2]
rl-uam-framework-vertisim_service-1      | Reserved aircraft: 3 at MV_PARK17. Time: 0
rl-uam-framework-vertisim_service-1      | Charging truncation: Aircraft 0 at SFO will not charge. Initial soc: 100. Final soc level (102). At time 0.
rl-uam-framework-vertisim_service-1      | Simulation Completed. Total time to run: 0.33 seconds
rl-uam-framework-rl_algorithm-1          | RL called reset
rl-uam-framework-vertisim_service-1      | Applying action: [2, 0, 2, 2]
rl-uam-framework-vertisim_service-1      | Reserved aircraft: 0 at SFO_PARK18. Time: 0
rl-uam-framework-vertisim_service-1      | Reserved aircraft: 2 at MV_PARK18. Time: 0
rl-uam-framework-vertisim_service-1      | Reserved aircraft: 3 at MV_PARK17. Time: 0
rl-uam-framework-vertisim_service-1      | Applying action: [1, 0, 2, 1]
rl-uam-framework-vertisim_service-1      | Truncation: Aircraft 0 at SFO_departure_fix is not in available the list: []. 
rl-uam-framework-vertisim_service-1      | Simulation Completed. Total time to run: 0.93 seconds
rl-uam-framework-rl_algorithm-1          | RL called reset
rl-uam-framework-vertisim_service-1      | Applying action: [0, 0, 2, 1]
rl-uam-framework-vertisim_service-1      | Reserved aircraft: 2 at MV_PARK18. Time: 0
rl-uam-framework-vertisim_service-1      | Charging truncation: Aircraft 3 at MV will not charge. Initial soc: 100. Final soc level (102). At time 0.
rl-uam-framework-vertisim_service-1      | Simulation Completed. Total time to run: 0.35 seconds
rl-uam-framework-rl_algorithm-1          | RL called reset
rl-uam-framework-vertisim_service-1      | Applying action: [1, 0, 0, 2]
rl-uam-framework-vertisim_service-1      | Reserved aircraft: 3 at MV_PARK17. Time: 0
rl-uam-framework-vertisim_service-1      | Charging truncation: Aircraft 0 at SFO will not charge. Initial soc: 100. Final soc level (102). At time 0.
rl-uam-framework-vertisim_service-1      | Simulation Completed. Total time to run: 0.33 seconds
rl-uam-framework-rl_algorithm-1          | RL called reset
rl-uam-framework-vertisim_service-1      | Applying action: [1, 1, 0, 1]
rl-uam-framework-vertisim_service-1      | Charging truncation: Aircraft 0 at SFO will not charge. Initial soc: 100. Final soc level (102). At time 0.
rl-uam-framework-vertisim_service-1      | Simulation Completed. Total time to run: 0.48 seconds
rl-uam-framework-rl_algorithm-1          | RL called reset
rl-uam-framework-vertisim_service-1      | Applying action: [1, 0, 2, 0]
rl-uam-framework-vertisim_service-1      | Reserved aircraft: 2 at MV_PARK18. Time: 0
rl-uam-framework-vertisim_service-1      | Charging truncation: Aircraft 0 at SFO will not charge. Initial soc: 100. Final soc level (102). At time 0.
rl-uam-framework-vertisim_service-1      | Simulation Completed. Total time to run: 0.4 seconds
rl-uam-framework-rl_algorithm-1          | RL called reset
rl-uam-framework-vertisim_service-1      | Applying action: [1, 0, 0, 1]
rl-uam-framework-vertisim_service-1      | Charging truncation: Aircraft 0 at SFO will not charge. Initial soc: 100. Final soc level (102). At time 0.
rl-uam-framework-vertisim_service-1      | Simulation Completed. Total time to run: 0.34 seconds
rl-uam-framework-rl_algorithm-1          | RL called reset
rl-uam-framework-vertisim_service-1      | Applying action: [2, 0, 0, 2]
rl-uam-framework-vertisim_service-1      | Reserved aircraft: 0 at SFO_PARK18. Time: 0
rl-uam-framework-vertisim_service-1      | Reserved aircraft: 3 at MV_PARK17. Time: 0
rl-uam-framework-vertisim_service-1      | Passenger 3 entered the waiting room at SFO. Currently waiting passengers: [0, 2, 3]. Time (sec): 182
rl-uam-framework-vertisim_service-1      | Applying action: [0, 2, 2, 0]
rl-uam-framework-vertisim_service-1      | Reserved aircraft: 1 at SFO_PARK17. Time: 181883.34
rl-uam-framework-vertisim_service-1      | Reserved aircraft: 2 at MV_PARK18. Time: 181883.34
rl-uam-framework-vertisim_service-1      | Applying action: [0, 2, 0, 1]
rl-uam-framework-vertisim_service-1      | Applying truncation. Aircraft 1 is not idling at the vertiport MV. Aircraft location: SFO_PARK17. Status: AircraftStatus.FLY. Current time: 195518.0
rl-uam-framework-vertisim_service-1      | Simulation Completed. Total time to run: 0.41 seconds
rl-uam-framework-rl_algorithm-1          | RL called reset
rl-uam-framework-vertisim_service-1      | Applying action: [0, 0, 2, 2]
rl-uam-framework-vertisim_service-1      | Reserved aircraft: 2 at MV_PARK18. Time: 0
rl-uam-framework-vertisim_service-1      | Reserved aircraft: 3 at MV_PARK17. Time: 0
rl-uam-framework-vertisim_service-1      | Applying action: [1, 0, 1, 1]
rl-uam-framework-vertisim_service-1      | Truncation: Aircraft 2 at MV_departure_fix is not in available the list: [1]. 
rl-uam-framework-vertisim_service-1      | Simulation Completed. Total time to run: 0.41 seconds
rl-uam-framework-rl_algorithm-1          | RL called reset
rl-uam-framework-vertisim_service-1      | Applying action: [2, 0, 0, 2]
rl-uam-framework-vertisim_service-1      | Reserved aircraft: 0 at SFO_PARK18. Time: 0
rl-uam-framework-vertisim_service-1      | Reserved aircraft: 3 at MV_PARK17. Time: 0
rl-uam-framework-vertisim_service-1      | Passenger 2 entered the waiting room at SFO. Currently waiting passengers: [0, 1, 2]. Time (sec): 129
rl-uam-framework-vertisim_service-1      | Applying action: [0, 1, 1, 0]
rl-uam-framework-vertisim_service-1      | Charging truncation: Aircraft 1 at SFO will not charge. Initial soc: 100. Final soc level (102). At time 128886.8.
rl-uam-framework-vertisim_service-1      | Simulation Completed. Total time to run: 0.37 seconds
rl-uam-framework-rl_algorithm-1          | RL called reset
rl-uam-framework-vertisim_service-1      | Applying action: [1, 2, 2, 2]
rl-uam-framework-vertisim_service-1      | Reserved aircraft: 1 at SFO_PARK17. Time: 0
rl-uam-framework-vertisim_service-1      | Reserved aircraft: 2 at MV_PARK18. Time: 0
rl-uam-framework-vertisim_service-1      | Reserved aircraft: 3 at MV_PARK17. Time: 0
rl-uam-framework-vertisim_service-1      | Charging truncation: Aircraft 0 at SFO will not charge. Initial soc: 100. Final soc level (102). At time 0.
rl-uam-framework-vertisim_service-1      | Simulation Completed. Total time to run: 0.35 seconds
rl-uam-framework-rl_algorithm-1          | RL called reset
rl-uam-framework-vertisim_service-1      | Applying action: [0, 2, 2, 0]
rl-uam-framework-vertisim_service-1      | Reserved aircraft: 1 at SFO_PARK17. Time: 0
rl-uam-framework-vertisim_service-1      | Reserved aircraft: 2 at MV_PARK18. Time: 0
rl-uam-framework-vertisim_service-1      | Passenger 3 entered the waiting room at MV. Currently waiting passengers: [0, 2, 3]. Time (sec): 182
rl-uam-framework-vertisim_service-1      | Applying action: [1, 1, 1, 1]
rl-uam-framework-vertisim_service-1      | Truncation: Aircraft 1 at SFO_hover_fix is not in available the list: [3]. 
rl-uam-framework-vertisim_service-1      | Simulation Completed. Total time to run: 0.32 seconds
rl-uam-framework-rl_algorithm-1          | RL called reset
rl-uam-framework-vertisim_service-1      | Applying action: [2, 2, 1, 1]
rl-uam-framework-vertisim_service-1      | Reserved aircraft: 0 at SFO_PARK18. Time: 0
rl-uam-framework-vertisim_service-1      | Reserved aircraft: 1 at SFO_PARK17. Time: 0
rl-uam-framework-vertisim_service-1      | Charging truncation: Aircraft 2 at MV will not charge. Initial soc: 100. Final soc level (102). At time 0.
rl-uam-framework-vertisim_service-1      | Simulation Completed. Total time to run: 0.32 seconds
rl-uam-framework-rl_algorithm-1          | RL called reset
rl-uam-framework-vertisim_service-1      | Applying action: [1, 2, 1, 1]
rl-uam-framework-vertisim_service-1      | Reserved aircraft: 1 at SFO_PARK17. Time: 0
rl-uam-framework-vertisim_service-1      | Charging truncation: Aircraft 0 at SFO will not charge. Initial soc: 100. Final soc level (102). At time 0.
rl-uam-framework-vertisim_service-1      | Simulation Completed. Total time to run: 0.32 seconds
rl-uam-framework-rl_algorithm-1          | RL called reset
rl-uam-framework-vertisim_service-1      | Applying action: [0, 2, 2, 1]
rl-uam-framework-vertisim_service-1      | Reserved aircraft: 1 at SFO_PARK17. Time: 0
rl-uam-framework-vertisim_service-1      | Reserved aircraft: 2 at MV_PARK18. Time: 0
rl-uam-framework-vertisim_service-1      | Charging truncation: Aircraft 3 at MV will not charge. Initial soc: 100. Final soc level (102). At time 0.
rl-uam-framework-vertisim_service-1      | Simulation Completed. Total time to run: 0.33 seconds
rl-uam-framework-rl_algorithm-1          | RL called reset
rl-uam-framework-vertisim_service-1      | Applying action: [2, 2, 2, 2]
rl-uam-framework-vertisim_service-1      | Reserved aircraft: 0 at SFO_PARK18. Time: 0
rl-uam-framework-vertisim_service-1      | Reserved aircraft: 1 at SFO_PARK17. Time: 0
rl-uam-framework-vertisim_service-1      | Reserved aircraft: 2 at MV_PARK18. Time: 0
rl-uam-framework-vertisim_service-1      | Reserved aircraft: 3 at MV_PARK17. Time: 0
rl-uam-framework-vertisim_service-1      | Applying action: [1, 1, 2, 1]
rl-uam-framework-vertisim_service-1      | Truncation: Aircraft 0 at SFO_departure_fix is not in available the list: []. 
rl-uam-framework-vertisim_service-1      | Simulation Completed. Total time to run: 0.33 seconds
rl-uam-framework-rl_algorithm-1          | RL called reset
rl-uam-framework-vertisim_service-1      | Applying action: [2, 0, 0, 0]
rl-uam-framework-vertisim_service-1      | Reserved aircraft: 0 at SFO_PARK18. Time: 0
rl-uam-framework-vertisim_service-1      | Applying action: [1, 0, 1, 1]
rl-uam-framework-vertisim_service-1      | Truncation: Aircraft 0 at SFO_departure_fix is not in available the list: [2, 3]. 
rl-uam-framework-vertisim_service-1      | Simulation Completed. Total time to run: 0.34 seconds
rl-uam-framework-rl_algorithm-1          | RL called reset
rl-uam-framework-vertisim_service-1      | Applying action: [1, 2, 2, 2]
rl-uam-framework-vertisim_service-1      | Reserved aircraft: 1 at SFO_PARK17. Time: 0
rl-uam-framework-vertisim_service-1      | Reserved aircraft: 2 at MV_PARK18. Time: 0
rl-uam-framework-vertisim_service-1      | Reserved aircraft: 3 at MV_PARK17. Time: 0
rl-uam-framework-vertisim_service-1      | Charging truncation: Aircraft 0 at SFO will not charge. Initial soc: 100. Final soc level (102). At time 0.
rl-uam-framework-vertisim_service-1      | Simulation Completed. Total time to run: 0.35 seconds
rl-uam-framework-rl_algorithm-1          | RL called reset
rl-uam-framework-vertisim_service-1      | Applying action: [2, 2, 0, 0]
rl-uam-framework-vertisim_service-1      | Reserved aircraft: 0 at SFO_PARK18. Time: 0
rl-uam-framework-vertisim_service-1      | Reserved aircraft: 1 at SFO_PARK17. Time: 0
rl-uam-framework-vertisim_service-1      | Applying action: [1, 0, 0, 2]
rl-uam-framework-vertisim_service-1      | Truncation: Aircraft 0 at SFO_departure_fix is not in available the list: [2, 3]. 
rl-uam-framework-vertisim_service-1      | Simulation Completed. Total time to run: 0.34 seconds
rl-uam-framework-rl_algorithm-1          | RL called reset
rl-uam-framework-vertisim_service-1      | Applying action: [1, 2, 2, 0]
rl-uam-framework-vertisim_service-1      | Reserved aircraft: 1 at SFO_PARK17. Time: 0
rl-uam-framework-vertisim_service-1      | Reserved aircraft: 2 at MV_PARK18. Time: 0
rl-uam-framework-vertisim_service-1      | Charging truncation: Aircraft 0 at SFO will not charge. Initial soc: 100. Final soc level (102). At time 0.
rl-uam-framework-vertisim_service-1      | Simulation Completed. Total time to run: 0.33 seconds
rl-uam-framework-rl_algorithm-1          | RL called reset
rl-uam-framework-vertisim_service-1      | Applying action: [0, 1, 2, 1]
rl-uam-framework-vertisim_service-1      | Reserved aircraft: 2 at MV_PARK18. Time: 0
rl-uam-framework-vertisim_service-1      | Charging truncation: Aircraft 1 at SFO will not charge. Initial soc: 100. Final soc level (102). At time 0.
rl-uam-framework-vertisim_service-1      | Simulation Completed. Total time to run: 0.35 seconds
rl-uam-framework-rl_algorithm-1          | RL called reset
rl-uam-framework-vertisim_service-1      | Applying action: [2, 0, 1, 1]
rl-uam-framework-vertisim_service-1      | Reserved aircraft: 0 at SFO_PARK18. Time: 0
rl-uam-framework-vertisim_service-1      | Charging truncation: Aircraft 2 at MV will not charge. Initial soc: 100. Final soc level (102). At time 0.
rl-uam-framework-vertisim_service-1      | Simulation Completed. Total time to run: 0.34 seconds
rl-uam-framework-rl_algorithm-1          | RL called reset
rl-uam-framework-vertisim_service-1      | Applying action: [0, 1, 1, 2]
rl-uam-framework-vertisim_service-1      | Reserved aircraft: 3 at MV_PARK17. Time: 0
rl-uam-framework-vertisim_service-1      | Charging truncation: Aircraft 1 at SFO will not charge. Initial soc: 100. Final soc level (102). At time 0.
rl-uam-framework-vertisim_service-1      | Simulation Completed. Total time to run: 0.5 seconds
rl-uam-framework-rl_algorithm-1          | RL called reset
rl-uam-framework-vertisim_service-1      | Applying action: [2, 0, 1, 2]
rl-uam-framework-vertisim_service-1      | Reserved aircraft: 0 at SFO_PARK18. Time: 0
rl-uam-framework-vertisim_service-1      | Reserved aircraft: 3 at MV_PARK17. Time: 0
rl-uam-framework-vertisim_service-1      | Charging truncation: Aircraft 2 at MV will not charge. Initial soc: 100. Final soc level (102). At time 0.
rl-uam-framework-vertisim_service-1      | Simulation Completed. Total time to run: 0.45 seconds
rl-uam-framework-rl_algorithm-1          | RL called reset
rl-uam-framework-vertisim_service-1      | Applying action: [2, 0, 2, 1]
rl-uam-framework-vertisim_service-1      | Reserved aircraft: 0 at SFO_PARK18. Time: 0
rl-uam-framework-vertisim_service-1      | Reserved aircraft: 2 at MV_PARK18. Time: 0
rl-uam-framework-vertisim_service-1      | Charging truncation: Aircraft 3 at MV will not charge. Initial soc: 100. Final soc level (102). At time 0.
rl-uam-framework-vertisim_service-1      | Simulation Completed. Total time to run: 0.5 seconds
rl-uam-framework-rl_algorithm-1          | RL called reset
rl-uam-framework-vertisim_service-1      | Applying action: [0, 0, 0, 0]
rl-uam-framework-vertisim_service-1      | Passenger 4 entered the waiting room at SFO. Currently waiting passengers: [1, 2, 4]. Time (sec): 580
rl-uam-framework-vertisim_service-1      | Applying action: [1, 2, 1, 1]
rl-uam-framework-vertisim_service-1      | Reserved aircraft: 1 at SFO_PARK17. Time: 579655.17
rl-uam-framework-vertisim_service-1      | Charging truncation: Aircraft 0 at SFO will not charge. Initial soc: 100. Final soc level (102). At time 579655.17.
rl-uam-framework-vertisim_service-1      | Simulation Completed. Total time to run: 0.44 seconds
rl-uam-framework-rl_algorithm-1          | RL called reset
rl-uam-framework-vertisim_service-1      | Applying action: [2, 2, 1, 2]
rl-uam-framework-vertisim_service-1      | Reserved aircraft: 0 at SFO_PARK18. Time: 0
rl-uam-framework-vertisim_service-1      | Reserved aircraft: 1 at SFO_PARK17. Time: 0
rl-uam-framework-vertisim_service-1      | Reserved aircraft: 3 at MV_PARK17. Time: 0
rl-uam-framework-vertisim_service-1      | Charging truncation: Aircraft 2 at MV will not charge. Initial soc: 100. Final soc level (102). At time 0.
rl-uam-framework-vertisim_service-1      | Simulation Completed. Total time to run: 0.35 seconds
rl-uam-framework-rl_algorithm-1          | RL called reset
rl-uam-framework-vertisim_service-1      | Applying action: [1, 0, 2, 1]
rl-uam-framework-vertisim_service-1      | Reserved aircraft: 2 at MV_PARK18. Time: 0
rl-uam-framework-vertisim_service-1      | Charging truncation: Aircraft 0 at SFO will not charge. Initial soc: 100. Final soc level (102). At time 0.
rl-uam-framework-vertisim_service-1      | Simulation Completed. Total time to run: 0.34 seconds
rl-uam-framework-rl_algorithm-1          | RL called reset
rl-uam-framework-vertisim_service-1      | Applying action: [2, 0, 1, 0]
rl-uam-framework-vertisim_service-1      | Reserved aircraft: 0 at SFO_PARK18. Time: 0
rl-uam-framework-vertisim_service-1      | Charging truncation: Aircraft 2 at MV will not charge. Initial soc: 100. Final soc level (102). At time 0.
rl-uam-framework-vertisim_service-1      | Simulation Completed. Total time to run: 0.31 seconds
rl-uam-framework-rl_algorithm-1          | RL called reset
rl-uam-framework-vertisim_service-1      | Applying action: [1, 0, 1, 2]
rl-uam-framework-vertisim_service-1      | Reserved aircraft: 3 at MV_PARK17. Time: 0
rl-uam-framework-vertisim_service-1      | Charging truncation: Aircraft 0 at SFO will not charge. Initial soc: 100. Final soc level (102). At time 0.
rl-uam-framework-vertisim_service-1      | Simulation Completed. Total time to run: 0.34 seconds
rl-uam-framework-rl_algorithm-1          | RL called reset
rl-uam-framework-vertisim_service-1      | Applying action: [1, 0, 1, 1]
rl-uam-framework-vertisim_service-1      | Charging truncation: Aircraft 0 at SFO will not charge. Initial soc: 100. Final soc level (102). At time 0.
rl-uam-framework-vertisim_service-1      | Simulation Completed. Total time to run: 0.32 seconds
rl-uam-framework-rl_algorithm-1          | RL called reset
rl-uam-framework-vertisim_service-1      | Applying action: [0, 1, 1, 1]
rl-uam-framework-vertisim_service-1      | Charging truncation: Aircraft 1 at SFO will not charge. Initial soc: 100. Final soc level (102). At time 0.
rl-uam-framework-vertisim_service-1      | Simulation Completed. Total time to run: 0.32 seconds
rl-uam-framework-rl_algorithm-1          | RL called reset
rl-uam-framework-vertisim_service-1      | Applying action: [1, 0, 1, 0]
rl-uam-framework-vertisim_service-1      | Charging truncation: Aircraft 0 at SFO will not charge. Initial soc: 100. Final soc level (102). At time 0.
rl-uam-framework-vertisim_service-1      | Simulation Completed. Total time to run: 0.87 seconds
rl-uam-framework-rl_algorithm-1          | RL called reset
rl-uam-framework-vertisim_service-1      | Applying action: [1, 2, 1, 2]
rl-uam-framework-vertisim_service-1      | Reserved aircraft: 1 at SFO_PARK17. Time: 0
rl-uam-framework-vertisim_service-1      | Reserved aircraft: 3 at MV_PARK17. Time: 0
rl-uam-framework-vertisim_service-1      | Charging truncation: Aircraft 0 at SFO will not charge. Initial soc: 100. Final soc level (102). At time 0.
rl-uam-framework-vertisim_service-1      | Simulation Completed. Total time to run: 0.32 seconds
rl-uam-framework-rl_algorithm-1          | RL called reset
rl-uam-framework-vertisim_service-1      | Applying action: [1, 0, 0, 0]
rl-uam-framework-vertisim_service-1      | Charging truncation: Aircraft 0 at SFO will not charge. Initial soc: 100. Final soc level (102). At time 0.
rl-uam-framework-vertisim_service-1      | Simulation Completed. Total time to run: 0.33 seconds
rl-uam-framework-rl_algorithm-1          | RL called reset
rl-uam-framework-vertisim_service-1      | Applying action: [0, 1, 2, 0]
rl-uam-framework-vertisim_service-1      | Reserved aircraft: 2 at MV_PARK18. Time: 0
rl-uam-framework-vertisim_service-1      | Charging truncation: Aircraft 1 at SFO will not charge. Initial soc: 100. Final soc level (102). At time 0.
rl-uam-framework-vertisim_service-1      | Simulation Completed. Total time to run: 0.37 seconds
rl-uam-framework-rl_algorithm-1          | RL called reset
rl-uam-framework-vertisim_service-1      | Applying action: [1, 2, 1, 2]
rl-uam-framework-vertisim_service-1      | Reserved aircraft: 1 at SFO_PARK17. Time: 0
rl-uam-framework-vertisim_service-1      | Reserved aircraft: 3 at MV_PARK17. Time: 0
rl-uam-framework-vertisim_service-1      | Charging truncation: Aircraft 0 at SFO will not charge. Initial soc: 100. Final soc level (102). At time 0.
rl-uam-framework-vertisim_service-1      | Simulation Completed. Total time to run: 0.3 seconds
rl-uam-framework-rl_algorithm-1          | RL called reset
rl-uam-framework-vertisim_service-1      | Applying action: [1, 0, 0, 2]
rl-uam-framework-vertisim_service-1      | Reserved aircraft: 3 at MV_PARK17. Time: 0
rl-uam-framework-vertisim_service-1      | Charging truncation: Aircraft 0 at SFO will not charge. Initial soc: 100. Final soc level (102). At time 0.
rl-uam-framework-vertisim_service-1      | Simulation Completed. Total time to run: 0.32 seconds
rl-uam-framework-rl_algorithm-1          | RL called reset
rl-uam-framework-vertisim_service-1      | Applying action: [1, 1, 1, 2]
rl-uam-framework-vertisim_service-1      | Reserved aircraft: 3 at MV_PARK17. Time: 0
rl-uam-framework-vertisim_service-1      | Charging truncation: Aircraft 0 at SFO will not charge. Initial soc: 100. Final soc level (102). At time 0.
rl-uam-framework-vertisim_service-1      | Simulation Completed. Total time to run: 0.31 seconds
rl-uam-framework-rl_algorithm-1          | RL called reset
rl-uam-framework-vertisim_service-1      | Applying action: [2, 1, 1, 1]
rl-uam-framework-vertisim_service-1      | Reserved aircraft: 0 at SFO_PARK18. Time: 0
rl-uam-framework-vertisim_service-1      | Charging truncation: Aircraft 1 at SFO will not charge. Initial soc: 100. Final soc level (102). At time 0.
rl-uam-framework-vertisim_service-1      | Simulation Completed. Total time to run: 0.31 seconds
rl-uam-framework-rl_algorithm-1          | RL called reset
rl-uam-framework-vertisim_service-1      | Applying action: [2, 0, 0, 2]
rl-uam-framework-vertisim_service-1      | Reserved aircraft: 0 at SFO_PARK18. Time: 0
rl-uam-framework-vertisim_service-1      | Reserved aircraft: 3 at MV_PARK17. Time: 0
rl-uam-framework-vertisim_service-1      | Applying action: [1, 2, 0, 1]
rl-uam-framework-vertisim_service-1      | Truncation: Aircraft 0 at SFO_departure_fix is not in available the list: [2]. 
rl-uam-framework-vertisim_service-1      | Simulation Completed. Total time to run: 0.33 seconds
rl-uam-framework-rl_algorithm-1          | RL called reset
rl-uam-framework-vertisim_service-1      | Applying action: [0, 0, 1, 1]
rl-uam-framework-vertisim_service-1      | Charging truncation: Aircraft 2 at MV will not charge. Initial soc: 100. Final soc level (102). At time 0.
rl-uam-framework-vertisim_service-1      | Simulation Completed. Total time to run: 0.31 seconds
rl-uam-framework-rl_algorithm-1          | RL called reset
rl-uam-framework-vertisim_service-1      | Applying action: [2, 1, 1, 2]
rl-uam-framework-vertisim_service-1      | Reserved aircraft: 0 at SFO_PARK18. Time: 0
rl-uam-framework-vertisim_service-1      | Reserved aircraft: 3 at MV_PARK17. Time: 0
rl-uam-framework-vertisim_service-1      | Charging truncation: Aircraft 1 at SFO will not charge. Initial soc: 100. Final soc level (102). At time 0.
rl-uam-framework-vertisim_service-1      | Simulation Completed. Total time to run: 0.38 seconds
rl-uam-framework-rl_algorithm-1          | RL called reset
rl-uam-framework-vertisim_service-1      | Applying action: [1, 1, 0, 0]
rl-uam-framework-vertisim_service-1      | Charging truncation: Aircraft 0 at SFO will not charge. Initial soc: 100. Final soc level (102). At time 0.
rl-uam-framework-vertisim_service-1      | Simulation Completed. Total time to run: 0.34 seconds
rl-uam-framework-rl_algorithm-1          | RL called reset
rl-uam-framework-vertisim_service-1      | Applying action: [2, 2, 1, 1]
rl-uam-framework-vertisim_service-1      | Reserved aircraft: 0 at SFO_PARK18. Time: 0
rl-uam-framework-vertisim_service-1      | Reserved aircraft: 1 at SFO_PARK17. Time: 0
rl-uam-framework-vertisim_service-1      | Charging truncation: Aircraft 2 at MV will not charge. Initial soc: 100. Final soc level (102). At time 0.
rl-uam-framework-vertisim_service-1      | Simulation Completed. Total time to run: 0.32 seconds
rl-uam-framework-rl_algorithm-1          | RL called reset
rl-uam-framework-vertisim_service-1      | Applying action: [1, 0, 2, 1]
rl-uam-framework-vertisim_service-1      | Reserved aircraft: 2 at MV_PARK18. Time: 0
rl-uam-framework-vertisim_service-1      | Charging truncation: Aircraft 0 at SFO will not charge. Initial soc: 100. Final soc level (102). At time 0.
rl-uam-framework-vertisim_service-1      | Simulation Completed. Total time to run: 0.45 seconds
rl-uam-framework-rl_algorithm-1          | RL called reset
rl-uam-framework-vertisim_service-1      | Applying action: [0, 2, 0, 2]
rl-uam-framework-vertisim_service-1      | Reserved aircraft: 1 at SFO_PARK17. Time: 0
rl-uam-framework-vertisim_service-1      | Reserved aircraft: 3 at MV_PARK17. Time: 0
rl-uam-framework-vertisim_service-1      | Applying action: [1, 1, 2, 2]
rl-uam-framework-vertisim_service-1      | Truncation: Aircraft 1 at SFO_departure_fix is not in available the list: [2]. 
rl-uam-framework-vertisim_service-1      | Simulation Completed. Total time to run: 0.34 seconds
rl-uam-framework-rl_algorithm-1          | RL called reset
rl-uam-framework-vertisim_service-1      | Applying action: [2, 0, 1, 0]
rl-uam-framework-vertisim_service-1      | Reserved aircraft: 0 at SFO_PARK18. Time: 0
rl-uam-framework-vertisim_service-1      | Charging truncation: Aircraft 2 at MV will not charge. Initial soc: 100. Final soc level (102). At time 0.
rl-uam-framework-vertisim_service-1      | Simulation Completed. Total time to run: 0.33 seconds
rl-uam-framework-rl_algorithm-1          | RL called reset
rl-uam-framework-vertisim_service-1      | Applying action: [2, 0, 1, 0]
rl-uam-framework-vertisim_service-1      | Reserved aircraft: 0 at SFO_PARK18. Time: 0
rl-uam-framework-vertisim_service-1      | Charging truncation: Aircraft 2 at MV will not charge. Initial soc: 100. Final soc level (102). At time 0.
rl-uam-framework-vertisim_service-1      | Simulation Completed. Total time to run: 0.32 seconds
rl-uam-framework-rl_algorithm-1          | RL called reset
rl-uam-framework-vertisim_service-1      | Applying action: [2, 0, 0, 2]
rl-uam-framework-vertisim_service-1      | Reserved aircraft: 0 at SFO_PARK18. Time: 0
rl-uam-framework-vertisim_service-1      | Reserved aircraft: 3 at MV_PARK17. Time: 0
rl-uam-framework-vertisim_service-1      | Applying action: [1, 2, 0, 0]
rl-uam-framework-vertisim_service-1      | Truncation: Aircraft 0 at SFO_departure_fix is not in available the list: [2]. 
rl-uam-framework-vertisim_service-1      | Simulation Completed. Total time to run: 0.32 seconds
rl-uam-framework-rl_algorithm-1          | RL called reset
rl-uam-framework-vertisim_service-1      | Applying action: [1, 1, 0, 1]
rl-uam-framework-vertisim_service-1      | Charging truncation: Aircraft 0 at SFO will not charge. Initial soc: 100. Final soc level (102). At time 0.
rl-uam-framework-vertisim_service-1      | Simulation Completed. Total time to run: 0.32 seconds
rl-uam-framework-rl_algorithm-1          | RL called reset
rl-uam-framework-vertisim_service-1      | Applying action: [2, 1, 2, 1]
rl-uam-framework-vertisim_service-1      | Reserved aircraft: 0 at SFO_PARK18. Time: 0
rl-uam-framework-vertisim_service-1      | Reserved aircraft: 2 at MV_PARK18. Time: 0
rl-uam-framework-vertisim_service-1      | Charging truncation: Aircraft 1 at SFO will not charge. Initial soc: 100. Final soc level (102). At time 0.
rl-uam-framework-vertisim_service-1      | Simulation Completed. Total time to run: 0.31 seconds
rl-uam-framework-rl_algorithm-1          | RL called reset
rl-uam-framework-vertisim_service-1      | Applying action: [1, 0, 0, 0]
rl-uam-framework-vertisim_service-1      | Charging truncation: Aircraft 0 at SFO will not charge. Initial soc: 100. Final soc level (102). At time 0.
rl-uam-framework-vertisim_service-1      | Simulation Completed. Total time to run: 0.3 seconds
rl-uam-framework-rl_algorithm-1          | RL called reset
rl-uam-framework-vertisim_service-1      | Applying action: [0, 0, 1, 0]
rl-uam-framework-vertisim_service-1      | Charging truncation: Aircraft 2 at MV will not charge. Initial soc: 100. Final soc level (102). At time 0.
rl-uam-framework-vertisim_service-1      | Simulation Completed. Total time to run: 0.29 seconds
rl-uam-framework-rl_algorithm-1          | RL called reset
rl-uam-framework-vertisim_service-1      | Applying action: [0, 0, 2, 2]
rl-uam-framework-vertisim_service-1      | Reserved aircraft: 2 at MV_PARK18. Time: 0
rl-uam-framework-vertisim_service-1      | Reserved aircraft: 3 at MV_PARK17. Time: 0
rl-uam-framework-vertisim_service-1      | Applying action: [0, 0, 1, 1]
rl-uam-framework-vertisim_service-1      | Truncation: Aircraft 2 at MV_departure_fix is not in available the list: [0, 1]. 
rl-uam-framework-vertisim_service-1      | Simulation Completed. Total time to run: 0.3 seconds
rl-uam-framework-rl_algorithm-1          | RL called reset
rl-uam-framework-vertisim_service-1      | Applying action: [1, 0, 2, 2]
rl-uam-framework-vertisim_service-1      | Reserved aircraft: 2 at MV_PARK18. Time: 0
rl-uam-framework-vertisim_service-1      | Reserved aircraft: 3 at MV_PARK17. Time: 0
rl-uam-framework-vertisim_service-1      | Charging truncation: Aircraft 0 at SFO will not charge. Initial soc: 100. Final soc level (102). At time 0.
rl-uam-framework-vertisim_service-1      | Simulation Completed. Total time to run: 0.32 seconds
rl-uam-framework-rl_algorithm-1          | RL called reset
rl-uam-framework-vertisim_service-1      | Applying action: [2, 2, 0, 2]
rl-uam-framework-vertisim_service-1      | Reserved aircraft: 0 at SFO_PARK18. Time: 0
rl-uam-framework-vertisim_service-1      | Reserved aircraft: 1 at SFO_PARK17. Time: 0
rl-uam-framework-vertisim_service-1      | Reserved aircraft: 3 at MV_PARK17. Time: 0
rl-uam-framework-vertisim_service-1      | Applying action: [0, 0, 1, 2]
rl-uam-framework-vertisim_service-1      | Applying truncation. Aircraft 3 is not idling at the vertiport SFO. Aircraft location: MV_departure_fix. Status: AircraftStatus.FLY. Current time: 195518.0
rl-uam-framework-vertisim_service-1      | Simulation Completed. Total time to run: 0.33 seconds
rl-uam-framework-rl_algorithm-1          | RL called reset
rl-uam-framework-vertisim_service-1      | Applying action: [0, 2, 0, 1]
rl-uam-framework-vertisim_service-1      | Reserved aircraft: 1 at SFO_PARK17. Time: 0
rl-uam-framework-vertisim_service-1      | Charging truncation: Aircraft 3 at MV will not charge. Initial soc: 100. Final soc level (102). At time 0.
rl-uam-framework-vertisim_service-1      | Simulation Completed. Total time to run: 0.3 seconds
rl-uam-framework-rl_algorithm-1          | RL called reset
rl-uam-framework-vertisim_service-1      | Applying action: [0, 1, 1, 0]
rl-uam-framework-vertisim_service-1      | Charging truncation: Aircraft 1 at SFO will not charge. Initial soc: 100. Final soc level (102). At time 0.
rl-uam-framework-vertisim_service-1      | Simulation Completed. Total time to run: 0.31 seconds
rl-uam-framework-rl_algorithm-1          | RL called reset
rl-uam-framework-vertisim_service-1      | Applying action: [1, 0, 1, 0]
rl-uam-framework-vertisim_service-1      | Charging truncation: Aircraft 0 at SFO will not charge. Initial soc: 100. Final soc level (102). At time 0.
rl-uam-framework-vertisim_service-1      | Simulation Completed. Total time to run: 0.9 seconds
rl-uam-framework-rl_algorithm-1          | RL called reset
rl-uam-framework-vertisim_service-1      | Applying action: [0, 0, 1, 0]
rl-uam-framework-vertisim_service-1      | Charging truncation: Aircraft 2 at MV will not charge. Initial soc: 100. Final soc level (102). At time 0.
rl-uam-framework-vertisim_service-1      | Simulation Completed. Total time to run: 0.3 seconds
rl-uam-framework-rl_algorithm-1          | RL called reset
rl-uam-framework-vertisim_service-1      | Applying action: [2, 0, 1, 0]
rl-uam-framework-vertisim_service-1      | Reserved aircraft: 0 at SFO_PARK18. Time: 0
rl-uam-framework-vertisim_service-1      | Charging truncation: Aircraft 2 at MV will not charge. Initial soc: 100. Final soc level (102). At time 0.
rl-uam-framework-vertisim_service-1      | Simulation Completed. Total time to run: 0.3 seconds
rl-uam-framework-rl_algorithm-1          | RL called reset
rl-uam-framework-vertisim_service-1      | Applying action: [2, 0, 1, 2]
rl-uam-framework-vertisim_service-1      | Reserved aircraft: 0 at SFO_PARK18. Time: 0
rl-uam-framework-vertisim_service-1      | Reserved aircraft: 3 at MV_PARK17. Time: 0
rl-uam-framework-vertisim_service-1      | Charging truncation: Aircraft 2 at MV will not charge. Initial soc: 100. Final soc level (102). At time 0.
rl-uam-framework-vertisim_service-1      | Simulation Completed. Total time to run: 0.32 seconds
rl-uam-framework-rl_algorithm-1          | RL called reset
rl-uam-framework-vertisim_service-1      | Applying action: [1, 0, 0, 1]
rl-uam-framework-vertisim_service-1      | Charging truncation: Aircraft 0 at SFO will not charge. Initial soc: 100. Final soc level (102). At time 0.
rl-uam-framework-vertisim_service-1      | Simulation Completed. Total time to run: 0.38 seconds
rl-uam-framework-rl_algorithm-1          | RL called reset
rl-uam-framework-vertisim_service-1      | Applying action: [0, 2, 1, 1]
rl-uam-framework-vertisim_service-1      | Reserved aircraft: 1 at SFO_PARK17. Time: 0
rl-uam-framework-vertisim_service-1      | Charging truncation: Aircraft 2 at MV will not charge. Initial soc: 100. Final soc level (102). At time 0.
rl-uam-framework-vertisim_service-1      | Simulation Completed. Total time to run: 0.3 seconds
rl-uam-framework-rl_algorithm-1          | RL called reset
rl-uam-framework-vertisim_service-1      | Applying action: [1, 2, 0, 1]
rl-uam-framework-vertisim_service-1      | Reserved aircraft: 1 at SFO_PARK17. Time: 0
rl-uam-framework-vertisim_service-1      | Charging truncation: Aircraft 0 at SFO will not charge. Initial soc: 100. Final soc level (102). At time 0.
rl-uam-framework-vertisim_service-1      | Simulation Completed. Total time to run: 0.34 seconds
rl-uam-framework-rl_algorithm-1          | RL called reset
rl-uam-framework-vertisim_service-1      | Applying action: [1, 0, 2, 0]
rl-uam-framework-vertisim_service-1      | Reserved aircraft: 2 at MV_PARK18. Time: 0
rl-uam-framework-vertisim_service-1      | Charging truncation: Aircraft 0 at SFO will not charge. Initial soc: 100. Final soc level (102). At time 0.
rl-uam-framework-vertisim_service-1      | Simulation Completed. Total time to run: 0.31 seconds
rl-uam-framework-rl_algorithm-1          | RL called reset
rl-uam-framework-vertisim_service-1      | Applying action: [1, 0, 1, 2]
rl-uam-framework-vertisim_service-1      | Reserved aircraft: 3 at MV_PARK17. Time: 0
rl-uam-framework-vertisim_service-1      | Charging truncation: Aircraft 0 at SFO will not charge. Initial soc: 100. Final soc level (102). At time 0.
rl-uam-framework-vertisim_service-1      | Simulation Completed. Total time to run: 0.33 seconds
rl-uam-framework-rl_algorithm-1          | RL called reset
rl-uam-framework-vertisim_service-1      | Applying action: [0, 0, 2, 0]
rl-uam-framework-vertisim_service-1      | Reserved aircraft: 2 at MV_PARK18. Time: 0
rl-uam-framework-vertisim_service-1      | Applying action: [1, 0, 2, 1]
rl-uam-framework-vertisim_service-1      | Applying truncation. Aircraft 2 is not idling at the vertiport SFO. Aircraft location: MV_departure_fix. Status: AircraftStatus.FLY. Current time: 195518.0
rl-uam-framework-vertisim_service-1      | Simulation Completed. Total time to run: 0.33 seconds
rl-uam-framework-rl_algorithm-1          | RL called reset
rl-uam-framework-vertisim_service-1      | Applying action: [2, 0, 1, 0]
rl-uam-framework-vertisim_service-1      | Reserved aircraft: 0 at SFO_PARK18. Time: 0
rl-uam-framework-vertisim_service-1      | Charging truncation: Aircraft 2 at MV will not charge. Initial soc: 100. Final soc level (102). At time 0.
rl-uam-framework-vertisim_service-1      | Simulation Completed. Total time to run: 0.32 seconds
rl-uam-framework-rl_algorithm-1          | RL called reset
rl-uam-framework-vertisim_service-1      | Applying action: [2, 0, 1, 2]
rl-uam-framework-vertisim_service-1      | Reserved aircraft: 0 at SFO_PARK18. Time: 0
rl-uam-framework-vertisim_service-1      | Reserved aircraft: 3 at MV_PARK17. Time: 0
rl-uam-framework-vertisim_service-1      | Charging truncation: Aircraft 2 at MV will not charge. Initial soc: 100. Final soc level (102). At time 0.
rl-uam-framework-vertisim_service-1      | Simulation Completed. Total time to run: 0.31 seconds
rl-uam-framework-rl_algorithm-1          | RL called reset
rl-uam-framework-vertisim_service-1      | Applying action: [1, 0, 1, 2]
rl-uam-framework-vertisim_service-1      | Reserved aircraft: 3 at MV_PARK17. Time: 0
rl-uam-framework-vertisim_service-1      | Charging truncation: Aircraft 0 at SFO will not charge. Initial soc: 100. Final soc level (102). At time 0.
rl-uam-framework-vertisim_service-1      | Simulation Completed. Total time to run: 0.32 seconds
rl-uam-framework-rl_algorithm-1          | RL called reset
rl-uam-framework-vertisim_service-1      | Applying action: [1, 0, 0, 1]
rl-uam-framework-vertisim_service-1      | Charging truncation: Aircraft 0 at SFO will not charge. Initial soc: 100. Final soc level (102). At time 0.
rl-uam-framework-vertisim_service-1      | Simulation Completed. Total time to run: 0.31 seconds
rl-uam-framework-rl_algorithm-1          | RL called reset
rl-uam-framework-vertisim_service-1      | Applying action: [2, 0, 0, 0]
rl-uam-framework-vertisim_service-1      | Reserved aircraft: 0 at SFO_PARK18. Time: 0
rl-uam-framework-vertisim_service-1      | Applying action: [1, 2, 1, 1]
rl-uam-framework-vertisim_service-1      | Truncation: Aircraft 0 at SFO_departure_fix is not in available the list: [2, 3]. 
rl-uam-framework-vertisim_service-1      | Simulation Completed. Total time to run: 0.32 seconds
rl-uam-framework-rl_algorithm-1          | RL called reset
rl-uam-framework-vertisim_service-1      | Applying action: [1, 1, 1, 2]
rl-uam-framework-vertisim_service-1      | Reserved aircraft: 3 at MV_PARK17. Time: 0
rl-uam-framework-vertisim_service-1      | Charging truncation: Aircraft 0 at SFO will not charge. Initial soc: 100. Final soc level (102). At time 0.
rl-uam-framework-vertisim_service-1      | Simulation Completed. Total time to run: 0.33 seconds
rl-uam-framework-rl_algorithm-1          | RL called reset
rl-uam-framework-vertisim_service-1      | Applying action: [1, 1, 1, 0]
rl-uam-framework-vertisim_service-1      | Charging truncation: Aircraft 0 at SFO will not charge. Initial soc: 100. Final soc level (102). At time 0.
rl-uam-framework-vertisim_service-1      | Simulation Completed. Total time to run: 0.3 seconds
rl-uam-framework-rl_algorithm-1          | RL called reset
rl-uam-framework-vertisim_service-1      | Applying action: [2, 1, 0, 2]
rl-uam-framework-vertisim_service-1      | Reserved aircraft: 0 at SFO_PARK18. Time: 0
rl-uam-framework-vertisim_service-1      | Reserved aircraft: 3 at MV_PARK17. Time: 0
rl-uam-framework-vertisim_service-1      | Charging truncation: Aircraft 1 at SFO will not charge. Initial soc: 100. Final soc level (102). At time 0.
rl-uam-framework-vertisim_service-1      | Simulation Completed. Total time to run: 0.31 seconds
rl-uam-framework-rl_algorithm-1          | RL called reset
rl-uam-framework-vertisim_service-1      | Applying action: [0, 1, 0, 0]
rl-uam-framework-vertisim_service-1      | Charging truncation: Aircraft 1 at SFO will not charge. Initial soc: 100. Final soc level (102). At time 0.
rl-uam-framework-vertisim_service-1      | Simulation Completed. Total time to run: 0.3 seconds
rl-uam-framework-rl_algorithm-1          | RL called reset
rl-uam-framework-vertisim_service-1      | Applying action: [1, 0, 2, 1]
rl-uam-framework-vertisim_service-1      | Reserved aircraft: 2 at MV_PARK18. Time: 0
rl-uam-framework-vertisim_service-1      | Charging truncation: Aircraft 0 at SFO will not charge. Initial soc: 100. Final soc level (102). At time 0.
rl-uam-framework-vertisim_service-1      | Simulation Completed. Total time to run: 0.32 seconds
rl-uam-framework-rl_algorithm-1          | RL called reset
rl-uam-framework-vertisim_service-1      | Applying action: [2, 0, 0, 0]
rl-uam-framework-vertisim_service-1      | Reserved aircraft: 0 at SFO_PARK18. Time: 0
rl-uam-framework-vertisim_service-1      | Applying action: [0, 0, 0, 2]
rl-uam-framework-vertisim_service-1      | Reserved aircraft: 3 at MV_PARK17. Time: 195518.0
rl-uam-framework-vertisim_service-1      | Applying action: [2, 2, 1, 1]
rl-uam-framework-vertisim_service-1      | Applying truncation. Aircraft 0 is not idling at the vertiport MV. Aircraft location: SFO_MV_waypoint_4. Status: AircraftStatus.FLY. Current time: 391036.0
rl-uam-framework-vertisim_service-1      | Simulation Completed. Total time to run: 0.34 seconds
rl-uam-framework-rl_algorithm-1          | RL called reset
rl-uam-framework-vertisim_service-1      | Applying action: [2, 2, 0, 2]
rl-uam-framework-vertisim_service-1      | Reserved aircraft: 0 at SFO_PARK18. Time: 0
rl-uam-framework-vertisim_service-1      | Reserved aircraft: 1 at SFO_PARK17. Time: 0
rl-uam-framework-vertisim_service-1      | Reserved aircraft: 3 at MV_PARK17. Time: 0
rl-uam-framework-vertisim_service-1      | Applying action: [1, 0, 1, 0]
rl-uam-framework-vertisim_service-1      | Truncation: Aircraft 0 at SFO_departure_fix is not in available the list: [2]. 
rl-uam-framework-vertisim_service-1      | Simulation Completed. Total time to run: 0.33 seconds
rl-uam-framework-rl_algorithm-1          | RL called reset
rl-uam-framework-vertisim_service-1      | Applying action: [1, 0, 1, 1]
rl-uam-framework-vertisim_service-1      | Charging truncation: Aircraft 0 at SFO will not charge. Initial soc: 100. Final soc level (102). At time 0.
rl-uam-framework-vertisim_service-1      | Simulation Completed. Total time to run: 0.33 seconds
rl-uam-framework-rl_algorithm-1          | RL called reset
rl-uam-framework-vertisim_service-1      | Applying action: [1, 1, 0, 1]
rl-uam-framework-vertisim_service-1      | Charging truncation: Aircraft 0 at SFO will not charge. Initial soc: 100. Final soc level (102). At time 0.
rl-uam-framework-vertisim_service-1      | Simulation Completed. Total time to run: 0.31 seconds
rl-uam-framework-rl_algorithm-1          | RL called reset
rl-uam-framework-vertisim_service-1      | Applying action: [0, 2, 1, 2]
rl-uam-framework-vertisim_service-1      | Reserved aircraft: 1 at SFO_PARK17. Time: 0
rl-uam-framework-vertisim_service-1      | Reserved aircraft: 3 at MV_PARK17. Time: 0
rl-uam-framework-vertisim_service-1      | Charging truncation: Aircraft 2 at MV will not charge. Initial soc: 100. Final soc level (102). At time 0.
rl-uam-framework-vertisim_service-1      | Simulation Completed. Total time to run: 0.33 seconds
rl-uam-framework-rl_algorithm-1          | RL called reset
rl-uam-framework-vertisim_service-1      | Applying action: [1, 1, 2, 2]
rl-uam-framework-vertisim_service-1      | Reserved aircraft: 2 at MV_PARK18. Time: 0
rl-uam-framework-vertisim_service-1      | Reserved aircraft: 3 at MV_PARK17. Time: 0
rl-uam-framework-vertisim_service-1      | Charging truncation: Aircraft 0 at SFO will not charge. Initial soc: 100. Final soc level (102). At time 0.
rl-uam-framework-vertisim_service-1      | Simulation Completed. Total time to run: 0.32 seconds
rl-uam-framework-rl_algorithm-1          | RL called reset
rl-uam-framework-vertisim_service-1      | Applying action: [1, 0, 0, 1]
rl-uam-framework-vertisim_service-1      | Charging truncation: Aircraft 0 at SFO will not charge. Initial soc: 100. Final soc level (102). At time 0.
rl-uam-framework-vertisim_service-1      | Simulation Completed. Total time to run: 0.33 seconds
rl-uam-framework-rl_algorithm-1          | RL called reset
rl-uam-framework-vertisim_service-1      | Applying action: [1, 0, 1, 0]
rl-uam-framework-vertisim_service-1      | Charging truncation: Aircraft 0 at SFO will not charge. Initial soc: 100. Final soc level (102). At time 0.
rl-uam-framework-vertisim_service-1      | Simulation Completed. Total time to run: 0.35 seconds
rl-uam-framework-rl_algorithm-1          | RL called reset
rl-uam-framework-vertisim_service-1      | Applying action: [1, 0, 1, 0]
rl-uam-framework-vertisim_service-1      | Charging truncation: Aircraft 0 at SFO will not charge. Initial soc: 100. Final soc level (102). At time 0.
rl-uam-framework-vertisim_service-1      | Simulation Completed. Total time to run: 0.3 seconds
rl-uam-framework-rl_algorithm-1          | RL called reset
rl-uam-framework-vertisim_service-1      | Applying action: [2, 0, 0, 1]
rl-uam-framework-vertisim_service-1      | Reserved aircraft: 0 at SFO_PARK18. Time: 0
rl-uam-framework-vertisim_service-1      | Charging truncation: Aircraft 3 at MV will not charge. Initial soc: 100. Final soc level (102). At time 0.
rl-uam-framework-vertisim_service-1      | Simulation Completed. Total time to run: 1.06 seconds
rl-uam-framework-rl_algorithm-1          | RL called reset
rl-uam-framework-vertisim_service-1      | Applying action: [2, 2, 2, 1]
rl-uam-framework-vertisim_service-1      | Reserved aircraft: 0 at SFO_PARK18. Time: 0
rl-uam-framework-vertisim_service-1      | Reserved aircraft: 1 at SFO_PARK17. Time: 0
rl-uam-framework-vertisim_service-1      | Reserved aircraft: 2 at MV_PARK18. Time: 0
rl-uam-framework-vertisim_service-1      | Charging truncation: Aircraft 3 at MV will not charge. Initial soc: 100. Final soc level (102). At time 0.
rl-uam-framework-vertisim_service-1      | Simulation Completed. Total time to run: 0.31 seconds
rl-uam-framework-rl_algorithm-1          | RL called reset
rl-uam-framework-vertisim_service-1      | Applying action: [2, 2, 1, 1]
rl-uam-framework-vertisim_service-1      | Reserved aircraft: 0 at SFO_PARK18. Time: 0
rl-uam-framework-vertisim_service-1      | Reserved aircraft: 1 at SFO_PARK17. Time: 0
rl-uam-framework-vertisim_service-1      | Charging truncation: Aircraft 2 at MV will not charge. Initial soc: 100. Final soc level (102). At time 0.
rl-uam-framework-vertisim_service-1      | Simulation Completed. Total time to run: 0.32 seconds
rl-uam-framework-rl_algorithm-1          | RL called reset
rl-uam-framework-vertisim_service-1      | Applying action: [1, 0, 2, 1]
rl-uam-framework-vertisim_service-1      | Reserved aircraft: 2 at MV_PARK18. Time: 0
rl-uam-framework-vertisim_service-1      | Charging truncation: Aircraft 0 at SFO will not charge. Initial soc: 100. Final soc level (102). At time 0.
rl-uam-framework-vertisim_service-1      | Simulation Completed. Total time to run: 0.33 seconds
rl-uam-framework-rl_algorithm-1          | RL called reset
rl-uam-framework-vertisim_service-1      | Applying action: [2, 1, 0, 2]
rl-uam-framework-vertisim_service-1      | Reserved aircraft: 0 at SFO_PARK18. Time: 0
rl-uam-framework-vertisim_service-1      | Reserved aircraft: 3 at MV_PARK17. Time: 0
rl-uam-framework-vertisim_service-1      | Charging truncation: Aircraft 1 at SFO will not charge. Initial soc: 100. Final soc level (102). At time 0.
rl-uam-framework-vertisim_service-1      | Simulation Completed. Total time to run: 0.36 seconds
rl-uam-framework-rl_algorithm-1          | RL called reset
rl-uam-framework-vertisim_service-1      | Applying action: [1, 0, 1, 1]
rl-uam-framework-vertisim_service-1      | Charging truncation: Aircraft 0 at SFO will not charge. Initial soc: 100. Final soc level (102). At time 0.
rl-uam-framework-vertisim_service-1      | Simulation Completed. Total time to run: 0.32 seconds
rl-uam-framework-rl_algorithm-1          | RL called reset
rl-uam-framework-vertisim_service-1      | Applying action: [2, 2, 2, 0]
rl-uam-framework-vertisim_service-1      | Reserved aircraft: 0 at SFO_PARK18. Time: 0
rl-uam-framework-vertisim_service-1      | Reserved aircraft: 1 at SFO_PARK17. Time: 0
rl-uam-framework-vertisim_service-1      | Reserved aircraft: 2 at MV_PARK18. Time: 0
rl-uam-framework-vertisim_service-1      | Applying action: [2, 2, 1, 2]
rl-uam-framework-vertisim_service-1      | Applying truncation. Aircraft 0 is not idling at the vertiport MV. Aircraft location: SFO_departure_fix. Status: AircraftStatus.FLY. Current time: 195518.0
rl-uam-framework-vertisim_service-1      | Simulation Completed. Total time to run: 0.34 seconds
rl-uam-framework-rl_algorithm-1          | RL called reset
rl-uam-framework-vertisim_service-1      | Applying action: [0, 1, 1, 0]
rl-uam-framework-vertisim_service-1      | Charging truncation: Aircraft 1 at SFO will not charge. Initial soc: 100. Final soc level (102). At time 0.
rl-uam-framework-vertisim_service-1      | Simulation Completed. Total time to run: 0.31 seconds
rl-uam-framework-rl_algorithm-1          | RL called reset
rl-uam-framework-vertisim_service-1      | Applying action: [1, 0, 2, 1]
rl-uam-framework-vertisim_service-1      | Reserved aircraft: 2 at MV_PARK18. Time: 0
rl-uam-framework-vertisim_service-1      | Charging truncation: Aircraft 0 at SFO will not charge. Initial soc: 100. Final soc level (102). At time 0.
rl-uam-framework-vertisim_service-1      | Simulation Completed. Total time to run: 0.34 seconds
rl-uam-framework-rl_algorithm-1          | RL called reset
rl-uam-framework-vertisim_service-1      | Applying action: [1, 0, 1, 0]
rl-uam-framework-vertisim_service-1      | Charging truncation: Aircraft 0 at SFO will not charge. Initial soc: 100. Final soc level (102). At time 0.
rl-uam-framework-vertisim_service-1      | Simulation Completed. Total time to run: 0.3 seconds
rl-uam-framework-rl_algorithm-1          | RL called reset
rl-uam-framework-vertisim_service-1      | Applying action: [1, 2, 1, 0]
rl-uam-framework-vertisim_service-1      | Reserved aircraft: 1 at SFO_PARK17. Time: 0
rl-uam-framework-vertisim_service-1      | Charging truncation: Aircraft 0 at SFO will not charge. Initial soc: 100. Final soc level (102). At time 0.
rl-uam-framework-vertisim_service-1      | Simulation Completed. Total time to run: 0.33 seconds
rl-uam-framework-rl_algorithm-1          | RL called reset
rl-uam-framework-vertisim_service-1      | Applying action: [1, 0, 0, 0]
rl-uam-framework-vertisim_service-1      | Charging truncation: Aircraft 0 at SFO will not charge. Initial soc: 100. Final soc level (102). At time 0.
rl-uam-framework-vertisim_service-1      | Simulation Completed. Total time to run: 0.3 seconds
rl-uam-framework-rl_algorithm-1          | RL called reset
rl-uam-framework-vertisim_service-1      | Applying action: [0, 1, 2, 0]
rl-uam-framework-vertisim_service-1      | Reserved aircraft: 2 at MV_PARK18. Time: 0
rl-uam-framework-vertisim_service-1      | Charging truncation: Aircraft 1 at SFO will not charge. Initial soc: 100. Final soc level (102). At time 0.
rl-uam-framework-vertisim_service-1      | Simulation Completed. Total time to run: 0.35 seconds
rl-uam-framework-rl_algorithm-1          | RL called reset
rl-uam-framework-vertisim_service-1      | Applying action: [1, 0, 0, 2]
rl-uam-framework-vertisim_service-1      | Reserved aircraft: 3 at MV_PARK17. Time: 0
rl-uam-framework-vertisim_service-1      | Charging truncation: Aircraft 0 at SFO will not charge. Initial soc: 100. Final soc level (102). At time 0.
rl-uam-framework-vertisim_service-1      | Simulation Completed. Total time to run: 0.34 seconds
rl-uam-framework-rl_algorithm-1          | RL called reset
rl-uam-framework-vertisim_service-1      | Applying action: [1, 0, 2, 2]
rl-uam-framework-vertisim_service-1      | Reserved aircraft: 2 at MV_PARK18. Time: 0
rl-uam-framework-vertisim_service-1      | Reserved aircraft: 3 at MV_PARK17. Time: 0
rl-uam-framework-vertisim_service-1      | Charging truncation: Aircraft 0 at SFO will not charge. Initial soc: 100. Final soc level (102). At time 0.
rl-uam-framework-vertisim_service-1      | Simulation Completed. Total time to run: 0.34 seconds
rl-uam-framework-rl_algorithm-1          | RL called reset
rl-uam-framework-vertisim_service-1      | Applying action: [1, 0, 2, 1]
rl-uam-framework-vertisim_service-1      | Reserved aircraft: 2 at MV_PARK18. Time: 0
rl-uam-framework-vertisim_service-1      | Charging truncation: Aircraft 0 at SFO will not charge. Initial soc: 100. Final soc level (102). At time 0.
rl-uam-framework-vertisim_service-1      | Simulation Completed. Total time to run: 0.46 seconds
rl-uam-framework-rl_algorithm-1          | RL called reset
rl-uam-framework-vertisim_service-1      | Applying action: [1, 0, 0, 2]
rl-uam-framework-vertisim_service-1      | Reserved aircraft: 3 at MV_PARK17. Time: 0
rl-uam-framework-vertisim_service-1      | Charging truncation: Aircraft 0 at SFO will not charge. Initial soc: 100. Final soc level (102). At time 0.
rl-uam-framework-vertisim_service-1      | Simulation Completed. Total time to run: 0.37 seconds
rl-uam-framework-rl_algorithm-1          | RL called reset
rl-uam-framework-vertisim_service-1      | Applying action: [1, 1, 2, 2]
rl-uam-framework-vertisim_service-1      | Reserved aircraft: 2 at MV_PARK18. Time: 0
rl-uam-framework-vertisim_service-1      | Reserved aircraft: 3 at MV_PARK17. Time: 0
rl-uam-framework-vertisim_service-1      | Charging truncation: Aircraft 0 at SFO will not charge. Initial soc: 100. Final soc level (102). At time 0.
rl-uam-framework-vertisim_service-1      | Simulation Completed. Total time to run: 0.35 seconds
rl-uam-framework-rl_algorithm-1          | RL called reset
rl-uam-framework-vertisim_service-1      | Applying action: [1, 2, 0, 1]
rl-uam-framework-vertisim_service-1      | Reserved aircraft: 1 at SFO_PARK17. Time: 0
rl-uam-framework-vertisim_service-1      | Charging truncation: Aircraft 0 at SFO will not charge. Initial soc: 100. Final soc level (102). At time 0.
rl-uam-framework-vertisim_service-1      | Simulation Completed. Total time to run: 0.35 seconds
rl-uam-framework-rl_algorithm-1          | RL called reset
rl-uam-framework-vertisim_service-1      | Applying action: [1, 2, 1, 0]
rl-uam-framework-vertisim_service-1      | Reserved aircraft: 1 at SFO_PARK17. Time: 0
rl-uam-framework-vertisim_service-1      | Charging truncation: Aircraft 0 at SFO will not charge. Initial soc: 100. Final soc level (102). At time 0.
rl-uam-framework-vertisim_service-1      | Simulation Completed. Total time to run: 0.35 seconds
rl-uam-framework-rl_algorithm-1          | RL called reset
rl-uam-framework-vertisim_service-1      | Applying action: [0, 2, 1, 2]
rl-uam-framework-vertisim_service-1      | Reserved aircraft: 1 at SFO_PARK17. Time: 0
rl-uam-framework-vertisim_service-1      | Reserved aircraft: 3 at MV_PARK17. Time: 0
rl-uam-framework-vertisim_service-1      | Charging truncation: Aircraft 2 at MV will not charge. Initial soc: 100. Final soc level (102). At time 0.
rl-uam-framework-vertisim_service-1      | Simulation Completed. Total time to run: 0.34 seconds
rl-uam-framework-rl_algorithm-1          | RL called reset
rl-uam-framework-vertisim_service-1      | Applying action: [1, 0, 0, 1]
rl-uam-framework-vertisim_service-1      | Charging truncation: Aircraft 0 at SFO will not charge. Initial soc: 100. Final soc level (102). At time 0.
rl-uam-framework-vertisim_service-1      | Simulation Completed. Total time to run: 0.32 seconds
rl-uam-framework-rl_algorithm-1          | RL called reset
rl-uam-framework-vertisim_service-1      | Applying action: [1, 2, 2, 0]
rl-uam-framework-vertisim_service-1      | Reserved aircraft: 1 at SFO_PARK17. Time: 0
rl-uam-framework-vertisim_service-1      | Reserved aircraft: 2 at MV_PARK18. Time: 0
rl-uam-framework-vertisim_service-1      | Charging truncation: Aircraft 0 at SFO will not charge. Initial soc: 100. Final soc level (102). At time 0.
rl-uam-framework-vertisim_service-1      | Simulation Completed. Total time to run: 0.33 seconds
rl-uam-framework-rl_algorithm-1          | RL called reset
rl-uam-framework-vertisim_service-1      | Applying action: [0, 2, 1, 1]
rl-uam-framework-vertisim_service-1      | Reserved aircraft: 1 at SFO_PARK17. Time: 0
rl-uam-framework-vertisim_service-1      | Charging truncation: Aircraft 2 at MV will not charge. Initial soc: 100. Final soc level (102). At time 0.
rl-uam-framework-vertisim_service-1      | Simulation Completed. Total time to run: 0.34 seconds
rl-uam-framework-rl_algorithm-1          | RL called reset
rl-uam-framework-vertisim_service-1      | Applying action: [1, 0, 1, 1]
rl-uam-framework-vertisim_service-1      | Charging truncation: Aircraft 0 at SFO will not charge. Initial soc: 100. Final soc level (102). At time 0.
rl-uam-framework-vertisim_service-1      | Simulation Completed. Total time to run: 0.36 seconds
rl-uam-framework-rl_algorithm-1          | RL called reset
rl-uam-framework-vertisim_service-1      | Applying action: [1, 2, 0, 2]
rl-uam-framework-vertisim_service-1      | Reserved aircraft: 1 at SFO_PARK17. Time: 0
rl-uam-framework-vertisim_service-1      | Reserved aircraft: 3 at MV_PARK17. Time: 0
rl-uam-framework-vertisim_service-1      | Charging truncation: Aircraft 0 at SFO will not charge. Initial soc: 100. Final soc level (102). At time 0.
rl-uam-framework-vertisim_service-1      | Simulation Completed. Total time to run: 0.34 seconds
rl-uam-framework-rl_algorithm-1          | RL called reset
rl-uam-framework-vertisim_service-1      | Applying action: [1, 2, 0, 0]
rl-uam-framework-vertisim_service-1      | Reserved aircraft: 1 at SFO_PARK17. Time: 0
rl-uam-framework-vertisim_service-1      | Charging truncation: Aircraft 0 at SFO will not charge. Initial soc: 100. Final soc level (102). At time 0.
rl-uam-framework-vertisim_service-1      | Simulation Completed. Total time to run: 0.35 seconds
rl-uam-framework-rl_algorithm-1          | RL called reset
rl-uam-framework-vertisim_service-1      | Applying action: [2, 1, 2, 0]
rl-uam-framework-vertisim_service-1      | Reserved aircraft: 0 at SFO_PARK18. Time: 0
rl-uam-framework-vertisim_service-1      | Reserved aircraft: 2 at MV_PARK18. Time: 0
rl-uam-framework-vertisim_service-1      | Charging truncation: Aircraft 1 at SFO will not charge. Initial soc: 100. Final soc level (102). At time 0.
rl-uam-framework-vertisim_service-1      | Simulation Completed. Total time to run: 0.46 seconds
rl-uam-framework-rl_algorithm-1          | RL called reset
rl-uam-framework-vertisim_service-1      | Applying action: [2, 1, 0, 0]
rl-uam-framework-vertisim_service-1      | Reserved aircraft: 0 at SFO_PARK18. Time: 0
rl-uam-framework-vertisim_service-1      | Charging truncation: Aircraft 1 at SFO will not charge. Initial soc: 100. Final soc level (102). At time 0.
rl-uam-framework-vertisim_service-1      | Simulation Completed. Total time to run: 0.41 seconds
rl-uam-framework-rl_algorithm-1          | RL called reset
rl-uam-framework-vertisim_service-1      | Applying action: [0, 1, 1, 1]
rl-uam-framework-vertisim_service-1      | Charging truncation: Aircraft 1 at SFO will not charge. Initial soc: 100. Final soc level (102). At time 0.
rl-uam-framework-vertisim_service-1      | Simulation Completed. Total time to run: 0.35 seconds
rl-uam-framework-rl_algorithm-1          | RL called reset
rl-uam-framework-vertisim_service-1      | Applying action: [0, 0, 2, 0]
rl-uam-framework-vertisim_service-1      | Reserved aircraft: 2 at MV_PARK18. Time: 0
rl-uam-framework-vertisim_service-1      | Applying action: [2, 1, 1, 2]
rl-uam-framework-vertisim_service-1      | Truncation: Aircraft 2 at MV_departure_fix is not in available the list: []. 
rl-uam-framework-vertisim_service-1      | Simulation Completed. Total time to run: 0.36 seconds
rl-uam-framework-rl_algorithm-1          | RL called reset
rl-uam-framework-vertisim_service-1      | Applying action: [1, 0, 2, 2]
rl-uam-framework-vertisim_service-1      | Reserved aircraft: 2 at MV_PARK18. Time: 0
rl-uam-framework-vertisim_service-1      | Reserved aircraft: 3 at MV_PARK17. Time: 0
rl-uam-framework-vertisim_service-1      | Charging truncation: Aircraft 0 at SFO will not charge. Initial soc: 100. Final soc level (102). At time 0.
rl-uam-framework-vertisim_service-1      | Simulation Completed. Total time to run: 1.26 seconds
rl-uam-framework-rl_algorithm-1          | RL called reset
rl-uam-framework-vertisim_service-1      | Applying action: [2, 2, 2, 2]
rl-uam-framework-vertisim_service-1      | Reserved aircraft: 0 at SFO_PARK18. Time: 0
rl-uam-framework-vertisim_service-1      | Reserved aircraft: 1 at SFO_PARK17. Time: 0
rl-uam-framework-vertisim_service-1      | Reserved aircraft: 2 at MV_PARK18. Time: 0
rl-uam-framework-vertisim_service-1      | Reserved aircraft: 3 at MV_PARK17. Time: 0
rl-uam-framework-vertisim_service-1      | Applying action: [2, 1, 1, 1]
rl-uam-framework-vertisim_service-1      | Applying truncation. Aircraft 0 is not idling at the vertiport MV. Aircraft location: SFO_departure_fix. Status: AircraftStatus.FLY. Current time: 195518.0
rl-uam-framework-vertisim_service-1      | Simulation Completed. Total time to run: 0.37 seconds
rl-uam-framework-rl_algorithm-1          | RL called reset
rl-uam-framework-vertisim_service-1      | Applying action: [1, 2, 0, 2]
rl-uam-framework-vertisim_service-1      | Reserved aircraft: 1 at SFO_PARK17. Time: 0
rl-uam-framework-vertisim_service-1      | Reserved aircraft: 3 at MV_PARK17. Time: 0
rl-uam-framework-vertisim_service-1      | Charging truncation: Aircraft 0 at SFO will not charge. Initial soc: 100. Final soc level (102). At time 0.
rl-uam-framework-vertisim_service-1      | Simulation Completed. Total time to run: 0.34 seconds
rl-uam-framework-rl_algorithm-1          | RL called reset
rl-uam-framework-vertisim_service-1      | Applying action: [0, 0, 0, 2]
rl-uam-framework-vertisim_service-1      | Reserved aircraft: 3 at MV_PARK17. Time: 0
rl-uam-framework-vertisim_service-1      | Passenger 2 entered the waiting room at MV. Currently waiting passengers: [0, 1, 2]. Time (sec): 160
rl-uam-framework-vertisim_service-1      | Applying action: [0, 2, 1, 2]
rl-uam-framework-vertisim_service-1      | Applying truncation. Aircraft 3 is not idling at the vertiport SFO. Aircraft location: MV_FATO1. Status: AircraftStatus.FLY. Current time: 160314.73
rl-uam-framework-vertisim_service-1      | Simulation Completed. Total time to run: 0.41 seconds
rl-uam-framework-rl_algorithm-1          | RL called reset
rl-uam-framework-vertisim_service-1      | Applying action: [1, 0, 0, 0]
rl-uam-framework-vertisim_service-1      | Charging truncation: Aircraft 0 at SFO will not charge. Initial soc: 100. Final soc level (102). At time 0.
rl-uam-framework-vertisim_service-1      | Simulation Completed. Total time to run: 0.45 seconds
rl-uam-framework-rl_algorithm-1          | RL called reset
rl-uam-framework-vertisim_service-1      | Applying action: [1, 0, 0, 1]
rl-uam-framework-vertisim_service-1      | Charging truncation: Aircraft 0 at SFO will not charge. Initial soc: 100. Final soc level (102). At time 0.
rl-uam-framework-vertisim_service-1      | Simulation Completed. Total time to run: 0.37 seconds
rl-uam-framework-rl_algorithm-1          | RL called reset
rl-uam-framework-vertisim_service-1      | Applying action: [2, 0, 1, 0]
rl-uam-framework-vertisim_service-1      | Reserved aircraft: 0 at SFO_PARK18. Time: 0
rl-uam-framework-vertisim_service-1      | Charging truncation: Aircraft 2 at MV will not charge. Initial soc: 100. Final soc level (102). At time 0.
rl-uam-framework-vertisim_service-1      | Simulation Completed. Total time to run: 0.39 seconds
rl-uam-framework-rl_algorithm-1          | RL called reset
rl-uam-framework-vertisim_service-1      | Applying action: [1, 1, 1, 2]
rl-uam-framework-vertisim_service-1      | Reserved aircraft: 3 at MV_PARK17. Time: 0
rl-uam-framework-vertisim_service-1      | Charging truncation: Aircraft 0 at SFO will not charge. Initial soc: 100. Final soc level (102). At time 0.
rl-uam-framework-vertisim_service-1      | Simulation Completed. Total time to run: 0.46 seconds
rl-uam-framework-rl_algorithm-1          | RL called reset
rl-uam-framework-vertisim_service-1      | Applying action: [0, 1, 0, 1]
rl-uam-framework-vertisim_service-1      | Charging truncation: Aircraft 1 at SFO will not charge. Initial soc: 100. Final soc level (102). At time 0.
rl-uam-framework-vertisim_service-1      | Simulation Completed. Total time to run: 0.4 seconds
rl-uam-framework-rl_algorithm-1          | RL called reset
rl-uam-framework-vertisim_service-1      | Applying action: [1, 2, 2, 2]
rl-uam-framework-vertisim_service-1      | Reserved aircraft: 1 at SFO_PARK17. Time: 0
rl-uam-framework-vertisim_service-1      | Reserved aircraft: 2 at MV_PARK18. Time: 0
rl-uam-framework-vertisim_service-1      | Reserved aircraft: 3 at MV_PARK17. Time: 0
rl-uam-framework-vertisim_service-1      | Charging truncation: Aircraft 0 at SFO will not charge. Initial soc: 100. Final soc level (102). At time 0.
rl-uam-framework-vertisim_service-1      | Simulation Completed. Total time to run: 0.38 seconds
rl-uam-framework-rl_algorithm-1          | RL called reset
rl-uam-framework-vertisim_service-1      | Applying action: [1, 0, 1, 1]
rl-uam-framework-vertisim_service-1      | Charging truncation: Aircraft 0 at SFO will not charge. Initial soc: 100. Final soc level (102). At time 0.
rl-uam-framework-vertisim_service-1      | Simulation Completed. Total time to run: 0.33 seconds
rl-uam-framework-rl_algorithm-1          | RL called reset
rl-uam-framework-vertisim_service-1      | Applying action: [2, 0, 0, 1]
rl-uam-framework-vertisim_service-1      | Reserved aircraft: 0 at SFO_PARK18. Time: 0
rl-uam-framework-vertisim_service-1      | Charging truncation: Aircraft 3 at MV will not charge. Initial soc: 100. Final soc level (102). At time 0.
rl-uam-framework-vertisim_service-1      | Simulation Completed. Total time to run: 0.36 seconds
rl-uam-framework-rl_algorithm-1          | RL called reset
rl-uam-framework-vertisim_service-1      | Applying action: [2, 0, 1, 0]
rl-uam-framework-vertisim_service-1      | Reserved aircraft: 0 at SFO_PARK18. Time: 0
rl-uam-framework-vertisim_service-1      | Charging truncation: Aircraft 2 at MV will not charge. Initial soc: 100. Final soc level (102). At time 0.
rl-uam-framework-vertisim_service-1      | Simulation Completed. Total time to run: 0.34 seconds
rl-uam-framework-rl_algorithm-1          | RL called reset
rl-uam-framework-vertisim_service-1      | Applying action: [0, 2, 0, 2]
rl-uam-framework-vertisim_service-1      | Reserved aircraft: 1 at SFO_PARK17. Time: 0
rl-uam-framework-vertisim_service-1      | Reserved aircraft: 3 at MV_PARK17. Time: 0
rl-uam-framework-vertisim_service-1      | Applying action: [2, 2, 0, 1]
rl-uam-framework-vertisim_service-1      | Applying truncation. Aircraft 1 is not idling at the vertiport MV. Aircraft location: SFO_departure_fix. Status: AircraftStatus.FLY. Current time: 195518.0
rl-uam-framework-vertisim_service-1      | Simulation Completed. Total time to run: 0.67 seconds
rl-uam-framework-rl_algorithm-1          | RL called reset
rl-uam-framework-vertisim_service-1      | Applying action: [0, 2, 1, 2]
rl-uam-framework-vertisim_service-1      | Reserved aircraft: 1 at SFO_PARK17. Time: 0
rl-uam-framework-vertisim_service-1      | Reserved aircraft: 3 at MV_PARK17. Time: 0
rl-uam-framework-vertisim_service-1      | Charging truncation: Aircraft 2 at MV will not charge. Initial soc: 100. Final soc level (102). At time 0.
rl-uam-framework-vertisim_service-1      | Simulation Completed. Total time to run: 0.41 seconds
rl-uam-framework-rl_algorithm-1          | RL called reset
rl-uam-framework-vertisim_service-1      | Applying action: [2, 0, 0, 2]
rl-uam-framework-vertisim_service-1      | Reserved aircraft: 0 at SFO_PARK18. Time: 0
rl-uam-framework-vertisim_service-1      | Reserved aircraft: 3 at MV_PARK17. Time: 0
rl-uam-framework-vertisim_service-1      | Applying action: [0, 0, 1, 1]
rl-uam-framework-vertisim_service-1      | Truncation: Aircraft 3 at MV_departure_fix is not in available the list: [1]. 
rl-uam-framework-vertisim_service-1      | Simulation Completed. Total time to run: 0.34 seconds
rl-uam-framework-rl_algorithm-1          | RL called reset
rl-uam-framework-vertisim_service-1      | Applying action: [1, 0, 1, 0]
rl-uam-framework-vertisim_service-1      | Charging truncation: Aircraft 0 at SFO will not charge. Initial soc: 100. Final soc level (102). At time 0.
rl-uam-framework-vertisim_service-1      | Simulation Completed. Total time to run: 0.47 seconds
rl-uam-framework-rl_algorithm-1          | RL called reset
rl-uam-framework-vertisim_service-1      | Applying action: [0, 1, 0, 0]
rl-uam-framework-vertisim_service-1      | Charging truncation: Aircraft 1 at SFO will not charge. Initial soc: 100. Final soc level (102). At time 0.
rl-uam-framework-vertisim_service-1      | Simulation Completed. Total time to run: 0.47 seconds
rl-uam-framework-rl_algorithm-1          | RL called reset
rl-uam-framework-vertisim_service-1      | Applying action: [0, 2, 2, 0]
rl-uam-framework-vertisim_service-1      | Reserved aircraft: 1 at SFO_PARK17. Time: 0
rl-uam-framework-vertisim_service-1      | Reserved aircraft: 2 at MV_PARK18. Time: 0
rl-uam-framework-vertisim_service-1      | Applying action: [0, 1, 0, 2]
rl-uam-framework-vertisim_service-1      | Truncation: Aircraft 1 at SFO_departure_fix is not in available the list: [3]. 
rl-uam-framework-vertisim_service-1      | Simulation Completed. Total time to run: 0.34 seconds
rl-uam-framework-rl_algorithm-1          | RL called reset
rl-uam-framework-vertisim_service-1      | Applying action: [2, 2, 1, 0]
rl-uam-framework-vertisim_service-1      | Reserved aircraft: 0 at SFO_PARK18. Time: 0
rl-uam-framework-vertisim_service-1      | Reserved aircraft: 1 at SFO_PARK17. Time: 0
rl-uam-framework-vertisim_service-1      | Charging truncation: Aircraft 2 at MV will not charge. Initial soc: 100. Final soc level (102). At time 0.
rl-uam-framework-vertisim_service-1      | Simulation Completed. Total time to run: 0.34 seconds
rl-uam-framework-rl_algorithm-1          | RL called reset
rl-uam-framework-vertisim_service-1      | Applying action: [2, 0, 1, 1]
rl-uam-framework-vertisim_service-1      | Reserved aircraft: 0 at SFO_PARK18. Time: 0
rl-uam-framework-vertisim_service-1      | Charging truncation: Aircraft 2 at MV will not charge. Initial soc: 100. Final soc level (102). At time 0.
rl-uam-framework-vertisim_service-1      | Simulation Completed. Total time to run: 0.34 seconds
rl-uam-framework-rl_algorithm-1          | RL called reset
rl-uam-framework-vertisim_service-1      | Applying action: [0, 1, 2, 2]
rl-uam-framework-vertisim_service-1      | Reserved aircraft: 2 at MV_PARK18. Time: 0
rl-uam-framework-vertisim_service-1      | Reserved aircraft: 3 at MV_PARK17. Time: 0
rl-uam-framework-vertisim_service-1      | Charging truncation: Aircraft 1 at SFO will not charge. Initial soc: 100. Final soc level (102). At time 0.
rl-uam-framework-vertisim_service-1      | Simulation Completed. Total time to run: 0.35 seconds
rl-uam-framework-rl_algorithm-1          | RL called reset
rl-uam-framework-vertisim_service-1      | Applying action: [1, 1, 2, 2]
rl-uam-framework-vertisim_service-1      | Reserved aircraft: 2 at MV_PARK18. Time: 0
rl-uam-framework-vertisim_service-1      | Reserved aircraft: 3 at MV_PARK17. Time: 0
rl-uam-framework-vertisim_service-1      | Charging truncation: Aircraft 0 at SFO will not charge. Initial soc: 100. Final soc level (102). At time 0.
rl-uam-framework-vertisim_service-1      | Simulation Completed. Total time to run: 0.32 seconds
rl-uam-framework-rl_algorithm-1          | RL called reset
rl-uam-framework-vertisim_service-1      | Applying action: [0, 2, 1, 2]
rl-uam-framework-vertisim_service-1      | Reserved aircraft: 1 at SFO_PARK17. Time: 0
rl-uam-framework-vertisim_service-1      | Reserved aircraft: 3 at MV_PARK17. Time: 0
rl-uam-framework-vertisim_service-1      | Charging truncation: Aircraft 2 at MV will not charge. Initial soc: 100. Final soc level (102). At time 0.
rl-uam-framework-vertisim_service-1      | Simulation Completed. Total time to run: 0.34 seconds
rl-uam-framework-rl_algorithm-1          | RL called reset
rl-uam-framework-vertisim_service-1      | Applying action: [1, 2, 1, 1]
rl-uam-framework-vertisim_service-1      | Reserved aircraft: 1 at SFO_PARK17. Time: 0
rl-uam-framework-vertisim_service-1      | Charging truncation: Aircraft 0 at SFO will not charge. Initial soc: 100. Final soc level (102). At time 0.
rl-uam-framework-vertisim_service-1      | Simulation Completed. Total time to run: 0.4 seconds
rl-uam-framework-rl_algorithm-1          | RL called reset
rl-uam-framework-vertisim_service-1      | Applying action: [2, 0, 0, 2]
rl-uam-framework-vertisim_service-1      | Reserved aircraft: 0 at SFO_PARK18. Time: 0
rl-uam-framework-vertisim_service-1      | Reserved aircraft: 3 at MV_PARK17. Time: 0
rl-uam-framework-vertisim_service-1      | Applying action: [0, 0, 0, 2]
rl-uam-framework-vertisim_service-1      | Applying truncation. Aircraft 3 is not idling at the vertiport SFO. Aircraft location: MV_departure_fix. Status: AircraftStatus.FLY. Current time: 195518.0
rl-uam-framework-vertisim_service-1      | Simulation Completed. Total time to run: 0.32 seconds
rl-uam-framework-rl_algorithm-1          | RL called reset
rl-uam-framework-rl_algorithm-1          | RL called reset
rl-uam-framework-vertisim_service-1      | Applying action: [1, 0, 1, 1]
rl-uam-framework-vertisim_service-1      | Charging truncation: Aircraft 0 at SFO will not charge. Initial soc: 100. Final soc level (102). At time 0.
rl-uam-framework-vertisim_service-1      | Simulation Completed. Total time to run: 0.3 seconds
rl-uam-framework-rl_algorithm-1          | RL called reset
rl-uam-framework-vertisim_service-1      | Applying action: [1, 0, 1, 1]
rl-uam-framework-vertisim_service-1      | Charging truncation: Aircraft 0 at SFO will not charge. Initial soc: 100. Final soc level (102). At time 0.
rl-uam-framework-vertisim_service-1      | Simulation Completed. Total time to run: 0.31 seconds
rl-uam-framework-rl_algorithm-1          | RL called reset
rl-uam-framework-vertisim_service-1      | Applying action: [1, 0, 1, 1]
rl-uam-framework-vertisim_service-1      | Charging truncation: Aircraft 0 at SFO will not charge. Initial soc: 100. Final soc level (102). At time 0.
rl-uam-framework-vertisim_service-1      | Simulation Completed. Total time to run: 0.43 seconds
rl-uam-framework-rl_algorithm-1          | RL called reset
rl-uam-framework-vertisim_service-1      | Applying action: [1, 0, 1, 1]
rl-uam-framework-vertisim_service-1      | Charging truncation: Aircraft 0 at SFO will not charge. Initial soc: 100. Final soc level (102). At time 0.
rl-uam-framework-vertisim_service-1      | Simulation Completed. Total time to run: 0.43 seconds
rl-uam-framework-rl_algorithm-1          | RL called reset
rl-uam-framework-vertisim_service-1      | Applying action: [1, 0, 1, 1]
rl-uam-framework-vertisim_service-1      | Charging truncation: Aircraft 0 at SFO will not charge. Initial soc: 100. Final soc level (102). At time 0.
rl-uam-framework-vertisim_service-1      | Simulation Completed. Total time to run: 0.31 seconds
rl-uam-framework-rl_algorithm-1          | RL called reset
rl-uam-framework-rl_algorithm-1          | Eval num_timesteps=500, episode_reward=-10000.00 +/- 0.00
rl-uam-framework-rl_algorithm-1          | Episode length: 1.00 +/- 0.00
rl-uam-framework-rl_algorithm-1          | ------------------------------------------
rl-uam-framework-rl_algorithm-1          | | eval/                   |              |
rl-uam-framework-rl_algorithm-1          | |    mean_ep_length       | 1            |
rl-uam-framework-rl_algorithm-1          | |    mean_reward          | -1e+04       |
rl-uam-framework-rl_algorithm-1          | | time/                   |              |
rl-uam-framework-rl_algorithm-1          | |    total_timesteps      | 500          |
rl-uam-framework-rl_algorithm-1          | | train/                  |              |
rl-uam-framework-rl_algorithm-1          | |    approx_kl            | 0.0067661186 |
rl-uam-framework-rl_algorithm-1          | |    clip_fraction        | 0.0168       |
rl-uam-framework-rl_algorithm-1          | |    clip_range           | 0.2          |
rl-uam-framework-rl_algorithm-1          | |    entropy_loss         | -4.32        |
rl-uam-framework-rl_algorithm-1          | |    explained_variance   | -4.05e-06    |
rl-uam-framework-rl_algorithm-1          | |    learning_rate        | 0.0003       |
rl-uam-framework-rl_algorithm-1          | |    loss                 | 2.14e+10     |
rl-uam-framework-rl_algorithm-1          | |    n_updates            | 10           |
rl-uam-framework-rl_algorithm-1          | |    policy_gradient_loss | -0.0252      |
rl-uam-framework-rl_algorithm-1          | |    value_loss           | 4.76e+10     |
rl-uam-framework-rl_algorithm-1          | ------------------------------------------
rl-uam-framework-rl_algorithm-1          | New best mean reward!
rl-uam-framework-vertisim_service-1      | Applying action: [1, 0, 1, 0]
rl-uam-framework-vertisim_service-1      | Charging truncation: Aircraft 0 at SFO will not charge. Initial soc: 100. Final soc level (102). At time 0.
rl-uam-framework-vertisim_service-1      | Simulation Completed. Total time to run: 0.35 seconds
rl-uam-framework-rl_algorithm-1          | RL called reset
rl-uam-framework-vertisim_service-1      | Applying action: [0, 2, 2, 0]
rl-uam-framework-vertisim_service-1      | Reserved aircraft: 1 at SFO_PARK17. Time: 0
rl-uam-framework-vertisim_service-1      | Reserved aircraft: 2 at MV_PARK18. Time: 0
rl-uam-framework-vertisim_service-1      | Applying action: [0, 1, 0, 0]
rl-uam-framework-vertisim_service-1      | Truncation: Aircraft 1 at SFO_departure_fix is not in available the list: [3]. 
rl-uam-framework-vertisim_service-1      | Simulation Completed. Total time to run: 1.3 seconds
rl-uam-framework-rl_algorithm-1          | RL called reset
rl-uam-framework-vertisim_service-1      | Applying action: [1, 1, 1, 0]
rl-uam-framework-vertisim_service-1      | Charging truncation: Aircraft 0 at SFO will not charge. Initial soc: 100. Final soc level (102). At time 0.
rl-uam-framework-vertisim_service-1      | Simulation Completed. Total time to run: 0.35 seconds
rl-uam-framework-rl_algorithm-1          | RL called reset
rl-uam-framework-vertisim_service-1      | Applying action: [2, 2, 2, 2]
rl-uam-framework-vertisim_service-1      | Reserved aircraft: 0 at SFO_PARK18. Time: 0
rl-uam-framework-vertisim_service-1      | Reserved aircraft: 1 at SFO_PARK17. Time: 0
rl-uam-framework-vertisim_service-1      | Reserved aircraft: 2 at MV_PARK18. Time: 0
rl-uam-framework-vertisim_service-1      | Reserved aircraft: 3 at MV_PARK17. Time: 0
rl-uam-framework-vertisim_service-1      | Applying action: [2, 1, 1, 0]
rl-uam-framework-vertisim_service-1      | Applying truncation. Aircraft 0 is not idling at the vertiport MV. Aircraft location: SFO_departure_fix. Status: AircraftStatus.FLY. Current time: 195518.0
rl-uam-framework-vertisim_service-1      | Simulation Completed. Total time to run: 0.39 seconds
rl-uam-framework-rl_algorithm-1          | RL called reset
rl-uam-framework-vertisim_service-1      | Applying action: [2, 1, 1, 2]
rl-uam-framework-vertisim_service-1      | Reserved aircraft: 0 at SFO_PARK18. Time: 0
rl-uam-framework-vertisim_service-1      | Reserved aircraft: 3 at MV_PARK17. Time: 0
rl-uam-framework-vertisim_service-1      | Charging truncation: Aircraft 1 at SFO will not charge. Initial soc: 100. Final soc level (102). At time 0.
rl-uam-framework-vertisim_service-1      | Simulation Completed. Total time to run: 0.48 seconds
rl-uam-framework-rl_algorithm-1          | RL called reset
rl-uam-framework-vertisim_service-1      | Applying action: [1, 2, 2, 2]
rl-uam-framework-vertisim_service-1      | Reserved aircraft: 1 at SFO_PARK17. Time: 0
rl-uam-framework-vertisim_service-1      | Reserved aircraft: 2 at MV_PARK18. Time: 0
rl-uam-framework-vertisim_service-1      | Reserved aircraft: 3 at MV_PARK17. Time: 0
rl-uam-framework-vertisim_service-1      | Charging truncation: Aircraft 0 at SFO will not charge. Initial soc: 100. Final soc level (102). At time 0.
rl-uam-framework-vertisim_service-1      | Simulation Completed. Total time to run: 0.41 seconds
rl-uam-framework-rl_algorithm-1          | RL called reset
rl-uam-framework-vertisim_service-1      | Applying action: [0, 0, 0, 1]
rl-uam-framework-vertisim_service-1      | Charging truncation: Aircraft 3 at MV will not charge. Initial soc: 100. Final soc level (102). At time 0.
rl-uam-framework-vertisim_service-1      | Simulation Completed. Total time to run: 0.37 seconds
rl-uam-framework-rl_algorithm-1          | RL called reset
rl-uam-framework-vertisim_service-1      | Applying action: [2, 2, 0, 0]
rl-uam-framework-vertisim_service-1      | Reserved aircraft: 0 at SFO_PARK18. Time: 0
rl-uam-framework-vertisim_service-1      | Reserved aircraft: 1 at SFO_PARK17. Time: 0
rl-uam-framework-vertisim_service-1      | Applying action: [0, 0, 1, 2]
rl-uam-framework-vertisim_service-1      | Reserved aircraft: 3 at MV_PARK17. Time: 195518.0
rl-uam-framework-vertisim_service-1      | Charging truncation: Aircraft 2 at MV will not charge. Initial soc: 100. Final soc level (102). At time 195518.0.
rl-uam-framework-vertisim_service-1      | Simulation Completed. Total time to run: 0.57 seconds
rl-uam-framework-rl_algorithm-1          | RL called reset
rl-uam-framework-vertisim_service-1      | Applying action: [1, 2, 2, 0]
rl-uam-framework-vertisim_service-1      | Reserved aircraft: 1 at SFO_PARK17. Time: 0
rl-uam-framework-vertisim_service-1      | Reserved aircraft: 2 at MV_PARK18. Time: 0
rl-uam-framework-vertisim_service-1      | Charging truncation: Aircraft 0 at SFO will not charge. Initial soc: 100. Final soc level (102). At time 0.
rl-uam-framework-vertisim_service-1      | Simulation Completed. Total time to run: 0.36 seconds
rl-uam-framework-rl_algorithm-1          | RL called reset
rl-uam-framework-vertisim_service-1      | Applying action: [1, 0, 1, 1]
rl-uam-framework-vertisim_service-1      | Charging truncation: Aircraft 0 at SFO will not charge. Initial soc: 100. Final soc level (102). At time 0.
rl-uam-framework-vertisim_service-1      | Simulation Completed. Total time to run: 44.12 seconds
rl-uam-framework-rl_algorithm-1          | RL called reset
rl-uam-framework-vertisim_service-1      | Applying action: [1, 0, 0, 2]
rl-uam-framework-vertisim_service-1      | Reserved aircraft: 3 at MV_PARK17. Time: 0
rl-uam-framework-vertisim_service-1      | Charging truncation: Aircraft 0 at SFO will not charge. Initial soc: 100. Final soc level (102). At time 0.
rl-uam-framework-vertisim_service-1      | Simulation Completed. Total time to run: 0.35 seconds
rl-uam-framework-rl_algorithm-1          | RL called reset
rl-uam-framework-vertisim_service-1      | Applying action: [1, 2, 0, 0]
rl-uam-framework-vertisim_service-1      | Reserved aircraft: 1 at SFO_PARK17. Time: 0
rl-uam-framework-vertisim_service-1      | Charging truncation: Aircraft 0 at SFO will not charge. Initial soc: 100. Final soc level (102). At time 0.
rl-uam-framework-vertisim_service-1      | Simulation Completed. Total time to run: 0.34 seconds
rl-uam-framework-rl_algorithm-1          | RL called reset
rl-uam-framework-vertisim_service-1      | Applying action: [0, 2, 2, 0]
rl-uam-framework-vertisim_service-1      | Reserved aircraft: 1 at SFO_PARK17. Time: 0
rl-uam-framework-vertisim_service-1      | Reserved aircraft: 2 at MV_PARK18. Time: 0
rl-uam-framework-vertisim_service-1      | Applying action: [1, 0, 1, 2]
rl-uam-framework-vertisim_service-1      | Truncation: Aircraft 2 at MV_departure_fix is not in available the list: []. 
rl-uam-framework-vertisim_service-1      | Simulation Completed. Total time to run: 0.34 seconds
rl-uam-framework-rl_algorithm-1          | RL called reset
rl-uam-framework-vertisim_service-1      | Applying action: [1, 1, 2, 2]
rl-uam-framework-vertisim_service-1      | Reserved aircraft: 2 at MV_PARK18. Time: 0
rl-uam-framework-vertisim_service-1      | Reserved aircraft: 3 at MV_PARK17. Time: 0
rl-uam-framework-vertisim_service-1      | Charging truncation: Aircraft 0 at SFO will not charge. Initial soc: 100. Final soc level (102). At time 0.
rl-uam-framework-vertisim_service-1      | Simulation Completed. Total time to run: 0.33 seconds
rl-uam-framework-rl_algorithm-1          | RL called reset
rl-uam-framework-vertisim_service-1      | Applying action: [1, 2, 2, 2]
rl-uam-framework-vertisim_service-1      | Reserved aircraft: 1 at SFO_PARK17. Time: 0
rl-uam-framework-vertisim_service-1      | Reserved aircraft: 2 at MV_PARK18. Time: 0
rl-uam-framework-vertisim_service-1      | Reserved aircraft: 3 at MV_PARK17. Time: 0
rl-uam-framework-vertisim_service-1      | Charging truncation: Aircraft 0 at SFO will not charge. Initial soc: 100. Final soc level (102). At time 0.
rl-uam-framework-vertisim_service-1      | Simulation Completed. Total time to run: 0.37 seconds
rl-uam-framework-rl_algorithm-1          | RL called reset
rl-uam-framework-vertisim_service-1      | Applying action: [0, 0, 0, 2]
rl-uam-framework-vertisim_service-1      | Reserved aircraft: 3 at MV_PARK17. Time: 0
rl-uam-framework-vertisim_service-1      | Applying action: [2, 2, 0, 2]
rl-uam-framework-vertisim_service-1      | Applying truncation. Aircraft 3 is not idling at the vertiport SFO. Aircraft location: MV_departure_fix. Status: AircraftStatus.FLY. Current time: 195518.0
rl-uam-framework-vertisim_service-1      | Simulation Completed. Total time to run: 0.33 seconds
rl-uam-framework-rl_algorithm-1          | RL called reset
rl-uam-framework-vertisim_service-1      | Applying action: [1, 2, 0, 1]
rl-uam-framework-vertisim_service-1      | Reserved aircraft: 1 at SFO_PARK17. Time: 0
rl-uam-framework-vertisim_service-1      | Charging truncation: Aircraft 0 at SFO will not charge. Initial soc: 100. Final soc level (102). At time 0.
rl-uam-framework-vertisim_service-1      | Simulation Completed. Total time to run: 0.32 seconds
rl-uam-framework-rl_algorithm-1          | RL called reset
rl-uam-framework-vertisim_service-1      | Applying action: [2, 1, 1, 0]
rl-uam-framework-vertisim_service-1      | Reserved aircraft: 0 at SFO_PARK18. Time: 0
rl-uam-framework-vertisim_service-1      | Charging truncation: Aircraft 1 at SFO will not charge. Initial soc: 100. Final soc level (102). At time 0.
rl-uam-framework-vertisim_service-1      | Simulation Completed. Total time to run: 0.31 seconds
rl-uam-framework-rl_algorithm-1          | RL called reset
rl-uam-framework-vertisim_service-1      | Applying action: [2, 2, 0, 2]
rl-uam-framework-vertisim_service-1      | Reserved aircraft: 0 at SFO_PARK18. Time: 0
rl-uam-framework-vertisim_service-1      | Reserved aircraft: 1 at SFO_PARK17. Time: 0
rl-uam-framework-vertisim_service-1      | Reserved aircraft: 3 at MV_PARK17. Time: 0
rl-uam-framework-vertisim_service-1      | Applying action: [1, 2, 1, 1]
rl-uam-framework-vertisim_service-1      | Truncation: Aircraft 0 at SFO_departure_fix is not in available the list: [2]. 
rl-uam-framework-vertisim_service-1      | Simulation Completed. Total time to run: 0.33 seconds
rl-uam-framework-rl_algorithm-1          | RL called reset
rl-uam-framework-vertisim_service-1      | Applying action: [0, 0, 2, 0]
rl-uam-framework-vertisim_service-1      | Reserved aircraft: 2 at MV_PARK18. Time: 0
rl-uam-framework-vertisim_service-1      | Applying action: [2, 2, 1, 2]
rl-uam-framework-vertisim_service-1      | Truncation: Aircraft 2 at MV_departure_fix is not in available the list: []. 
rl-uam-framework-vertisim_service-1      | Simulation Completed. Total time to run: 0.34 seconds
rl-uam-framework-rl_algorithm-1          | RL called reset
rl-uam-framework-vertisim_service-1      | Applying action: [1, 1, 1, 0]
rl-uam-framework-vertisim_service-1      | Charging truncation: Aircraft 0 at SFO will not charge. Initial soc: 100. Final soc level (102). At time 0.
rl-uam-framework-vertisim_service-1      | Simulation Completed. Total time to run: 0.48 seconds
rl-uam-framework-rl_algorithm-1          | RL called reset
rl-uam-framework-vertisim_service-1      | Applying action: [0, 0, 2, 1]
rl-uam-framework-vertisim_service-1      | Reserved aircraft: 2 at MV_PARK18. Time: 0
rl-uam-framework-vertisim_service-1      | Charging truncation: Aircraft 3 at MV will not charge. Initial soc: 100. Final soc level (102). At time 0.
rl-uam-framework-vertisim_service-1      | Simulation Completed. Total time to run: 0.44 seconds
rl-uam-framework-rl_algorithm-1          | RL called reset
rl-uam-framework-vertisim_service-1      | Applying action: [0, 2, 0, 2]
rl-uam-framework-vertisim_service-1      | Reserved aircraft: 1 at SFO_PARK17. Time: 0
rl-uam-framework-vertisim_service-1      | Reserved aircraft: 3 at MV_PARK17. Time: 0
rl-uam-framework-vertisim_service-1      | Applying action: [0, 2, 1, 1]
rl-uam-framework-vertisim_service-1      | Applying truncation. Aircraft 1 is not idling at the vertiport MV. Aircraft location: SFO_departure_fix. Status: AircraftStatus.FLY. Current time: 195518.0
rl-uam-framework-vertisim_service-1      | Simulation Completed. Total time to run: 0.47 seconds
rl-uam-framework-rl_algorithm-1          | RL called reset
rl-uam-framework-vertisim_service-1      | Applying action: [0, 0, 2, 0]
rl-uam-framework-vertisim_service-1      | Reserved aircraft: 2 at MV_PARK18. Time: 0
rl-uam-framework-vertisim_service-1      | Applying action: [1, 0, 2, 2]
rl-uam-framework-vertisim_service-1      | Applying truncation. Aircraft 2 is not idling at the vertiport SFO. Aircraft location: MV_departure_fix. Status: AircraftStatus.FLY. Current time: 195518.0
rl-uam-framework-vertisim_service-1      | Simulation Completed. Total time to run: 0.37 seconds
rl-uam-framework-rl_algorithm-1          | RL called reset
rl-uam-framework-vertisim_service-1      | Applying action: [0, 0, 2, 1]
rl-uam-framework-vertisim_service-1      | Reserved aircraft: 2 at MV_PARK18. Time: 0
rl-uam-framework-vertisim_service-1      | Charging truncation: Aircraft 3 at MV will not charge. Initial soc: 100. Final soc level (102). At time 0.
rl-uam-framework-vertisim_service-1      | Simulation Completed. Total time to run: 0.39 seconds
rl-uam-framework-rl_algorithm-1          | RL called reset
rl-uam-framework-vertisim_service-1      | Applying action: [0, 2, 1, 2]
rl-uam-framework-vertisim_service-1      | Reserved aircraft: 1 at SFO_PARK17. Time: 0
rl-uam-framework-vertisim_service-1      | Reserved aircraft: 3 at MV_PARK17. Time: 0
rl-uam-framework-vertisim_service-1      | Charging truncation: Aircraft 2 at MV will not charge. Initial soc: 100. Final soc level (102). At time 0.
rl-uam-framework-vertisim_service-1      | Simulation Completed. Total time to run: 0.34 seconds
rl-uam-framework-rl_algorithm-1          | RL called reset
rl-uam-framework-vertisim_service-1      | Applying action: [1, 0, 1, 1]
rl-uam-framework-vertisim_service-1      | Charging truncation: Aircraft 0 at SFO will not charge. Initial soc: 100. Final soc level (102). At time 0.
rl-uam-framework-vertisim_service-1      | Simulation Completed. Total time to run: 0.3 seconds
rl-uam-framework-rl_algorithm-1          | RL called reset
rl-uam-framework-vertisim_service-1      | Applying action: [0, 1, 1, 2]
rl-uam-framework-vertisim_service-1      | Reserved aircraft: 3 at MV_PARK17. Time: 0
rl-uam-framework-vertisim_service-1      | Charging truncation: Aircraft 1 at SFO will not charge. Initial soc: 100. Final soc level (102). At time 0.
rl-uam-framework-vertisim_service-1      | Simulation Completed. Total time to run: 0.35 seconds
rl-uam-framework-rl_algorithm-1          | RL called reset
rl-uam-framework-vertisim_service-1      | Applying action: [2, 1, 1, 1]
rl-uam-framework-vertisim_service-1      | Reserved aircraft: 0 at SFO_PARK18. Time: 0
rl-uam-framework-vertisim_service-1      | Charging truncation: Aircraft 1 at SFO will not charge. Initial soc: 100. Final soc level (102). At time 0.
rl-uam-framework-vertisim_service-1      | Simulation Completed. Total time to run: 0.33 seconds
rl-uam-framework-rl_algorithm-1          | RL called reset
rl-uam-framework-vertisim_service-1      | Applying action: [2, 2, 0, 0]
rl-uam-framework-vertisim_service-1      | Reserved aircraft: 0 at SFO_PARK18. Time: 0
rl-uam-framework-vertisim_service-1      | Reserved aircraft: 1 at SFO_PARK17. Time: 0
rl-uam-framework-vertisim_service-1      | Applying action: [1, 1, 2, 0]
rl-uam-framework-vertisim_service-1      | Truncation: Aircraft 0 at SFO_departure_fix is not in available the list: [2, 3]. 
rl-uam-framework-vertisim_service-1      | Simulation Completed. Total time to run: 0.41 seconds
rl-uam-framework-rl_algorithm-1          | RL called reset
rl-uam-framework-vertisim_service-1      | Applying action: [0, 0, 0, 2]
rl-uam-framework-vertisim_service-1      | Reserved aircraft: 3 at MV_PARK17. Time: 0
rl-uam-framework-vertisim_service-1      | Applying action: [1, 2, 1, 1]
rl-uam-framework-vertisim_service-1      | Truncation: Aircraft 3 at MV_departure_fix is not in available the list: []. 
rl-uam-framework-vertisim_service-1      | Simulation Completed. Total time to run: 0.36 seconds
rl-uam-framework-rl_algorithm-1          | RL called reset
rl-uam-framework-vertisim_service-1      | Applying action: [0, 1, 2, 1]
rl-uam-framework-vertisim_service-1      | Reserved aircraft: 2 at MV_PARK18. Time: 0
rl-uam-framework-vertisim_service-1      | Charging truncation: Aircraft 1 at SFO will not charge. Initial soc: 100. Final soc level (102). At time 0.
rl-uam-framework-vertisim_service-1      | Simulation Completed. Total time to run: 0.45 seconds
rl-uam-framework-rl_algorithm-1          | RL called reset
rl-uam-framework-vertisim_service-1      | Applying action: [1, 2, 0, 2]
rl-uam-framework-vertisim_service-1      | Reserved aircraft: 1 at SFO_PARK17. Time: 0
rl-uam-framework-vertisim_service-1      | Reserved aircraft: 3 at MV_PARK17. Time: 0
rl-uam-framework-vertisim_service-1      | Charging truncation: Aircraft 0 at SFO will not charge. Initial soc: 100. Final soc level (102). At time 0.
rl-uam-framework-vertisim_service-1      | Simulation Completed. Total time to run: 0.47 seconds
rl-uam-framework-rl_algorithm-1          | RL called reset
rl-uam-framework-vertisim_service-1      | Applying action: [0, 2, 2, 1]
rl-uam-framework-vertisim_service-1      | Reserved aircraft: 1 at SFO_PARK17. Time: 0
rl-uam-framework-vertisim_service-1      | Reserved aircraft: 2 at MV_PARK18. Time: 0
rl-uam-framework-vertisim_service-1      | Charging truncation: Aircraft 3 at MV will not charge. Initial soc: 100. Final soc level (102). At time 0.
rl-uam-framework-vertisim_service-1      | Simulation Completed. Total time to run: 0.53 seconds
rl-uam-framework-rl_algorithm-1          | RL called reset
rl-uam-framework-vertisim_service-1      | Applying action: [1, 0, 2, 1]
rl-uam-framework-vertisim_service-1      | Reserved aircraft: 2 at MV_PARK18. Time: 0
rl-uam-framework-vertisim_service-1      | Charging truncation: Aircraft 0 at SFO will not charge. Initial soc: 100. Final soc level (102). At time 0.
rl-uam-framework-vertisim_service-1      | Simulation Completed. Total time to run: 0.41 seconds
rl-uam-framework-rl_algorithm-1          | RL called reset
rl-uam-framework-vertisim_service-1      | Applying action: [2, 0, 2, 0]
rl-uam-framework-vertisim_service-1      | Reserved aircraft: 0 at SFO_PARK18. Time: 0
rl-uam-framework-vertisim_service-1      | Reserved aircraft: 2 at MV_PARK18. Time: 0
rl-uam-framework-vertisim_service-1      | Applying action: [1, 1, 0, 2]
rl-uam-framework-vertisim_service-1      | Truncation: Aircraft 0 at SFO_departure_fix is not in available the list: [3]. 
rl-uam-framework-vertisim_service-1      | Simulation Completed. Total time to run: 0.39 seconds
rl-uam-framework-rl_algorithm-1          | RL called reset
rl-uam-framework-vertisim_service-1      | Applying action: [1, 1, 1, 0]
rl-uam-framework-vertisim_service-1      | Charging truncation: Aircraft 0 at SFO will not charge. Initial soc: 100. Final soc level (102). At time 0.
rl-uam-framework-vertisim_service-1      | Simulation Completed. Total time to run: 0.4 seconds
rl-uam-framework-rl_algorithm-1          | RL called reset
rl-uam-framework-vertisim_service-1      | Applying action: [0, 1, 1, 1]
rl-uam-framework-vertisim_service-1      | Charging truncation: Aircraft 1 at SFO will not charge. Initial soc: 100. Final soc level (102). At time 0.
rl-uam-framework-vertisim_service-1      | Simulation Completed. Total time to run: 0.35 seconds
rl-uam-framework-rl_algorithm-1          | RL called reset
rl-uam-framework-vertisim_service-1      | Applying action: [1, 1, 0, 1]
rl-uam-framework-vertisim_service-1      | Charging truncation: Aircraft 0 at SFO will not charge. Initial soc: 100. Final soc level (102). At time 0.
rl-uam-framework-vertisim_service-1      | Simulation Completed. Total time to run: 0.31 seconds
rl-uam-framework-rl_algorithm-1          | RL called reset
rl-uam-framework-vertisim_service-1      | Applying action: [1, 2, 0, 1]
rl-uam-framework-vertisim_service-1      | Reserved aircraft: 1 at SFO_PARK17. Time: 0
rl-uam-framework-vertisim_service-1      | Charging truncation: Aircraft 0 at SFO will not charge. Initial soc: 100. Final soc level (102). At time 0.
rl-uam-framework-vertisim_service-1      | Simulation Completed. Total time to run: 0.34 seconds
rl-uam-framework-rl_algorithm-1          | RL called reset
rl-uam-framework-vertisim_service-1      | Applying action: [1, 0, 2, 2]
rl-uam-framework-vertisim_service-1      | Reserved aircraft: 2 at MV_PARK18. Time: 0
rl-uam-framework-vertisim_service-1      | Reserved aircraft: 3 at MV_PARK17. Time: 0
rl-uam-framework-vertisim_service-1      | Charging truncation: Aircraft 0 at SFO will not charge. Initial soc: 100. Final soc level (102). At time 0.
rl-uam-framework-vertisim_service-1      | Simulation Completed. Total time to run: 0.35 seconds
rl-uam-framework-rl_algorithm-1          | RL called reset
rl-uam-framework-vertisim_service-1      | Applying action: [0, 2, 2, 1]
rl-uam-framework-vertisim_service-1      | Reserved aircraft: 1 at SFO_PARK17. Time: 0
rl-uam-framework-vertisim_service-1      | Reserved aircraft: 2 at MV_PARK18. Time: 0
rl-uam-framework-vertisim_service-1      | Charging truncation: Aircraft 3 at MV will not charge. Initial soc: 100. Final soc level (102). At time 0.
rl-uam-framework-vertisim_service-1      | Simulation Completed. Total time to run: 0.35 seconds
rl-uam-framework-rl_algorithm-1          | RL called reset
rl-uam-framework-vertisim_service-1      | Applying action: [1, 2, 0, 1]
rl-uam-framework-vertisim_service-1      | Reserved aircraft: 1 at SFO_PARK17. Time: 0
rl-uam-framework-vertisim_service-1      | Charging truncation: Aircraft 0 at SFO will not charge. Initial soc: 100. Final soc level (102). At time 0.
rl-uam-framework-vertisim_service-1      | Simulation Completed. Total time to run: 0.34 seconds
rl-uam-framework-rl_algorithm-1          | RL called reset
rl-uam-framework-vertisim_service-1      | Applying action: [0, 2, 1, 0]
rl-uam-framework-vertisim_service-1      | Reserved aircraft: 1 at SFO_PARK17. Time: 0
rl-uam-framework-vertisim_service-1      | Charging truncation: Aircraft 2 at MV will not charge. Initial soc: 100. Final soc level (102). At time 0.
rl-uam-framework-vertisim_service-1      | Simulation Completed. Total time to run: 0.35 seconds
rl-uam-framework-rl_algorithm-1          | RL called reset
rl-uam-framework-vertisim_service-1      | Applying action: [1, 0, 0, 1]
rl-uam-framework-vertisim_service-1      | Charging truncation: Aircraft 0 at SFO will not charge. Initial soc: 100. Final soc level (102). At time 0.
rl-uam-framework-vertisim_service-1      | Simulation Completed. Total time to run: 0.36 seconds
rl-uam-framework-rl_algorithm-1          | RL called reset
rl-uam-framework-vertisim_service-1      | Applying action: [1, 1, 0, 1]
rl-uam-framework-vertisim_service-1      | Charging truncation: Aircraft 0 at SFO will not charge. Initial soc: 100. Final soc level (102). At time 0.
rl-uam-framework-vertisim_service-1      | Simulation Completed. Total time to run: 1.19 seconds
rl-uam-framework-rl_algorithm-1          | RL called reset
rl-uam-framework-vertisim_service-1      | Applying action: [0, 0, 2, 1]
rl-uam-framework-vertisim_service-1      | Reserved aircraft: 2 at MV_PARK18. Time: 0
rl-uam-framework-vertisim_service-1      | Charging truncation: Aircraft 3 at MV will not charge. Initial soc: 100. Final soc level (102). At time 0.
rl-uam-framework-vertisim_service-1      | Simulation Completed. Total time to run: 0.42 seconds
rl-uam-framework-rl_algorithm-1          | RL called reset
rl-uam-framework-vertisim_service-1      | Applying action: [1, 1, 1, 1]
rl-uam-framework-vertisim_service-1      | Charging truncation: Aircraft 0 at SFO will not charge. Initial soc: 100. Final soc level (102). At time 0.
rl-uam-framework-vertisim_service-1      | Simulation Completed. Total time to run: 0.37 seconds
rl-uam-framework-rl_algorithm-1          | RL called reset
rl-uam-framework-vertisim_service-1      | Applying action: [2, 0, 2, 1]
rl-uam-framework-vertisim_service-1      | Reserved aircraft: 0 at SFO_PARK18. Time: 0
rl-uam-framework-vertisim_service-1      | Reserved aircraft: 2 at MV_PARK18. Time: 0
rl-uam-framework-vertisim_service-1      | Charging truncation: Aircraft 3 at MV will not charge. Initial soc: 100. Final soc level (102). At time 0.
rl-uam-framework-vertisim_service-1      | Simulation Completed. Total time to run: 0.42 seconds
rl-uam-framework-rl_algorithm-1          | RL called reset
rl-uam-framework-vertisim_service-1      | Applying action: [1, 2, 0, 1]
rl-uam-framework-vertisim_service-1      | Reserved aircraft: 1 at SFO_PARK17. Time: 0
rl-uam-framework-vertisim_service-1      | Charging truncation: Aircraft 0 at SFO will not charge. Initial soc: 100. Final soc level (102). At time 0.
rl-uam-framework-vertisim_service-1      | Simulation Completed. Total time to run: 0.48 seconds
rl-uam-framework-rl_algorithm-1          | RL called reset
rl-uam-framework-vertisim_service-1      | Applying action: [1, 0, 1, 2]
rl-uam-framework-vertisim_service-1      | Reserved aircraft: 3 at MV_PARK17. Time: 0
rl-uam-framework-vertisim_service-1      | Charging truncation: Aircraft 0 at SFO will not charge. Initial soc: 100. Final soc level (102). At time 0.
rl-uam-framework-vertisim_service-1      | Simulation Completed. Total time to run: 0.42 seconds
rl-uam-framework-rl_algorithm-1          | RL called reset
rl-uam-framework-vertisim_service-1      | Applying action: [1, 1, 2, 2]
rl-uam-framework-vertisim_service-1      | Reserved aircraft: 2 at MV_PARK18. Time: 0
rl-uam-framework-vertisim_service-1      | Reserved aircraft: 3 at MV_PARK17. Time: 0
rl-uam-framework-vertisim_service-1      | Charging truncation: Aircraft 0 at SFO will not charge. Initial soc: 100. Final soc level (102). At time 0.
rl-uam-framework-vertisim_service-1      | Simulation Completed. Total time to run: 0.37 seconds
rl-uam-framework-rl_algorithm-1          | RL called reset
rl-uam-framework-vertisim_service-1      | Applying action: [1, 0, 0, 1]
rl-uam-framework-vertisim_service-1      | Charging truncation: Aircraft 0 at SFO will not charge. Initial soc: 100. Final soc level (102). At time 0.
rl-uam-framework-vertisim_service-1      | Simulation Completed. Total time to run: 0.35 seconds
rl-uam-framework-rl_algorithm-1          | RL called reset
rl-uam-framework-vertisim_service-1      | Applying action: [1, 1, 1, 1]
rl-uam-framework-vertisim_service-1      | Charging truncation: Aircraft 0 at SFO will not charge. Initial soc: 100. Final soc level (102). At time 0.
rl-uam-framework-vertisim_service-1      | Simulation Completed. Total time to run: 0.34 seconds
rl-uam-framework-rl_algorithm-1          | RL called reset
rl-uam-framework-vertisim_service-1      | Applying action: [1, 0, 1, 1]
rl-uam-framework-vertisim_service-1      | Charging truncation: Aircraft 0 at SFO will not charge. Initial soc: 100. Final soc level (102). At time 0.
rl-uam-framework-vertisim_service-1      | Simulation Completed. Total time to run: 0.31 seconds
rl-uam-framework-rl_algorithm-1          | RL called reset
rl-uam-framework-vertisim_service-1      | Applying action: [2, 2, 1, 1]
rl-uam-framework-vertisim_service-1      | Reserved aircraft: 0 at SFO_PARK18. Time: 0
rl-uam-framework-vertisim_service-1      | Reserved aircraft: 1 at SFO_PARK17. Time: 0
rl-uam-framework-vertisim_service-1      | Charging truncation: Aircraft 2 at MV will not charge. Initial soc: 100. Final soc level (102). At time 0.
rl-uam-framework-vertisim_service-1      | Simulation Completed. Total time to run: 0.43 seconds
rl-uam-framework-rl_algorithm-1          | RL called reset
rl-uam-framework-vertisim_service-1      | Applying action: [0, 1, 1, 2]
rl-uam-framework-vertisim_service-1      | Reserved aircraft: 3 at MV_PARK17. Time: 0
rl-uam-framework-vertisim_service-1      | Charging truncation: Aircraft 1 at SFO will not charge. Initial soc: 100. Final soc level (102). At time 0.
rl-uam-framework-vertisim_service-1      | Simulation Completed. Total time to run: 0.41 seconds
rl-uam-framework-rl_algorithm-1          | RL called reset
rl-uam-framework-vertisim_service-1      | Applying action: [0, 1, 0, 0]
rl-uam-framework-vertisim_service-1      | Charging truncation: Aircraft 1 at SFO will not charge. Initial soc: 100. Final soc level (102). At time 0.
rl-uam-framework-vertisim_service-1      | Simulation Completed. Total time to run: 0.43 seconds
rl-uam-framework-rl_algorithm-1          | RL called reset
rl-uam-framework-vertisim_service-1      | Applying action: [1, 1, 0, 1]
rl-uam-framework-vertisim_service-1      | Charging truncation: Aircraft 0 at SFO will not charge. Initial soc: 100. Final soc level (102). At time 0.
rl-uam-framework-vertisim_service-1      | Simulation Completed. Total time to run: 0.36 seconds
rl-uam-framework-rl_algorithm-1          | RL called reset
rl-uam-framework-vertisim_service-1      | Applying action: [2, 1, 0, 1]
rl-uam-framework-vertisim_service-1      | Reserved aircraft: 0 at SFO_PARK18. Time: 0
rl-uam-framework-vertisim_service-1      | Charging truncation: Aircraft 1 at SFO will not charge. Initial soc: 100. Final soc level (102). At time 0.
rl-uam-framework-vertisim_service-1      | Simulation Completed. Total time to run: 0.44 seconds
rl-uam-framework-rl_algorithm-1          | RL called reset
rl-uam-framework-vertisim_service-1      | Applying action: [1, 0, 1, 1]
rl-uam-framework-vertisim_service-1      | Charging truncation: Aircraft 0 at SFO will not charge. Initial soc: 100. Final soc level (102). At time 0.
rl-uam-framework-vertisim_service-1      | Simulation Completed. Total time to run: 0.39 seconds
rl-uam-framework-rl_algorithm-1          | RL called reset
rl-uam-framework-vertisim_service-1      | Applying action: [1, 0, 2, 1]
rl-uam-framework-vertisim_service-1      | Reserved aircraft: 2 at MV_PARK18. Time: 0
rl-uam-framework-vertisim_service-1      | Charging truncation: Aircraft 0 at SFO will not charge. Initial soc: 100. Final soc level (102). At time 0.
rl-uam-framework-vertisim_service-1      | Simulation Completed. Total time to run: 0.36 seconds
rl-uam-framework-rl_algorithm-1          | RL called reset
rl-uam-framework-vertisim_service-1      | Applying action: [2, 2, 2, 1]
rl-uam-framework-vertisim_service-1      | Reserved aircraft: 0 at SFO_PARK18. Time: 0
rl-uam-framework-vertisim_service-1      | Reserved aircraft: 1 at SFO_PARK17. Time: 0
rl-uam-framework-vertisim_service-1      | Reserved aircraft: 2 at MV_PARK18. Time: 0
rl-uam-framework-vertisim_service-1      | Charging truncation: Aircraft 3 at MV will not charge. Initial soc: 100. Final soc level (102). At time 0.
rl-uam-framework-vertisim_service-1      | Simulation Completed. Total time to run: 0.45 seconds
rl-uam-framework-rl_algorithm-1          | RL called reset
rl-uam-framework-vertisim_service-1      | Applying action: [1, 2, 2, 2]
rl-uam-framework-vertisim_service-1      | Reserved aircraft: 1 at SFO_PARK17. Time: 0
rl-uam-framework-vertisim_service-1      | Reserved aircraft: 2 at MV_PARK18. Time: 0
rl-uam-framework-vertisim_service-1      | Reserved aircraft: 3 at MV_PARK17. Time: 0
rl-uam-framework-vertisim_service-1      | Charging truncation: Aircraft 0 at SFO will not charge. Initial soc: 100. Final soc level (102). At time 0.
rl-uam-framework-vertisim_service-1      | Simulation Completed. Total time to run: 0.44 seconds
rl-uam-framework-rl_algorithm-1          | RL called reset
rl-uam-framework-vertisim_service-1      | Applying action: [2, 0, 2, 1]
rl-uam-framework-vertisim_service-1      | Reserved aircraft: 0 at SFO_PARK18. Time: 0
rl-uam-framework-vertisim_service-1      | Reserved aircraft: 2 at MV_PARK18. Time: 0
rl-uam-framework-vertisim_service-1      | Charging truncation: Aircraft 3 at MV will not charge. Initial soc: 100. Final soc level (102). At time 0.
rl-uam-framework-vertisim_service-1      | Simulation Completed. Total time to run: 0.37 seconds
rl-uam-framework-rl_algorithm-1          | RL called reset
rl-uam-framework-vertisim_service-1      | Applying action: [1, 1, 2, 0]
rl-uam-framework-vertisim_service-1      | Reserved aircraft: 2 at MV_PARK18. Time: 0
rl-uam-framework-vertisim_service-1      | Charging truncation: Aircraft 0 at SFO will not charge. Initial soc: 100. Final soc level (102). At time 0.
rl-uam-framework-vertisim_service-1      | Simulation Completed. Total time to run: 0.38 seconds
rl-uam-framework-rl_algorithm-1          | RL called reset
rl-uam-framework-vertisim_service-1      | Applying action: [2, 1, 2, 1]
rl-uam-framework-vertisim_service-1      | Reserved aircraft: 0 at SFO_PARK18. Time: 0
rl-uam-framework-vertisim_service-1      | Reserved aircraft: 2 at MV_PARK18. Time: 0
rl-uam-framework-vertisim_service-1      | Charging truncation: Aircraft 1 at SFO will not charge. Initial soc: 100. Final soc level (102). At time 0.
rl-uam-framework-vertisim_service-1      | Simulation Completed. Total time to run: 0.34 seconds
rl-uam-framework-rl_algorithm-1          | RL called reset
rl-uam-framework-vertisim_service-1      | Applying action: [1, 1, 2, 2]
rl-uam-framework-vertisim_service-1      | Reserved aircraft: 2 at MV_PARK18. Time: 0
rl-uam-framework-vertisim_service-1      | Reserved aircraft: 3 at MV_PARK17. Time: 0
rl-uam-framework-vertisim_service-1      | Charging truncation: Aircraft 0 at SFO will not charge. Initial soc: 100. Final soc level (102). At time 0.
rl-uam-framework-vertisim_service-1      | Simulation Completed. Total time to run: 0.33 seconds
rl-uam-framework-rl_algorithm-1          | RL called reset
rl-uam-framework-vertisim_service-1      | Applying action: [1, 2, 2, 1]
rl-uam-framework-vertisim_service-1      | Reserved aircraft: 1 at SFO_PARK17. Time: 0
rl-uam-framework-vertisim_service-1      | Reserved aircraft: 2 at MV_PARK18. Time: 0
rl-uam-framework-vertisim_service-1      | Charging truncation: Aircraft 0 at SFO will not charge. Initial soc: 100. Final soc level (102). At time 0.
rl-uam-framework-vertisim_service-1      | Simulation Completed. Total time to run: 0.41 seconds
rl-uam-framework-rl_algorithm-1          | RL called reset
rl-uam-framework-vertisim_service-1      | Applying action: [2, 0, 1, 2]
rl-uam-framework-vertisim_service-1      | Reserved aircraft: 0 at SFO_PARK18. Time: 0
rl-uam-framework-vertisim_service-1      | Reserved aircraft: 3 at MV_PARK17. Time: 0
rl-uam-framework-vertisim_service-1      | Charging truncation: Aircraft 2 at MV will not charge. Initial soc: 100. Final soc level (102). At time 0.
rl-uam-framework-vertisim_service-1      | Simulation Completed. Total time to run: 0.48 seconds
rl-uam-framework-rl_algorithm-1          | RL called reset
rl-uam-framework-vertisim_service-1      | Applying action: [1, 0, 0, 2]
rl-uam-framework-vertisim_service-1      | Reserved aircraft: 3 at MV_PARK17. Time: 0
rl-uam-framework-vertisim_service-1      | Charging truncation: Aircraft 0 at SFO will not charge. Initial soc: 100. Final soc level (102). At time 0.
rl-uam-framework-vertisim_service-1      | Simulation Completed. Total time to run: 0.36 seconds
rl-uam-framework-rl_algorithm-1          | RL called reset
rl-uam-framework-vertisim_service-1      | Applying action: [1, 2, 2, 2]
rl-uam-framework-vertisim_service-1      | Reserved aircraft: 1 at SFO_PARK17. Time: 0
rl-uam-framework-vertisim_service-1      | Reserved aircraft: 2 at MV_PARK18. Time: 0
rl-uam-framework-vertisim_service-1      | Reserved aircraft: 3 at MV_PARK17. Time: 0
rl-uam-framework-vertisim_service-1      | Charging truncation: Aircraft 0 at SFO will not charge. Initial soc: 100. Final soc level (102). At time 0.
rl-uam-framework-vertisim_service-1      | Simulation Completed. Total time to run: 0.36 seconds
rl-uam-framework-rl_algorithm-1          | RL called reset
rl-uam-framework-vertisim_service-1      | Applying action: [1, 0, 0, 2]
rl-uam-framework-vertisim_service-1      | Reserved aircraft: 3 at MV_PARK17. Time: 0
rl-uam-framework-vertisim_service-1      | Charging truncation: Aircraft 0 at SFO will not charge. Initial soc: 100. Final soc level (102). At time 0.
rl-uam-framework-vertisim_service-1      | Simulation Completed. Total time to run: 0.35 seconds
rl-uam-framework-rl_algorithm-1          | RL called reset
rl-uam-framework-vertisim_service-1      | Applying action: [1, 2, 1, 1]
rl-uam-framework-vertisim_service-1      | Reserved aircraft: 1 at SFO_PARK17. Time: 0
rl-uam-framework-vertisim_service-1      | Charging truncation: Aircraft 0 at SFO will not charge. Initial soc: 100. Final soc level (102). At time 0.
rl-uam-framework-vertisim_service-1      | Simulation Completed. Total time to run: 0.36 seconds
rl-uam-framework-rl_algorithm-1          | RL called reset
rl-uam-framework-vertisim_service-1      | Applying action: [1, 0, 1, 1]
rl-uam-framework-vertisim_service-1      | Charging truncation: Aircraft 0 at SFO will not charge. Initial soc: 100. Final soc level (102). At time 0.
rl-uam-framework-vertisim_service-1      | Simulation Completed. Total time to run: 0.35 seconds
rl-uam-framework-rl_algorithm-1          | RL called reset
rl-uam-framework-vertisim_service-1      | Applying action: [0, 2, 0, 1]
rl-uam-framework-vertisim_service-1      | Reserved aircraft: 1 at SFO_PARK17. Time: 0
rl-uam-framework-vertisim_service-1      | Charging truncation: Aircraft 3 at MV will not charge. Initial soc: 100. Final soc level (102). At time 0.
rl-uam-framework-vertisim_service-1      | Simulation Completed. Total time to run: 0.35 seconds
rl-uam-framework-rl_algorithm-1          | RL called reset
rl-uam-framework-vertisim_service-1      | Applying action: [0, 1, 0, 0]
rl-uam-framework-vertisim_service-1      | Charging truncation: Aircraft 1 at SFO will not charge. Initial soc: 100. Final soc level (102). At time 0.
rl-uam-framework-vertisim_service-1      | Simulation Completed. Total time to run: 0.34 seconds
rl-uam-framework-rl_algorithm-1          | RL called reset
rl-uam-framework-vertisim_service-1      | Applying action: [0, 0, 1, 2]
rl-uam-framework-vertisim_service-1      | Reserved aircraft: 3 at MV_PARK17. Time: 0
rl-uam-framework-vertisim_service-1      | Charging truncation: Aircraft 2 at MV will not charge. Initial soc: 100. Final soc level (102). At time 0.
rl-uam-framework-vertisim_service-1      | Simulation Completed. Total time to run: 0.37 seconds
rl-uam-framework-rl_algorithm-1          | RL called reset
rl-uam-framework-vertisim_service-1      | Applying action: [1, 2, 1, 2]
rl-uam-framework-vertisim_service-1      | Reserved aircraft: 1 at SFO_PARK17. Time: 0
rl-uam-framework-vertisim_service-1      | Reserved aircraft: 3 at MV_PARK17. Time: 0
rl-uam-framework-vertisim_service-1      | Charging truncation: Aircraft 0 at SFO will not charge. Initial soc: 100. Final soc level (102). At time 0.
rl-uam-framework-vertisim_service-1      | Simulation Completed. Total time to run: 0.38 seconds
rl-uam-framework-rl_algorithm-1          | RL called reset
rl-uam-framework-vertisim_service-1      | Applying action: [1, 1, 1, 1]
rl-uam-framework-vertisim_service-1      | Charging truncation: Aircraft 0 at SFO will not charge. Initial soc: 100. Final soc level (102). At time 0.
rl-uam-framework-vertisim_service-1      | Simulation Completed. Total time to run: 0.42 seconds
rl-uam-framework-rl_algorithm-1          | RL called reset
rl-uam-framework-vertisim_service-1      | Applying action: [1, 2, 1, 2]
rl-uam-framework-vertisim_service-1      | Reserved aircraft: 1 at SFO_PARK17. Time: 0
rl-uam-framework-vertisim_service-1      | Reserved aircraft: 3 at MV_PARK17. Time: 0
rl-uam-framework-vertisim_service-1      | Charging truncation: Aircraft 0 at SFO will not charge. Initial soc: 100. Final soc level (102). At time 0.
rl-uam-framework-vertisim_service-1      | Simulation Completed. Total time to run: 0.37 seconds
rl-uam-framework-rl_algorithm-1          | RL called reset
rl-uam-framework-vertisim_service-1      | Applying action: [1, 2, 1, 2]
rl-uam-framework-vertisim_service-1      | Reserved aircraft: 1 at SFO_PARK17. Time: 0
rl-uam-framework-vertisim_service-1      | Reserved aircraft: 3 at MV_PARK17. Time: 0
rl-uam-framework-vertisim_service-1      | Charging truncation: Aircraft 0 at SFO will not charge. Initial soc: 100. Final soc level (102). At time 0.
rl-uam-framework-vertisim_service-1      | Simulation Completed. Total time to run: 0.38 seconds
rl-uam-framework-rl_algorithm-1          | RL called reset
rl-uam-framework-vertisim_service-1      | Applying action: [1, 2, 0, 2]
rl-uam-framework-vertisim_service-1      | Reserved aircraft: 1 at SFO_PARK17. Time: 0
rl-uam-framework-vertisim_service-1      | Reserved aircraft: 3 at MV_PARK17. Time: 0
rl-uam-framework-vertisim_service-1      | Charging truncation: Aircraft 0 at SFO will not charge. Initial soc: 100. Final soc level (102). At time 0.
rl-uam-framework-vertisim_service-1      | Simulation Completed. Total time to run: 0.35 seconds
rl-uam-framework-rl_algorithm-1          | RL called reset
rl-uam-framework-vertisim_service-1      | Applying action: [1, 2, 2, 1]
rl-uam-framework-vertisim_service-1      | Reserved aircraft: 1 at SFO_PARK17. Time: 0
rl-uam-framework-vertisim_service-1      | Reserved aircraft: 2 at MV_PARK18. Time: 0
rl-uam-framework-vertisim_service-1      | Charging truncation: Aircraft 0 at SFO will not charge. Initial soc: 100. Final soc level (102). At time 0.
rl-uam-framework-vertisim_service-1      | Simulation Completed. Total time to run: 0.38 seconds
rl-uam-framework-rl_algorithm-1          | RL called reset
rl-uam-framework-vertisim_service-1      | Applying action: [0, 1, 2, 2]
rl-uam-framework-vertisim_service-1      | Reserved aircraft: 2 at MV_PARK18. Time: 0
rl-uam-framework-vertisim_service-1      | Reserved aircraft: 3 at MV_PARK17. Time: 0
rl-uam-framework-vertisim_service-1      | Charging truncation: Aircraft 1 at SFO will not charge. Initial soc: 100. Final soc level (102). At time 0.
rl-uam-framework-vertisim_service-1      | Simulation Completed. Total time to run: 1.68 seconds
rl-uam-framework-rl_algorithm-1          | RL called reset
rl-uam-framework-vertisim_service-1      | Applying action: [2, 1, 0, 0]
rl-uam-framework-vertisim_service-1      | Reserved aircraft: 0 at SFO_PARK18. Time: 0
rl-uam-framework-vertisim_service-1      | Charging truncation: Aircraft 1 at SFO will not charge. Initial soc: 100. Final soc level (102). At time 0.
rl-uam-framework-vertisim_service-1      | Simulation Completed. Total time to run: 0.4 seconds
rl-uam-framework-rl_algorithm-1          | RL called reset
rl-uam-framework-vertisim_service-1      | Applying action: [1, 1, 2, 1]
rl-uam-framework-vertisim_service-1      | Reserved aircraft: 2 at MV_PARK18. Time: 0
rl-uam-framework-vertisim_service-1      | Charging truncation: Aircraft 0 at SFO will not charge. Initial soc: 100. Final soc level (102). At time 0.
rl-uam-framework-vertisim_service-1      | Simulation Completed. Total time to run: 0.4 seconds
rl-uam-framework-rl_algorithm-1          | RL called reset
rl-uam-framework-vertisim_service-1      | Applying action: [0, 0, 1, 2]
rl-uam-framework-vertisim_service-1      | Reserved aircraft: 3 at MV_PARK17. Time: 0
rl-uam-framework-vertisim_service-1      | Charging truncation: Aircraft 2 at MV will not charge. Initial soc: 100. Final soc level (102). At time 0.
rl-uam-framework-vertisim_service-1      | Simulation Completed. Total time to run: 0.36 seconds
rl-uam-framework-rl_algorithm-1          | RL called reset
rl-uam-framework-vertisim_service-1      | Applying action: [1, 2, 1, 1]
rl-uam-framework-vertisim_service-1      | Reserved aircraft: 1 at SFO_PARK17. Time: 0
rl-uam-framework-vertisim_service-1      | Charging truncation: Aircraft 0 at SFO will not charge. Initial soc: 100. Final soc level (102). At time 0.
rl-uam-framework-vertisim_service-1      | Simulation Completed. Total time to run: 0.37 seconds
rl-uam-framework-rl_algorithm-1          | RL called reset
rl-uam-framework-vertisim_service-1      | Applying action: [1, 1, 2, 2]
rl-uam-framework-vertisim_service-1      | Reserved aircraft: 2 at MV_PARK18. Time: 0
rl-uam-framework-vertisim_service-1      | Reserved aircraft: 3 at MV_PARK17. Time: 0
rl-uam-framework-vertisim_service-1      | Charging truncation: Aircraft 0 at SFO will not charge. Initial soc: 100. Final soc level (102). At time 0.
rl-uam-framework-vertisim_service-1      | Simulation Completed. Total time to run: 0.4 seconds
rl-uam-framework-rl_algorithm-1          | RL called reset
rl-uam-framework-vertisim_service-1      | Applying action: [0, 0, 1, 2]
rl-uam-framework-vertisim_service-1      | Reserved aircraft: 3 at MV_PARK17. Time: 0
rl-uam-framework-vertisim_service-1      | Charging truncation: Aircraft 2 at MV will not charge. Initial soc: 100. Final soc level (102). At time 0.
rl-uam-framework-vertisim_service-1      | Simulation Completed. Total time to run: 0.37 seconds
rl-uam-framework-rl_algorithm-1          | RL called reset
rl-uam-framework-vertisim_service-1      | Applying action: [1, 0, 0, 1]
rl-uam-framework-vertisim_service-1      | Charging truncation: Aircraft 0 at SFO will not charge. Initial soc: 100. Final soc level (102). At time 0.
rl-uam-framework-vertisim_service-1      | Simulation Completed. Total time to run: 0.36 seconds
rl-uam-framework-rl_algorithm-1          | RL called reset
rl-uam-framework-vertisim_service-1      | Applying action: [1, 0, 0, 0]
rl-uam-framework-vertisim_service-1      | Charging truncation: Aircraft 0 at SFO will not charge. Initial soc: 100. Final soc level (102). At time 0.
rl-uam-framework-vertisim_service-1      | Simulation Completed. Total time to run: 0.37 seconds
rl-uam-framework-rl_algorithm-1          | RL called reset
rl-uam-framework-vertisim_service-1      | Applying action: [0, 2, 1, 2]
rl-uam-framework-vertisim_service-1      | Reserved aircraft: 1 at SFO_PARK17. Time: 0
rl-uam-framework-vertisim_service-1      | Reserved aircraft: 3 at MV_PARK17. Time: 0
rl-uam-framework-vertisim_service-1      | Charging truncation: Aircraft 2 at MV will not charge. Initial soc: 100. Final soc level (102). At time 0.
rl-uam-framework-vertisim_service-1      | Simulation Completed. Total time to run: 0.4 seconds
rl-uam-framework-rl_algorithm-1          | RL called reset
rl-uam-framework-vertisim_service-1      | Applying action: [0, 2, 0, 2]
rl-uam-framework-vertisim_service-1      | Reserved aircraft: 1 at SFO_PARK17. Time: 0
rl-uam-framework-vertisim_service-1      | Reserved aircraft: 3 at MV_PARK17. Time: 0
rl-uam-framework-vertisim_service-1      | Applying action: [1, 2, 1, 1]
rl-uam-framework-vertisim_service-1      | Applying truncation. Aircraft 1 is not idling at the vertiport MV. Aircraft location: SFO_departure_fix. Status: AircraftStatus.FLY. Current time: 195518.0
rl-uam-framework-vertisim_service-1      | Simulation Completed. Total time to run: 0.38 seconds
rl-uam-framework-rl_algorithm-1          | RL called reset
rl-uam-framework-vertisim_service-1      | Applying action: [1, 2, 1, 1]
rl-uam-framework-vertisim_service-1      | Reserved aircraft: 1 at SFO_PARK17. Time: 0
rl-uam-framework-vertisim_service-1      | Charging truncation: Aircraft 0 at SFO will not charge. Initial soc: 100. Final soc level (102). At time 0.
rl-uam-framework-vertisim_service-1      | Simulation Completed. Total time to run: 0.34 seconds
rl-uam-framework-rl_algorithm-1          | RL called reset
rl-uam-framework-vertisim_service-1      | Applying action: [1, 2, 1, 0]
rl-uam-framework-vertisim_service-1      | Reserved aircraft: 1 at SFO_PARK17. Time: 0
rl-uam-framework-vertisim_service-1      | Charging truncation: Aircraft 0 at SFO will not charge. Initial soc: 100. Final soc level (102). At time 0.
rl-uam-framework-vertisim_service-1      | Simulation Completed. Total time to run: 0.33 seconds
rl-uam-framework-rl_algorithm-1          | RL called reset
rl-uam-framework-vertisim_service-1      | Applying action: [0, 0, 0, 0]
rl-uam-framework-vertisim_service-1      | Passenger 3 entered the waiting room at MV. Currently waiting passengers: [0, 2, 3]. Time (sec): 367
rl-uam-framework-vertisim_service-1      | Applying action: [0, 2, 1, 1]
rl-uam-framework-vertisim_service-1      | Reserved aircraft: 1 at SFO_PARK17. Time: 366673.95
rl-uam-framework-vertisim_service-1      | Charging truncation: Aircraft 2 at MV will not charge. Initial soc: 100. Final soc level (102). At time 366673.95.
rl-uam-framework-rl_algorithm-1          | RL called reset
rl-uam-framework-vertisim_service-1      | Simulation Completed. Total time to run: 0.34 seconds
rl-uam-framework-vertisim_service-1      | Applying action: [2, 0, 0, 1]
rl-uam-framework-vertisim_service-1      | Reserved aircraft: 0 at SFO_PARK18. Time: 0
rl-uam-framework-vertisim_service-1      | Charging truncation: Aircraft 3 at MV will not charge. Initial soc: 100. Final soc level (102). At time 0.
rl-uam-framework-vertisim_service-1      | Simulation Completed. Total time to run: 0.35 seconds
rl-uam-framework-rl_algorithm-1          | RL called reset
rl-uam-framework-vertisim_service-1      | Applying action: [1, 2, 1, 0]
rl-uam-framework-vertisim_service-1      | Reserved aircraft: 1 at SFO_PARK17. Time: 0
rl-uam-framework-vertisim_service-1      | Charging truncation: Aircraft 0 at SFO will not charge. Initial soc: 100. Final soc level (102). At time 0.
rl-uam-framework-vertisim_service-1      | Simulation Completed. Total time to run: 0.38 seconds
rl-uam-framework-rl_algorithm-1          | RL called reset
rl-uam-framework-vertisim_service-1      | Applying action: [1, 2, 1, 0]
rl-uam-framework-vertisim_service-1      | Reserved aircraft: 1 at SFO_PARK17. Time: 0
rl-uam-framework-vertisim_service-1      | Charging truncation: Aircraft 0 at SFO will not charge. Initial soc: 100. Final soc level (102). At time 0.
rl-uam-framework-vertisim_service-1      | Simulation Completed. Total time to run: 0.71 seconds
rl-uam-framework-rl_algorithm-1          | RL called reset
rl-uam-framework-vertisim_service-1      | Applying action: [0, 2, 1, 2]
rl-uam-framework-vertisim_service-1      | Reserved aircraft: 1 at SFO_PARK17. Time: 0
rl-uam-framework-vertisim_service-1      | Reserved aircraft: 3 at MV_PARK17. Time: 0
rl-uam-framework-vertisim_service-1      | Charging truncation: Aircraft 2 at MV will not charge. Initial soc: 100. Final soc level (102). At time 0.
rl-uam-framework-vertisim_service-1      | Simulation Completed. Total time to run: 0.56 seconds
rl-uam-framework-rl_algorithm-1          | RL called reset
rl-uam-framework-vertisim_service-1      | Applying action: [2, 0, 1, 2]
rl-uam-framework-vertisim_service-1      | Reserved aircraft: 0 at SFO_PARK18. Time: 0
rl-uam-framework-vertisim_service-1      | Reserved aircraft: 3 at MV_PARK17. Time: 0
rl-uam-framework-rl_algorithm-1          | RL called reset
rl-uam-framework-vertisim_service-1      | Charging truncation: Aircraft 2 at MV will not charge. Initial soc: 100. Final soc level (102). At time 0.
rl-uam-framework-vertisim_service-1      | Simulation Completed. Total time to run: 0.38 seconds
rl-uam-framework-vertisim_service-1      | Applying action: [2, 2, 1, 0]
rl-uam-framework-vertisim_service-1      | Reserved aircraft: 0 at SFO_PARK18. Time: 0
rl-uam-framework-vertisim_service-1      | Reserved aircraft: 1 at SFO_PARK17. Time: 0
rl-uam-framework-vertisim_service-1      | Charging truncation: Aircraft 2 at MV will not charge. Initial soc: 100. Final soc level (102). At time 0.
rl-uam-framework-vertisim_service-1      | Simulation Completed. Total time to run: 0.53 seconds
rl-uam-framework-rl_algorithm-1          | RL called reset
rl-uam-framework-vertisim_service-1      | Applying action: [2, 2, 0, 1]
rl-uam-framework-vertisim_service-1      | Reserved aircraft: 0 at SFO_PARK18. Time: 0
rl-uam-framework-vertisim_service-1      | Reserved aircraft: 1 at SFO_PARK17. Time: 0
rl-uam-framework-vertisim_service-1      | Charging truncation: Aircraft 3 at MV will not charge. Initial soc: 100. Final soc level (102). At time 0.
rl-uam-framework-vertisim_service-1      | Simulation Completed. Total time to run: 0.45 seconds
rl-uam-framework-rl_algorithm-1          | RL called reset
rl-uam-framework-vertisim_service-1      | Applying action: [1, 0, 1, 1]
rl-uam-framework-vertisim_service-1      | Charging truncation: Aircraft 0 at SFO will not charge. Initial soc: 100. Final soc level (102). At time 0.
rl-uam-framework-vertisim_service-1      | Simulation Completed. Total time to run: 0.39 seconds
rl-uam-framework-rl_algorithm-1          | RL called reset
rl-uam-framework-vertisim_service-1      | Applying action: [2, 1, 1, 0]
rl-uam-framework-vertisim_service-1      | Reserved aircraft: 0 at SFO_PARK18. Time: 0
rl-uam-framework-vertisim_service-1      | Charging truncation: Aircraft 1 at SFO will not charge. Initial soc: 100. Final soc level (102). At time 0.
rl-uam-framework-vertisim_service-1      | Simulation Completed. Total time to run: 0.38 seconds
rl-uam-framework-rl_algorithm-1          | RL called reset
rl-uam-framework-vertisim_service-1      | Applying action: [0, 0, 0, 0]
rl-uam-framework-vertisim_service-1      | Passenger 2 entered the waiting room at SFO. Currently waiting passengers: [0, 1, 2]. Time (sec): 494
rl-uam-framework-vertisim_service-1      | Applying action: [1, 1, 0, 2]
rl-uam-framework-vertisim_service-1      | Reserved aircraft: 3 at MV_PARK17. Time: 494031.1
rl-uam-framework-rl_algorithm-1          | RL called reset
rl-uam-framework-vertisim_service-1      | Charging truncation: Aircraft 0 at SFO will not charge. Initial soc: 100. Final soc level (102). At time 494031.1.
rl-uam-framework-vertisim_service-1      | Simulation Completed. Total time to run: 0.39 seconds
rl-uam-framework-vertisim_service-1      | Applying action: [0, 0, 0, 0]
rl-uam-framework-vertisim_service-1      | Passenger 3 entered the waiting room at SFO. Currently waiting passengers: [0, 2, 3]. Time (sec): 107
rl-uam-framework-vertisim_service-1      | Applying action: [1, 2, 1, 0]
rl-uam-framework-vertisim_service-1      | Reserved aircraft: 1 at SFO_PARK17. Time: 106766.8
rl-uam-framework-vertisim_service-1      | Charging truncation: Aircraft 0 at SFO will not charge. Initial soc: 100. Final soc level (102). At time 106766.8.
rl-uam-framework-vertisim_service-1      | Simulation Completed. Total time to run: 0.4 seconds
rl-uam-framework-rl_algorithm-1          | RL called reset
rl-uam-framework-rl_algorithm-1          | RL called reset
rl-uam-framework-vertisim_service-1      | Applying action: [0, 0, 0, 1]
rl-uam-framework-vertisim_service-1      | Charging truncation: Aircraft 3 at MV will not charge. Initial soc: 100. Final soc level (102). At time 0.
rl-uam-framework-vertisim_service-1      | Simulation Completed. Total time to run: 0.34 seconds
rl-uam-framework-vertisim_service-1      | Applying action: [1, 0, 1, 2]
rl-uam-framework-vertisim_service-1      | Reserved aircraft: 3 at MV_PARK17. Time: 0
rl-uam-framework-vertisim_service-1      | Charging truncation: Aircraft 0 at SFO will not charge. Initial soc: 100. Final soc level (102). At time 0.
rl-uam-framework-vertisim_service-1      | Simulation Completed. Total time to run: 0.4 seconds
rl-uam-framework-rl_algorithm-1          | RL called reset
rl-uam-framework-vertisim_service-1      | Applying action: [1, 0, 1, 1]
rl-uam-framework-vertisim_service-1      | Charging truncation: Aircraft 0 at SFO will not charge. Initial soc: 100. Final soc level (102). At time 0.
rl-uam-framework-vertisim_service-1      | Simulation Completed. Total time to run: 0.43 seconds
rl-uam-framework-rl_algorithm-1          | RL called reset
rl-uam-framework-vertisim_service-1      | Applying action: [0, 2, 2, 2]
rl-uam-framework-vertisim_service-1      | Reserved aircraft: 1 at SFO_PARK17. Time: 0
rl-uam-framework-vertisim_service-1      | Reserved aircraft: 2 at MV_PARK18. Time: 0
rl-uam-framework-vertisim_service-1      | Reserved aircraft: 3 at MV_PARK17. Time: 0
rl-uam-framework-vertisim_service-1      | Applying action: [1, 1, 0, 1]
rl-uam-framework-vertisim_service-1      | Truncation: Aircraft 1 at SFO_departure_fix is not in available the list: []. 
rl-uam-framework-vertisim_service-1      | Simulation Completed. Total time to run: 0.46 seconds
rl-uam-framework-rl_algorithm-1          | RL called reset
rl-uam-framework-vertisim_service-1      | Applying action: [2, 2, 1, 2]
rl-uam-framework-vertisim_service-1      | Reserved aircraft: 0 at SFO_PARK18. Time: 0
rl-uam-framework-vertisim_service-1      | Reserved aircraft: 1 at SFO_PARK17. Time: 0
rl-uam-framework-vertisim_service-1      | Reserved aircraft: 3 at MV_PARK17. Time: 0
rl-uam-framework-vertisim_service-1      | Charging truncation: Aircraft 2 at MV will not charge. Initial soc: 100. Final soc level (102). At time 0.
rl-uam-framework-vertisim_service-1      | Simulation Completed. Total time to run: 0.33 seconds
rl-uam-framework-rl_algorithm-1          | RL called reset
rl-uam-framework-vertisim_service-1      | Applying action: [2, 0, 1, 1]
rl-uam-framework-vertisim_service-1      | Reserved aircraft: 0 at SFO_PARK18. Time: 0
rl-uam-framework-vertisim_service-1      | Charging truncation: Aircraft 2 at MV will not charge. Initial soc: 100. Final soc level (102). At time 0.
rl-uam-framework-vertisim_service-1      | Simulation Completed. Total time to run: 0.34 seconds
rl-uam-framework-rl_algorithm-1          | RL called reset
rl-uam-framework-vertisim_service-1      | Applying action: [2, 1, 1, 1]
rl-uam-framework-vertisim_service-1      | Reserved aircraft: 0 at SFO_PARK18. Time: 0
rl-uam-framework-vertisim_service-1      | Charging truncation: Aircraft 1 at SFO will not charge. Initial soc: 100. Final soc level (102). At time 0.
rl-uam-framework-vertisim_service-1      | Simulation Completed. Total time to run: 0.45 seconds
rl-uam-framework-rl_algorithm-1          | RL called reset
rl-uam-framework-vertisim_service-1      | Applying action: [2, 2, 1, 1]
rl-uam-framework-vertisim_service-1      | Reserved aircraft: 0 at SFO_PARK18. Time: 0
rl-uam-framework-vertisim_service-1      | Reserved aircraft: 1 at SFO_PARK17. Time: 0
rl-uam-framework-vertisim_service-1      | Charging truncation: Aircraft 2 at MV will not charge. Initial soc: 100. Final soc level (102). At time 0.
rl-uam-framework-vertisim_service-1      | Simulation Completed. Total time to run: 0.34 seconds
rl-uam-framework-rl_algorithm-1          | RL called reset
rl-uam-framework-vertisim_service-1      | Applying action: [0, 2, 2, 1]
rl-uam-framework-vertisim_service-1      | Reserved aircraft: 1 at SFO_PARK17. Time: 0
rl-uam-framework-vertisim_service-1      | Reserved aircraft: 2 at MV_PARK18. Time: 0
rl-uam-framework-vertisim_service-1      | Charging truncation: Aircraft 3 at MV will not charge. Initial soc: 100. Final soc level (102). At time 0.
rl-uam-framework-vertisim_service-1      | Simulation Completed. Total time to run: 0.39 seconds
rl-uam-framework-rl_algorithm-1          | RL called reset
rl-uam-framework-vertisim_service-1      | Applying action: [1, 0, 2, 2]
rl-uam-framework-vertisim_service-1      | Reserved aircraft: 2 at MV_PARK18. Time: 0
rl-uam-framework-vertisim_service-1      | Reserved aircraft: 3 at MV_PARK17. Time: 0
rl-uam-framework-vertisim_service-1      | Charging truncation: Aircraft 0 at SFO will not charge. Initial soc: 100. Final soc level (102). At time 0.
rl-uam-framework-vertisim_service-1      | Simulation Completed. Total time to run: 0.32 seconds
rl-uam-framework-rl_algorithm-1          | RL called reset
rl-uam-framework-vertisim_service-1      | Applying action: [2, 0, 1, 1]
rl-uam-framework-vertisim_service-1      | Reserved aircraft: 0 at SFO_PARK18. Time: 0
rl-uam-framework-vertisim_service-1      | Charging truncation: Aircraft 2 at MV will not charge. Initial soc: 100. Final soc level (102). At time 0.
rl-uam-framework-vertisim_service-1      | Simulation Completed. Total time to run: 0.32 seconds
rl-uam-framework-rl_algorithm-1          | RL called reset
rl-uam-framework-vertisim_service-1      | Applying action: [2, 0, 0, 1]
rl-uam-framework-vertisim_service-1      | Reserved aircraft: 0 at SFO_PARK18. Time: 0
rl-uam-framework-vertisim_service-1      | Charging truncation: Aircraft 3 at MV will not charge. Initial soc: 100. Final soc level (102). At time 0.
rl-uam-framework-vertisim_service-1      | Simulation Completed. Total time to run: 0.33 seconds
rl-uam-framework-rl_algorithm-1          | RL called reset
rl-uam-framework-vertisim_service-1      | Applying action: [1, 0, 2, 1]
rl-uam-framework-vertisim_service-1      | Reserved aircraft: 2 at MV_PARK18. Time: 0
rl-uam-framework-vertisim_service-1      | Charging truncation: Aircraft 0 at SFO will not charge. Initial soc: 100. Final soc level (102). At time 0.
rl-uam-framework-vertisim_service-1      | Simulation Completed. Total time to run: 0.33 seconds
rl-uam-framework-rl_algorithm-1          | RL called reset
rl-uam-framework-vertisim_service-1      | Applying action: [2, 0, 1, 2]
rl-uam-framework-vertisim_service-1      | Reserved aircraft: 0 at SFO_PARK18. Time: 0
rl-uam-framework-vertisim_service-1      | Reserved aircraft: 3 at MV_PARK17. Time: 0
rl-uam-framework-vertisim_service-1      | Charging truncation: Aircraft 2 at MV will not charge. Initial soc: 100. Final soc level (102). At time 0.
rl-uam-framework-vertisim_service-1      | Simulation Completed. Total time to run: 0.36 seconds
rl-uam-framework-rl_algorithm-1          | RL called reset
rl-uam-framework-vertisim_service-1      | Applying action: [2, 2, 1, 2]
rl-uam-framework-vertisim_service-1      | Reserved aircraft: 0 at SFO_PARK18. Time: 0
rl-uam-framework-vertisim_service-1      | Reserved aircraft: 1 at SFO_PARK17. Time: 0
rl-uam-framework-vertisim_service-1      | Reserved aircraft: 3 at MV_PARK17. Time: 0
rl-uam-framework-vertisim_service-1      | Charging truncation: Aircraft 2 at MV will not charge. Initial soc: 100. Final soc level (102). At time 0.
rl-uam-framework-vertisim_service-1      | Simulation Completed. Total time to run: 0.32 seconds
rl-uam-framework-rl_algorithm-1          | RL called reset
rl-uam-framework-vertisim_service-1      | Applying action: [1, 1, 0, 1]
rl-uam-framework-vertisim_service-1      | Charging truncation: Aircraft 0 at SFO will not charge. Initial soc: 100. Final soc level (102). At time 0.
rl-uam-framework-vertisim_service-1      | Simulation Completed. Total time to run: 0.31 seconds
rl-uam-framework-rl_algorithm-1          | RL called reset
rl-uam-framework-vertisim_service-1      | Applying action: [1, 0, 1, 2]
rl-uam-framework-vertisim_service-1      | Reserved aircraft: 3 at MV_PARK17. Time: 0
rl-uam-framework-vertisim_service-1      | Charging truncation: Aircraft 0 at SFO will not charge. Initial soc: 100. Final soc level (102). At time 0.
rl-uam-framework-vertisim_service-1      | Simulation Completed. Total time to run: 0.32 seconds
rl-uam-framework-rl_algorithm-1          | RL called reset
rl-uam-framework-vertisim_service-1      | Applying action: [1, 2, 1, 0]
rl-uam-framework-vertisim_service-1      | Reserved aircraft: 1 at SFO_PARK17. Time: 0
rl-uam-framework-vertisim_service-1      | Charging truncation: Aircraft 0 at SFO will not charge. Initial soc: 100. Final soc level (102). At time 0.
rl-uam-framework-vertisim_service-1      | Simulation Completed. Total time to run: 0.31 seconds
rl-uam-framework-rl_algorithm-1          | RL called reset
rl-uam-framework-vertisim_service-1      | Applying action: [0, 1, 1, 0]
rl-uam-framework-vertisim_service-1      | Charging truncation: Aircraft 1 at SFO will not charge. Initial soc: 100. Final soc level (102). At time 0.
rl-uam-framework-vertisim_service-1      | Simulation Completed. Total time to run: 0.32 seconds
rl-uam-framework-rl_algorithm-1          | RL called reset
rl-uam-framework-vertisim_service-1      | Applying action: [1, 0, 1, 2]
rl-uam-framework-vertisim_service-1      | Reserved aircraft: 3 at MV_PARK17. Time: 0
rl-uam-framework-vertisim_service-1      | Charging truncation: Aircraft 0 at SFO will not charge. Initial soc: 100. Final soc level (102). At time 0.
rl-uam-framework-vertisim_service-1      | Simulation Completed. Total time to run: 0.33 seconds
rl-uam-framework-rl_algorithm-1          | RL called reset
rl-uam-framework-vertisim_service-1      | Applying action: [2, 0, 0, 1]
rl-uam-framework-vertisim_service-1      | Reserved aircraft: 0 at SFO_PARK18. Time: 0
rl-uam-framework-vertisim_service-1      | Charging truncation: Aircraft 3 at MV will not charge. Initial soc: 100. Final soc level (102). At time 0.
rl-uam-framework-vertisim_service-1      | Simulation Completed. Total time to run: 0.41 seconds
rl-uam-framework-rl_algorithm-1          | RL called reset
rl-uam-framework-vertisim_service-1      | Applying action: [1, 2, 1, 1]
rl-uam-framework-vertisim_service-1      | Reserved aircraft: 1 at SFO_PARK17. Time: 0
rl-uam-framework-vertisim_service-1      | Charging truncation: Aircraft 0 at SFO will not charge. Initial soc: 100. Final soc level (102). At time 0.
rl-uam-framework-vertisim_service-1      | Simulation Completed. Total time to run: 1.42 seconds
rl-uam-framework-rl_algorithm-1          | RL called reset
rl-uam-framework-vertisim_service-1      | Applying action: [2, 1, 0, 2]
rl-uam-framework-vertisim_service-1      | Reserved aircraft: 0 at SFO_PARK18. Time: 0
rl-uam-framework-vertisim_service-1      | Reserved aircraft: 3 at MV_PARK17. Time: 0
rl-uam-framework-vertisim_service-1      | Charging truncation: Aircraft 1 at SFO will not charge. Initial soc: 100. Final soc level (102). At time 0.
rl-uam-framework-vertisim_service-1      | Simulation Completed. Total time to run: 0.42 seconds
rl-uam-framework-rl_algorithm-1          | RL called reset
rl-uam-framework-vertisim_service-1      | Applying action: [1, 1, 1, 1]
rl-uam-framework-vertisim_service-1      | Charging truncation: Aircraft 0 at SFO will not charge. Initial soc: 100. Final soc level (102). At time 0.
rl-uam-framework-vertisim_service-1      | Simulation Completed. Total time to run: 0.34 seconds
rl-uam-framework-rl_algorithm-1          | RL called reset
rl-uam-framework-vertisim_service-1      | Applying action: [2, 0, 0, 0]
rl-uam-framework-vertisim_service-1      | Reserved aircraft: 0 at SFO_PARK18. Time: 0
rl-uam-framework-vertisim_service-1      | Applying action: [1, 2, 0, 2]
rl-uam-framework-vertisim_service-1      | Truncation: Aircraft 0 at SFO_departure_fix is not in available the list: [2, 3]. 
rl-uam-framework-vertisim_service-1      | Simulation Completed. Total time to run: 0.33 seconds
rl-uam-framework-rl_algorithm-1          | RL called reset
rl-uam-framework-vertisim_service-1      | Applying action: [2, 2, 1, 1]
rl-uam-framework-vertisim_service-1      | Reserved aircraft: 0 at SFO_PARK18. Time: 0
rl-uam-framework-vertisim_service-1      | Reserved aircraft: 1 at SFO_PARK17. Time: 0
rl-uam-framework-vertisim_service-1      | Charging truncation: Aircraft 2 at MV will not charge. Initial soc: 100. Final soc level (102). At time 0.
rl-uam-framework-vertisim_service-1      | Simulation Completed. Total time to run: 0.37 seconds
rl-uam-framework-rl_algorithm-1          | RL called reset
rl-uam-framework-vertisim_service-1      | Applying action: [0, 2, 2, 1]
rl-uam-framework-vertisim_service-1      | Reserved aircraft: 1 at SFO_PARK17. Time: 0
rl-uam-framework-vertisim_service-1      | Reserved aircraft: 2 at MV_PARK18. Time: 0
rl-uam-framework-vertisim_service-1      | Charging truncation: Aircraft 3 at MV will not charge. Initial soc: 100. Final soc level (102). At time 0.
rl-uam-framework-vertisim_service-1      | Simulation Completed. Total time to run: 0.43 seconds
rl-uam-framework-rl_algorithm-1          | RL called reset
rl-uam-framework-vertisim_service-1      | Applying action: [0, 1, 1, 1]
rl-uam-framework-vertisim_service-1      | Charging truncation: Aircraft 1 at SFO will not charge. Initial soc: 100. Final soc level (102). At time 0.
rl-uam-framework-vertisim_service-1      | Simulation Completed. Total time to run: 0.41 seconds
rl-uam-framework-rl_algorithm-1          | RL called reset
rl-uam-framework-vertisim_service-1      | Applying action: [2, 1, 0, 2]
rl-uam-framework-vertisim_service-1      | Reserved aircraft: 0 at SFO_PARK18. Time: 0
rl-uam-framework-vertisim_service-1      | Reserved aircraft: 3 at MV_PARK17. Time: 0
rl-uam-framework-vertisim_service-1      | Charging truncation: Aircraft 1 at SFO will not charge. Initial soc: 100. Final soc level (102). At time 0.
rl-uam-framework-vertisim_service-1      | Simulation Completed. Total time to run: 0.39 seconds
rl-uam-framework-rl_algorithm-1          | RL called reset
rl-uam-framework-vertisim_service-1      | Applying action: [2, 1, 0, 0]
rl-uam-framework-vertisim_service-1      | Reserved aircraft: 0 at SFO_PARK18. Time: 0
rl-uam-framework-vertisim_service-1      | Charging truncation: Aircraft 1 at SFO will not charge. Initial soc: 100. Final soc level (102). At time 0.
rl-uam-framework-vertisim_service-1      | Simulation Completed. Total time to run: 0.54 seconds
rl-uam-framework-rl_algorithm-1          | RL called reset
rl-uam-framework-vertisim_service-1      | Applying action: [0, 0, 1, 2]
rl-uam-framework-vertisim_service-1      | Reserved aircraft: 3 at MV_PARK17. Time: 0
rl-uam-framework-vertisim_service-1      | Charging truncation: Aircraft 2 at MV will not charge. Initial soc: 100. Final soc level (102). At time 0.
rl-uam-framework-vertisim_service-1      | Simulation Completed. Total time to run: 0.4 seconds
rl-uam-framework-rl_algorithm-1          | RL called reset
rl-uam-framework-vertisim_service-1      | Applying action: [1, 2, 1, 0]
rl-uam-framework-vertisim_service-1      | Reserved aircraft: 1 at SFO_PARK17. Time: 0
rl-uam-framework-vertisim_service-1      | Charging truncation: Aircraft 0 at SFO will not charge. Initial soc: 100. Final soc level (102). At time 0.
rl-uam-framework-vertisim_service-1      | Simulation Completed. Total time to run: 0.37 seconds
rl-uam-framework-rl_algorithm-1          | RL called reset
rl-uam-framework-vertisim_service-1      | Applying action: [2, 0, 2, 2]
rl-uam-framework-vertisim_service-1      | Reserved aircraft: 0 at SFO_PARK18. Time: 0
rl-uam-framework-vertisim_service-1      | Reserved aircraft: 2 at MV_PARK18. Time: 0
rl-uam-framework-vertisim_service-1      | Reserved aircraft: 3 at MV_PARK17. Time: 0
rl-uam-framework-vertisim_service-1      | Applying action: [0, 1, 1, 2]
rl-uam-framework-vertisim_service-1      | Truncation: Aircraft 2 at MV_departure_fix is not in available the list: []. 
rl-uam-framework-vertisim_service-1      | Simulation Completed. Total time to run: 0.37 seconds
rl-uam-framework-rl_algorithm-1          | RL called reset
rl-uam-framework-vertisim_service-1      | Applying action: [0, 0, 0, 2]
rl-uam-framework-vertisim_service-1      | Reserved aircraft: 3 at MV_PARK17. Time: 0
rl-uam-framework-vertisim_service-1      | Applying action: [1, 1, 1, 1]
rl-uam-framework-vertisim_service-1      | Truncation: Aircraft 3 at MV_departure_fix is not in available the list: []. 
rl-uam-framework-vertisim_service-1      | Simulation Completed. Total time to run: 0.36 seconds
rl-uam-framework-rl_algorithm-1          | RL called reset
rl-uam-framework-vertisim_service-1      | Applying action: [0, 1, 1, 2]
rl-uam-framework-vertisim_service-1      | Reserved aircraft: 3 at MV_PARK17. Time: 0
rl-uam-framework-vertisim_service-1      | Charging truncation: Aircraft 1 at SFO will not charge. Initial soc: 100. Final soc level (102). At time 0.
rl-uam-framework-vertisim_service-1      | Simulation Completed. Total time to run: 0.39 seconds
rl-uam-framework-rl_algorithm-1          | RL called reset
rl-uam-framework-vertisim_service-1      | Applying action: [1, 0, 1, 0]
rl-uam-framework-vertisim_service-1      | Charging truncation: Aircraft 0 at SFO will not charge. Initial soc: 100. Final soc level (102). At time 0.
rl-uam-framework-vertisim_service-1      | Simulation Completed. Total time to run: 0.38 seconds
rl-uam-framework-rl_algorithm-1          | RL called reset
rl-uam-framework-vertisim_service-1      | Applying action: [2, 2, 0, 1]
rl-uam-framework-vertisim_service-1      | Reserved aircraft: 0 at SFO_PARK18. Time: 0
rl-uam-framework-vertisim_service-1      | Reserved aircraft: 1 at SFO_PARK17. Time: 0
rl-uam-framework-vertisim_service-1      | Charging truncation: Aircraft 3 at MV will not charge. Initial soc: 100. Final soc level (102). At time 0.
rl-uam-framework-vertisim_service-1      | Simulation Completed. Total time to run: 0.55 seconds
rl-uam-framework-rl_algorithm-1          | RL called reset
rl-uam-framework-vertisim_service-1      | Applying action: [2, 2, 2, 1]
rl-uam-framework-vertisim_service-1      | Reserved aircraft: 0 at SFO_PARK18. Time: 0
rl-uam-framework-vertisim_service-1      | Reserved aircraft: 1 at SFO_PARK17. Time: 0
rl-uam-framework-vertisim_service-1      | Reserved aircraft: 2 at MV_PARK18. Time: 0
rl-uam-framework-vertisim_service-1      | Charging truncation: Aircraft 3 at MV will not charge. Initial soc: 100. Final soc level (102). At time 0.
rl-uam-framework-vertisim_service-1      | Simulation Completed. Total time to run: 0.43 seconds
rl-uam-framework-rl_algorithm-1          | RL called reset
rl-uam-framework-vertisim_service-1      | Applying action: [2, 0, 2, 0]
rl-uam-framework-vertisim_service-1      | Reserved aircraft: 0 at SFO_PARK18. Time: 0
rl-uam-framework-vertisim_service-1      | Reserved aircraft: 2 at MV_PARK18. Time: 0
rl-uam-framework-vertisim_service-1      | Applying action: [0, 1, 0, 1]
rl-uam-framework-vertisim_service-1      | Applying action: [2, 1, 1, 0]
rl-uam-framework-vertisim_service-1      | Applying truncation. Aircraft 0 is not idling at the vertiport MV. Aircraft location: SFO_departure_fix. Status: AircraftStatus.FLY. Current time: 195518.0
rl-uam-framework-vertisim_service-1      | Simulation Completed. Total time to run: 0.4 seconds
rl-uam-framework-rl_algorithm-1          | RL called reset
rl-uam-framework-vertisim_service-1      | Applying action: [1, 2, 1, 2]
rl-uam-framework-vertisim_service-1      | Reserved aircraft: 1 at SFO_PARK17. Time: 0
rl-uam-framework-vertisim_service-1      | Reserved aircraft: 3 at MV_PARK17. Time: 0
rl-uam-framework-vertisim_service-1      | Charging truncation: Aircraft 0 at SFO will not charge. Initial soc: 100. Final soc level (102). At time 0.
rl-uam-framework-vertisim_service-1      | Simulation Completed. Total time to run: 0.35 seconds
rl-uam-framework-rl_algorithm-1          | RL called reset
rl-uam-framework-vertisim_service-1      | Applying action: [1, 0, 1, 2]
rl-uam-framework-vertisim_service-1      | Reserved aircraft: 3 at MV_PARK17. Time: 0
rl-uam-framework-vertisim_service-1      | Charging truncation: Aircraft 0 at SFO will not charge. Initial soc: 100. Final soc level (102). At time 0.
rl-uam-framework-vertisim_service-1      | Simulation Completed. Total time to run: 0.32 seconds
rl-uam-framework-rl_algorithm-1          | RL called reset
rl-uam-framework-vertisim_service-1      | Applying action: [0, 0, 2, 1]
rl-uam-framework-vertisim_service-1      | Reserved aircraft: 2 at MV_PARK18. Time: 0
rl-uam-framework-vertisim_service-1      | Charging truncation: Aircraft 3 at MV will not charge. Initial soc: 100. Final soc level (102). At time 0.
rl-uam-framework-vertisim_service-1      | Simulation Completed. Total time to run: 0.33 seconds
rl-uam-framework-rl_algorithm-1          | RL called reset
rl-uam-framework-vertisim_service-1      | Applying action: [1, 2, 1, 2]
rl-uam-framework-vertisim_service-1      | Reserved aircraft: 1 at SFO_PARK17. Time: 0
rl-uam-framework-vertisim_service-1      | Reserved aircraft: 3 at MV_PARK17. Time: 0
rl-uam-framework-vertisim_service-1      | Charging truncation: Aircraft 0 at SFO will not charge. Initial soc: 100. Final soc level (102). At time 0.
rl-uam-framework-vertisim_service-1      | Simulation Completed. Total time to run: 0.33 seconds
rl-uam-framework-rl_algorithm-1          | RL called reset
rl-uam-framework-vertisim_service-1      | Applying action: [1, 0, 0, 0]
rl-uam-framework-vertisim_service-1      | Charging truncation: Aircraft 0 at SFO will not charge. Initial soc: 100. Final soc level (102). At time 0.
rl-uam-framework-vertisim_service-1      | Simulation Completed. Total time to run: 0.33 seconds
rl-uam-framework-rl_algorithm-1          | RL called reset
rl-uam-framework-vertisim_service-1      | Applying action: [1, 0, 1, 1]
rl-uam-framework-vertisim_service-1      | Charging truncation: Aircraft 0 at SFO will not charge. Initial soc: 100. Final soc level (102). At time 0.
rl-uam-framework-vertisim_service-1      | Simulation Completed. Total time to run: 0.35 seconds
rl-uam-framework-rl_algorithm-1          | RL called reset
rl-uam-framework-vertisim_service-1      | Applying action: [2, 2, 0, 1]
rl-uam-framework-vertisim_service-1      | Reserved aircraft: 0 at SFO_PARK18. Time: 0
rl-uam-framework-vertisim_service-1      | Reserved aircraft: 1 at SFO_PARK17. Time: 0
rl-uam-framework-vertisim_service-1      | Charging truncation: Aircraft 3 at MV will not charge. Initial soc: 100. Final soc level (102). At time 0.
rl-uam-framework-vertisim_service-1      | Simulation Completed. Total time to run: 0.35 seconds
rl-uam-framework-rl_algorithm-1          | RL called reset
rl-uam-framework-vertisim_service-1      | Applying action: [2, 2, 1, 1]
rl-uam-framework-vertisim_service-1      | Reserved aircraft: 0 at SFO_PARK18. Time: 0
rl-uam-framework-vertisim_service-1      | Reserved aircraft: 1 at SFO_PARK17. Time: 0
rl-uam-framework-vertisim_service-1      | Charging truncation: Aircraft 2 at MV will not charge. Initial soc: 100. Final soc level (102). At time 0.
rl-uam-framework-vertisim_service-1      | Simulation Completed. Total time to run: 0.37 seconds
rl-uam-framework-rl_algorithm-1          | RL called reset
rl-uam-framework-vertisim_service-1      | Applying action: [0, 1, 2, 0]
rl-uam-framework-vertisim_service-1      | Reserved aircraft: 2 at MV_PARK18. Time: 0
rl-uam-framework-vertisim_service-1      | Charging truncation: Aircraft 1 at SFO will not charge. Initial soc: 100. Final soc level (102). At time 0.
rl-uam-framework-vertisim_service-1      | Simulation Completed. Total time to run: 0.31 seconds
rl-uam-framework-rl_algorithm-1          | RL called reset
rl-uam-framework-vertisim_service-1      | Applying action: [1, 2, 1, 0]
rl-uam-framework-vertisim_service-1      | Reserved aircraft: 1 at SFO_PARK17. Time: 0
rl-uam-framework-vertisim_service-1      | Charging truncation: Aircraft 0 at SFO will not charge. Initial soc: 100. Final soc level (102). At time 0.
rl-uam-framework-vertisim_service-1      | Simulation Completed. Total time to run: 0.31 seconds
rl-uam-framework-rl_algorithm-1          | RL called reset
rl-uam-framework-vertisim_service-1      | Applying action: [1, 0, 0, 1]
rl-uam-framework-vertisim_service-1      | Charging truncation: Aircraft 0 at SFO will not charge. Initial soc: 100. Final soc level (102). At time 0.
rl-uam-framework-vertisim_service-1      | Simulation Completed. Total time to run: 0.36 seconds
rl-uam-framework-rl_algorithm-1          | RL called reset
rl-uam-framework-vertisim_service-1      | Applying action: [1, 0, 1, 0]
rl-uam-framework-vertisim_service-1      | Charging truncation: Aircraft 0 at SFO will not charge. Initial soc: 100. Final soc level (102). At time 0.
rl-uam-framework-vertisim_service-1      | Simulation Completed. Total time to run: 0.48 seconds
rl-uam-framework-rl_algorithm-1          | RL called reset
rl-uam-framework-vertisim_service-1      | Applying action: [0, 2, 1, 0]
rl-uam-framework-vertisim_service-1      | Reserved aircraft: 1 at SFO_PARK17. Time: 0
rl-uam-framework-vertisim_service-1      | Charging truncation: Aircraft 2 at MV will not charge. Initial soc: 100. Final soc level (102). At time 0.
rl-uam-framework-vertisim_service-1      | Simulation Completed. Total time to run: 0.44 seconds
rl-uam-framework-rl_algorithm-1          | RL called reset
rl-uam-framework-rl_algorithm-1          | RL called reset
rl-uam-framework-vertisim_service-1      | Applying action: [2, 1, 0, 2]
rl-uam-framework-vertisim_service-1      | Reserved aircraft: 0 at SFO_PARK18. Time: 0
rl-uam-framework-vertisim_service-1      | Reserved aircraft: 3 at MV_PARK17. Time: 0
rl-uam-framework-vertisim_service-1      | Charging truncation: Aircraft 1 at SFO will not charge. Initial soc: 100. Final soc level (102). At time 0.
rl-uam-framework-vertisim_service-1      | Simulation Completed. Total time to run: 0.42 seconds
rl-uam-framework-vertisim_service-1      | Applying action: [1, 0, 1, 2]
rl-uam-framework-vertisim_service-1      | Reserved aircraft: 3 at MV_PARK17. Time: 0
rl-uam-framework-vertisim_service-1      | Charging truncation: Aircraft 0 at SFO will not charge. Initial soc: 100. Final soc level (102). At time 0.
rl-uam-framework-vertisim_service-1      | Simulation Completed. Total time to run: 0.37 seconds
rl-uam-framework-rl_algorithm-1          | RL called reset
rl-uam-framework-vertisim_service-1      | Applying action: [1, 2, 2, 1]
rl-uam-framework-vertisim_service-1      | Reserved aircraft: 1 at SFO_PARK17. Time: 0
rl-uam-framework-vertisim_service-1      | Reserved aircraft: 2 at MV_PARK18. Time: 0
rl-uam-framework-vertisim_service-1      | Charging truncation: Aircraft 0 at SFO will not charge. Initial soc: 100. Final soc level (102). At time 0.
rl-uam-framework-vertisim_service-1      | Simulation Completed. Total time to run: 0.38 seconds
rl-uam-framework-rl_algorithm-1          | RL called reset
rl-uam-framework-vertisim_service-1      | Applying action: [0, 2, 0, 2]
rl-uam-framework-vertisim_service-1      | Reserved aircraft: 1 at SFO_PARK17. Time: 0
rl-uam-framework-vertisim_service-1      | Reserved aircraft: 3 at MV_PARK17. Time: 0
rl-uam-framework-vertisim_service-1      | Applying action: [0, 2, 1, 1]
rl-uam-framework-vertisim_service-1      | Applying truncation. Aircraft 1 is not idling at the vertiport MV. Aircraft location: SFO_departure_fix. Status: AircraftStatus.FLY. Current time: 195518.0
rl-uam-framework-vertisim_service-1      | Simulation Completed. Total time to run: 0.39 seconds
rl-uam-framework-rl_algorithm-1          | RL called reset
rl-uam-framework-rl_algorithm-1          | RL called reset
rl-uam-framework-vertisim_service-1      | Applying action: [1, 0, 1, 1]
rl-uam-framework-vertisim_service-1      | Charging truncation: Aircraft 0 at SFO will not charge. Initial soc: 100. Final soc level (102). At time 0.
rl-uam-framework-vertisim_service-1      | Simulation Completed. Total time to run: 0.43 seconds
rl-uam-framework-vertisim_service-1      | Applying action: [2, 1, 1, 1]
rl-uam-framework-vertisim_service-1      | Reserved aircraft: 0 at SFO_PARK18. Time: 0
rl-uam-framework-vertisim_service-1      | Charging truncation: Aircraft 1 at SFO will not charge. Initial soc: 100. Final soc level (102). At time 0.
rl-uam-framework-vertisim_service-1      | Simulation Completed. Total time to run: 0.46 seconds
rl-uam-framework-rl_algorithm-1          | RL called reset
rl-uam-framework-rl_algorithm-1          | RL called reset
rl-uam-framework-vertisim_service-1      | Applying action: [1, 1, 1, 0]
rl-uam-framework-vertisim_service-1      | Charging truncation: Aircraft 0 at SFO will not charge. Initial soc: 100. Final soc level (102). At time 0.
rl-uam-framework-vertisim_service-1      | Simulation Completed. Total time to run: 0.39 seconds
rl-uam-framework-vertisim_service-1      | Applying action: [0, 2, 2, 1]
rl-uam-framework-vertisim_service-1      | Reserved aircraft: 1 at SFO_PARK17. Time: 0
rl-uam-framework-vertisim_service-1      | Reserved aircraft: 2 at MV_PARK18. Time: 0
rl-uam-framework-vertisim_service-1      | Charging truncation: Aircraft 3 at MV will not charge. Initial soc: 100. Final soc level (102). At time 0.
rl-uam-framework-vertisim_service-1      | Simulation Completed. Total time to run: 0.42 seconds
rl-uam-framework-rl_algorithm-1          | RL called reset
rl-uam-framework-vertisim_service-1      | Applying action: [0, 2, 0, 1]
rl-uam-framework-vertisim_service-1      | Reserved aircraft: 1 at SFO_PARK17. Time: 0
rl-uam-framework-vertisim_service-1      | Charging truncation: Aircraft 3 at MV will not charge. Initial soc: 100. Final soc level (102). At time 0.
rl-uam-framework-vertisim_service-1      | Simulation Completed. Total time to run: 0.36 seconds
rl-uam-framework-rl_algorithm-1          | RL called reset
rl-uam-framework-vertisim_service-1      | Applying action: [2, 0, 2, 1]
rl-uam-framework-vertisim_service-1      | Reserved aircraft: 0 at SFO_PARK18. Time: 0
rl-uam-framework-vertisim_service-1      | Reserved aircraft: 2 at MV_PARK18. Time: 0
rl-uam-framework-vertisim_service-1      | Charging truncation: Aircraft 3 at MV will not charge. Initial soc: 100. Final soc level (102). At time 0.
rl-uam-framework-vertisim_service-1      | Simulation Completed. Total time to run: 0.39 seconds
rl-uam-framework-rl_algorithm-1          | RL called reset
rl-uam-framework-vertisim_service-1      | Applying action: [0, 2, 1, 0]
rl-uam-framework-vertisim_service-1      | Reserved aircraft: 1 at SFO_PARK17. Time: 0
rl-uam-framework-vertisim_service-1      | Charging truncation: Aircraft 2 at MV will not charge. Initial soc: 100. Final soc level (102). At time 0.
rl-uam-framework-vertisim_service-1      | Simulation Completed. Total time to run: 0.36 seconds
rl-uam-framework-rl_algorithm-1          | RL called reset
rl-uam-framework-vertisim_service-1      | Applying action: [1, 1, 0, 2]
rl-uam-framework-vertisim_service-1      | Reserved aircraft: 3 at MV_PARK17. Time: 0
rl-uam-framework-vertisim_service-1      | Charging truncation: Aircraft 0 at SFO will not charge. Initial soc: 100. Final soc level (102). At time 0.
rl-uam-framework-vertisim_service-1      | Simulation Completed. Total time to run: 0.34 seconds
rl-uam-framework-rl_algorithm-1          | RL called reset
rl-uam-framework-vertisim_service-1      | Applying action: [0, 1, 1, 2]
rl-uam-framework-vertisim_service-1      | Reserved aircraft: 3 at MV_PARK17. Time: 0
rl-uam-framework-vertisim_service-1      | Charging truncation: Aircraft 1 at SFO will not charge. Initial soc: 100. Final soc level (102). At time 0.
rl-uam-framework-vertisim_service-1      | Simulation Completed. Total time to run: 0.36 seconds
rl-uam-framework-rl_algorithm-1          | RL called reset
rl-uam-framework-vertisim_service-1      | Applying action: [2, 2, 2, 2]
rl-uam-framework-vertisim_service-1      | Reserved aircraft: 0 at SFO_PARK18. Time: 0
rl-uam-framework-vertisim_service-1      | Reserved aircraft: 1 at SFO_PARK17. Time: 0
rl-uam-framework-vertisim_service-1      | Reserved aircraft: 2 at MV_PARK18. Time: 0
rl-uam-framework-vertisim_service-1      | Reserved aircraft: 3 at MV_PARK17. Time: 0
rl-uam-framework-vertisim_service-1      | Applying action: [1, 2, 1, 1]
rl-uam-framework-vertisim_service-1      | Truncation: Aircraft 0 at SFO_departure_fix is not in available the list: []. 
rl-uam-framework-vertisim_service-1      | Simulation Completed. Total time to run: 0.38 seconds
rl-uam-framework-rl_algorithm-1          | RL called reset
rl-uam-framework-vertisim_service-1      | Applying action: [1, 0, 0, 1]
rl-uam-framework-vertisim_service-1      | Charging truncation: Aircraft 0 at SFO will not charge. Initial soc: 100. Final soc level (102). At time 0.
rl-uam-framework-vertisim_service-1      | Simulation Completed. Total time to run: 1.41 seconds
rl-uam-framework-rl_algorithm-1          | RL called reset
rl-uam-framework-vertisim_service-1      | Applying action: [1, 0, 1, 2]
rl-uam-framework-vertisim_service-1      | Reserved aircraft: 3 at MV_PARK17. Time: 0
rl-uam-framework-vertisim_service-1      | Charging truncation: Aircraft 0 at SFO will not charge. Initial soc: 100. Final soc level (102). At time 0.
rl-uam-framework-vertisim_service-1      | Simulation Completed. Total time to run: 0.35 seconds
rl-uam-framework-rl_algorithm-1          | RL called reset
rl-uam-framework-vertisim_service-1      | Applying action: [0, 0, 1, 1]
rl-uam-framework-vertisim_service-1      | Charging truncation: Aircraft 2 at MV will not charge. Initial soc: 100. Final soc level (102). At time 0.
rl-uam-framework-vertisim_service-1      | Simulation Completed. Total time to run: 0.45 seconds
rl-uam-framework-rl_algorithm-1          | RL called reset
rl-uam-framework-vertisim_service-1      | Applying action: [1, 0, 0, 2]
rl-uam-framework-vertisim_service-1      | Reserved aircraft: 3 at MV_PARK17. Time: 0
rl-uam-framework-vertisim_service-1      | Charging truncation: Aircraft 0 at SFO will not charge. Initial soc: 100. Final soc level (102). At time 0.
rl-uam-framework-vertisim_service-1      | Simulation Completed. Total time to run: 0.42 seconds
rl-uam-framework-rl_algorithm-1          | RL called reset
rl-uam-framework-vertisim_service-1      | Applying action: [0, 2, 2, 0]
rl-uam-framework-vertisim_service-1      | Reserved aircraft: 1 at SFO_PARK17. Time: 0
rl-uam-framework-vertisim_service-1      | Reserved aircraft: 2 at MV_PARK18. Time: 0
rl-uam-framework-vertisim_service-1      | Applying action: [1, 0, 1, 0]
rl-uam-framework-vertisim_service-1      | Truncation: Aircraft 2 at MV_departure_fix is not in available the list: []. 
rl-uam-framework-vertisim_service-1      | Simulation Completed. Total time to run: 0.39 seconds
rl-uam-framework-rl_algorithm-1          | RL called reset
rl-uam-framework-vertisim_service-1      | Applying action: [2, 0, 0, 1]
rl-uam-framework-vertisim_service-1      | Reserved aircraft: 0 at SFO_PARK18. Time: 0
rl-uam-framework-vertisim_service-1      | Charging truncation: Aircraft 3 at MV will not charge. Initial soc: 100. Final soc level (102). At time 0.
rl-uam-framework-vertisim_service-1      | Simulation Completed. Total time to run: 0.32 seconds
rl-uam-framework-rl_algorithm-1          | RL called reset
rl-uam-framework-vertisim_service-1      | Applying action: [2, 1, 1, 1]
rl-uam-framework-vertisim_service-1      | Reserved aircraft: 0 at SFO_PARK18. Time: 0
rl-uam-framework-vertisim_service-1      | Charging truncation: Aircraft 1 at SFO will not charge. Initial soc: 100. Final soc level (102). At time 0.
rl-uam-framework-vertisim_service-1      | Simulation Completed. Total time to run: 0.35 seconds
rl-uam-framework-rl_algorithm-1          | RL called reset
rl-uam-framework-vertisim_service-1      | Applying action: [1, 0, 2, 1]
rl-uam-framework-vertisim_service-1      | Reserved aircraft: 2 at MV_PARK18. Time: 0
rl-uam-framework-vertisim_service-1      | Charging truncation: Aircraft 0 at SFO will not charge. Initial soc: 100. Final soc level (102). At time 0.
rl-uam-framework-vertisim_service-1      | Simulation Completed. Total time to run: 0.35 seconds
rl-uam-framework-rl_algorithm-1          | RL called reset
rl-uam-framework-vertisim_service-1      | Applying action: [1, 2, 0, 2]
rl-uam-framework-vertisim_service-1      | Reserved aircraft: 1 at SFO_PARK17. Time: 0
rl-uam-framework-vertisim_service-1      | Reserved aircraft: 3 at MV_PARK17. Time: 0
rl-uam-framework-vertisim_service-1      | Charging truncation: Aircraft 0 at SFO will not charge. Initial soc: 100. Final soc level (102). At time 0.
rl-uam-framework-vertisim_service-1      | Simulation Completed. Total time to run: 0.37 seconds
rl-uam-framework-rl_algorithm-1          | RL called reset
rl-uam-framework-vertisim_service-1      | Applying action: [1, 0, 2, 0]
rl-uam-framework-vertisim_service-1      | Reserved aircraft: 2 at MV_PARK18. Time: 0
rl-uam-framework-vertisim_service-1      | Charging truncation: Aircraft 0 at SFO will not charge. Initial soc: 100. Final soc level (102). At time 0.
rl-uam-framework-vertisim_service-1      | Simulation Completed. Total time to run: 0.5 seconds
rl-uam-framework-rl_algorithm-1          | RL called reset
rl-uam-framework-vertisim_service-1      | Applying action: [1, 1, 0, 1]
rl-uam-framework-vertisim_service-1      | Charging truncation: Aircraft 0 at SFO will not charge. Initial soc: 100. Final soc level (102). At time 0.
rl-uam-framework-vertisim_service-1      | Simulation Completed. Total time to run: 0.4 seconds
rl-uam-framework-rl_algorithm-1          | RL called reset
rl-uam-framework-vertisim_service-1      | Applying action: [0, 0, 1, 1]
rl-uam-framework-vertisim_service-1      | Charging truncation: Aircraft 2 at MV will not charge. Initial soc: 100. Final soc level (102). At time 0.
rl-uam-framework-vertisim_service-1      | Simulation Completed. Total time to run: 0.48 seconds
rl-uam-framework-rl_algorithm-1          | RL called reset
rl-uam-framework-vertisim_service-1      | Applying action: [1, 2, 2, 2]
rl-uam-framework-vertisim_service-1      | Reserved aircraft: 1 at SFO_PARK17. Time: 0
rl-uam-framework-vertisim_service-1      | Reserved aircraft: 2 at MV_PARK18. Time: 0
rl-uam-framework-vertisim_service-1      | Reserved aircraft: 3 at MV_PARK17. Time: 0
rl-uam-framework-vertisim_service-1      | Charging truncation: Aircraft 0 at SFO will not charge. Initial soc: 100. Final soc level (102). At time 0.
rl-uam-framework-vertisim_service-1      | Simulation Completed. Total time to run: 0.46 seconds
rl-uam-framework-rl_algorithm-1          | RL called reset
rl-uam-framework-vertisim_service-1      | Applying action: [2, 1, 1, 2]
rl-uam-framework-vertisim_service-1      | Reserved aircraft: 0 at SFO_PARK18. Time: 0
rl-uam-framework-vertisim_service-1      | Reserved aircraft: 3 at MV_PARK17. Time: 0
rl-uam-framework-vertisim_service-1      | Charging truncation: Aircraft 1 at SFO will not charge. Initial soc: 100. Final soc level (102). At time 0.
rl-uam-framework-vertisim_service-1      | Simulation Completed. Total time to run: 0.48 seconds
rl-uam-framework-rl_algorithm-1          | RL called reset
rl-uam-framework-vertisim_service-1      | Applying action: [1, 2, 2, 2]
rl-uam-framework-vertisim_service-1      | Reserved aircraft: 1 at SFO_PARK17. Time: 0
rl-uam-framework-vertisim_service-1      | Reserved aircraft: 2 at MV_PARK18. Time: 0
rl-uam-framework-vertisim_service-1      | Reserved aircraft: 3 at MV_PARK17. Time: 0
rl-uam-framework-vertisim_service-1      | Charging truncation: Aircraft 0 at SFO will not charge. Initial soc: 100. Final soc level (102). At time 0.
rl-uam-framework-vertisim_service-1      | Simulation Completed. Total time to run: 0.43 seconds
rl-uam-framework-rl_algorithm-1          | RL called reset
rl-uam-framework-vertisim_service-1      | Applying action: [0, 2, 2, 2]
rl-uam-framework-vertisim_service-1      | Reserved aircraft: 1 at SFO_PARK17. Time: 0
rl-uam-framework-vertisim_service-1      | Reserved aircraft: 2 at MV_PARK18. Time: 0
rl-uam-framework-vertisim_service-1      | Reserved aircraft: 3 at MV_PARK17. Time: 0
rl-uam-framework-vertisim_service-1      | Applying action: [2, 1, 1, 1]
rl-uam-framework-vertisim_service-1      | Truncation: Aircraft 1 at SFO_departure_fix is not in available the list: []. 
rl-uam-framework-vertisim_service-1      | Simulation Completed. Total time to run: 0.5 seconds
rl-uam-framework-rl_algorithm-1          | RL called reset
rl-uam-framework-vertisim_service-1      | Applying action: [0, 2, 2, 1]
rl-uam-framework-vertisim_service-1      | Reserved aircraft: 1 at SFO_PARK17. Time: 0
rl-uam-framework-vertisim_service-1      | Reserved aircraft: 2 at MV_PARK18. Time: 0
rl-uam-framework-vertisim_service-1      | Charging truncation: Aircraft 3 at MV will not charge. Initial soc: 100. Final soc level (102). At time 0.
rl-uam-framework-vertisim_service-1      | Simulation Completed. Total time to run: 0.44 seconds
rl-uam-framework-rl_algorithm-1          | RL called reset
rl-uam-framework-vertisim_service-1      | Applying action: [2, 0, 1, 2]
rl-uam-framework-vertisim_service-1      | Reserved aircraft: 0 at SFO_PARK18. Time: 0
rl-uam-framework-vertisim_service-1      | Reserved aircraft: 3 at MV_PARK17. Time: 0
rl-uam-framework-vertisim_service-1      | Charging truncation: Aircraft 2 at MV will not charge. Initial soc: 100. Final soc level (102). At time 0.
rl-uam-framework-vertisim_service-1      | Simulation Completed. Total time to run: 0.41 seconds
rl-uam-framework-rl_algorithm-1          | RL called reset
rl-uam-framework-vertisim_service-1      | Applying action: [2, 2, 1, 1]
rl-uam-framework-vertisim_service-1      | Reserved aircraft: 0 at SFO_PARK18. Time: 0
rl-uam-framework-vertisim_service-1      | Reserved aircraft: 1 at SFO_PARK17. Time: 0
rl-uam-framework-vertisim_service-1      | Charging truncation: Aircraft 2 at MV will not charge. Initial soc: 100. Final soc level (102). At time 0.
rl-uam-framework-vertisim_service-1      | Simulation Completed. Total time to run: 0.63 seconds
rl-uam-framework-rl_algorithm-1          | RL called reset
rl-uam-framework-vertisim_service-1      | Applying action: [1, 2, 0, 2]
rl-uam-framework-vertisim_service-1      | Reserved aircraft: 1 at SFO_PARK17. Time: 0
rl-uam-framework-vertisim_service-1      | Reserved aircraft: 3 at MV_PARK17. Time: 0
rl-uam-framework-vertisim_service-1      | Charging truncation: Aircraft 0 at SFO will not charge. Initial soc: 100. Final soc level (102). At time 0.
rl-uam-framework-vertisim_service-1      | Simulation Completed. Total time to run: 0.56 seconds
rl-uam-framework-rl_algorithm-1          | RL called reset
rl-uam-framework-vertisim_service-1      | Applying action: [1, 2, 1, 1]
rl-uam-framework-vertisim_service-1      | Reserved aircraft: 1 at SFO_PARK17. Time: 0
rl-uam-framework-vertisim_service-1      | Charging truncation: Aircraft 0 at SFO will not charge. Initial soc: 100. Final soc level (102). At time 0.
rl-uam-framework-vertisim_service-1      | Simulation Completed. Total time to run: 0.38 seconds
rl-uam-framework-rl_algorithm-1          | RL called reset
rl-uam-framework-vertisim_service-1      | Applying action: [1, 2, 0, 1]
rl-uam-framework-vertisim_service-1      | Reserved aircraft: 1 at SFO_PARK17. Time: 0
rl-uam-framework-vertisim_service-1      | Charging truncation: Aircraft 0 at SFO will not charge. Initial soc: 100. Final soc level (102). At time 0.
rl-uam-framework-vertisim_service-1      | Simulation Completed. Total time to run: 0.34 seconds
rl-uam-framework-rl_algorithm-1          | RL called reset
rl-uam-framework-vertisim_service-1      | Applying action: [0, 0, 1, 2]
rl-uam-framework-vertisim_service-1      | Reserved aircraft: 3 at MV_PARK17. Time: 0
rl-uam-framework-vertisim_service-1      | Charging truncation: Aircraft 2 at MV will not charge. Initial soc: 100. Final soc level (102). At time 0.
rl-uam-framework-vertisim_service-1      | Simulation Completed. Total time to run: 0.42 seconds
rl-uam-framework-rl_algorithm-1          | RL called reset
rl-uam-framework-vertisim_service-1      | Applying action: [2, 1, 1, 1]
rl-uam-framework-vertisim_service-1      | Reserved aircraft: 0 at SFO_PARK18. Time: 0
rl-uam-framework-vertisim_service-1      | Charging truncation: Aircraft 1 at SFO will not charge. Initial soc: 100. Final soc level (102). At time 0.
rl-uam-framework-vertisim_service-1      | Simulation Completed. Total time to run: 0.43 seconds
rl-uam-framework-rl_algorithm-1          | RL called reset
rl-uam-framework-vertisim_service-1      | Applying action: [1, 2, 2, 2]
rl-uam-framework-vertisim_service-1      | Reserved aircraft: 1 at SFO_PARK17. Time: 0
rl-uam-framework-vertisim_service-1      | Reserved aircraft: 2 at MV_PARK18. Time: 0
rl-uam-framework-vertisim_service-1      | Reserved aircraft: 3 at MV_PARK17. Time: 0
rl-uam-framework-vertisim_service-1      | Charging truncation: Aircraft 0 at SFO will not charge. Initial soc: 100. Final soc level (102). At time 0.
rl-uam-framework-vertisim_service-1      | Simulation Completed. Total time to run: 0.54 seconds
rl-uam-framework-rl_algorithm-1          | RL called reset
rl-uam-framework-vertisim_service-1      | Applying action: [1, 2, 2, 1]
rl-uam-framework-vertisim_service-1      | Reserved aircraft: 1 at SFO_PARK17. Time: 0
rl-uam-framework-vertisim_service-1      | Reserved aircraft: 2 at MV_PARK18. Time: 0
rl-uam-framework-vertisim_service-1      | Charging truncation: Aircraft 0 at SFO will not charge. Initial soc: 100. Final soc level (102). At time 0.
rl-uam-framework-vertisim_service-1      | Simulation Completed. Total time to run: 0.47 seconds
rl-uam-framework-rl_algorithm-1          | RL called reset
rl-uam-framework-vertisim_service-1      | Applying action: [1, 0, 1, 1]
rl-uam-framework-vertisim_service-1      | Charging truncation: Aircraft 0 at SFO will not charge. Initial soc: 100. Final soc level (102). At time 0.
rl-uam-framework-vertisim_service-1      | Simulation Completed. Total time to run: 0.46 seconds
rl-uam-framework-rl_algorithm-1          | RL called reset
rl-uam-framework-vertisim_service-1      | Applying action: [2, 0, 2, 1]
rl-uam-framework-vertisim_service-1      | Reserved aircraft: 0 at SFO_PARK18. Time: 0
rl-uam-framework-vertisim_service-1      | Reserved aircraft: 2 at MV_PARK18. Time: 0
rl-uam-framework-vertisim_service-1      | Charging truncation: Aircraft 3 at MV will not charge. Initial soc: 100. Final soc level (102). At time 0.
rl-uam-framework-vertisim_service-1      | Simulation Completed. Total time to run: 0.45 seconds
rl-uam-framework-rl_algorithm-1          | RL called reset
rl-uam-framework-vertisim_service-1      | Applying action: [1, 0, 0, 2]
rl-uam-framework-vertisim_service-1      | Reserved aircraft: 3 at MV_PARK17. Time: 0
rl-uam-framework-vertisim_service-1      | Charging truncation: Aircraft 0 at SFO will not charge. Initial soc: 100. Final soc level (102). At time 0.
rl-uam-framework-vertisim_service-1      | Simulation Completed. Total time to run: 0.44 seconds
rl-uam-framework-rl_algorithm-1          | RL called reset
rl-uam-framework-vertisim_service-1      | Applying action: [1, 2, 1, 1]
rl-uam-framework-vertisim_service-1      | Reserved aircraft: 1 at SFO_PARK17. Time: 0
rl-uam-framework-vertisim_service-1      | Charging truncation: Aircraft 0 at SFO will not charge. Initial soc: 100. Final soc level (102). At time 0.
rl-uam-framework-vertisim_service-1      | Simulation Completed. Total time to run: 0.47 seconds
rl-uam-framework-rl_algorithm-1          | RL called reset
rl-uam-framework-vertisim_service-1      | Applying action: [2, 1, 1, 1]
rl-uam-framework-vertisim_service-1      | Reserved aircraft: 0 at SFO_PARK18. Time: 0
rl-uam-framework-vertisim_service-1      | Charging truncation: Aircraft 1 at SFO will not charge. Initial soc: 100. Final soc level (102). At time 0.
rl-uam-framework-vertisim_service-1      | Simulation Completed. Total time to run: 0.39 seconds
rl-uam-framework-rl_algorithm-1          | RL called reset
rl-uam-framework-vertisim_service-1      | Applying action: [1, 1, 2, 1]
rl-uam-framework-vertisim_service-1      | Reserved aircraft: 2 at MV_PARK18. Time: 0
rl-uam-framework-vertisim_service-1      | Charging truncation: Aircraft 0 at SFO will not charge. Initial soc: 100. Final soc level (102). At time 0.
rl-uam-framework-vertisim_service-1      | Simulation Completed. Total time to run: 0.47 seconds
rl-uam-framework-rl_algorithm-1          | RL called reset
rl-uam-framework-vertisim_service-1      | Applying action: [2, 0, 1, 2]
rl-uam-framework-vertisim_service-1      | Reserved aircraft: 0 at SFO_PARK18. Time: 0
rl-uam-framework-vertisim_service-1      | Reserved aircraft: 3 at MV_PARK17. Time: 0
rl-uam-framework-vertisim_service-1      | Charging truncation: Aircraft 2 at MV will not charge. Initial soc: 100. Final soc level (102). At time 0.
rl-uam-framework-vertisim_service-1      | Simulation Completed. Total time to run: 0.39 seconds
rl-uam-framework-rl_algorithm-1          | RL called reset
rl-uam-framework-vertisim_service-1      | Applying action: [2, 2, 2, 1]
rl-uam-framework-vertisim_service-1      | Reserved aircraft: 0 at SFO_PARK18. Time: 0
rl-uam-framework-vertisim_service-1      | Reserved aircraft: 1 at SFO_PARK17. Time: 0
rl-uam-framework-vertisim_service-1      | Reserved aircraft: 2 at MV_PARK18. Time: 0
rl-uam-framework-vertisim_service-1      | Charging truncation: Aircraft 3 at MV will not charge. Initial soc: 100. Final soc level (102). At time 0.
rl-uam-framework-vertisim_service-1      | Simulation Completed. Total time to run: 0.42 seconds
rl-uam-framework-rl_algorithm-1          | RL called reset
rl-uam-framework-vertisim_service-1      | Applying action: [1, 0, 0, 2]
rl-uam-framework-vertisim_service-1      | Reserved aircraft: 3 at MV_PARK17. Time: 0
rl-uam-framework-vertisim_service-1      | Charging truncation: Aircraft 0 at SFO will not charge. Initial soc: 100. Final soc level (102). At time 0.
rl-uam-framework-vertisim_service-1      | Simulation Completed. Total time to run: 0.35 seconds
rl-uam-framework-rl_algorithm-1          | RL called reset
rl-uam-framework-vertisim_service-1      | Applying action: [2, 1, 1, 2]
rl-uam-framework-vertisim_service-1      | Reserved aircraft: 0 at SFO_PARK18. Time: 0
rl-uam-framework-vertisim_service-1      | Reserved aircraft: 3 at MV_PARK17. Time: 0
rl-uam-framework-vertisim_service-1      | Charging truncation: Aircraft 1 at SFO will not charge. Initial soc: 100. Final soc level (102). At time 0.
rl-uam-framework-vertisim_service-1      | Simulation Completed. Total time to run: 0.35 seconds
rl-uam-framework-rl_algorithm-1          | RL called reset
rl-uam-framework-vertisim_service-1      | Applying action: [0, 0, 1, 2]
rl-uam-framework-vertisim_service-1      | Reserved aircraft: 3 at MV_PARK17. Time: 0
rl-uam-framework-vertisim_service-1      | Charging truncation: Aircraft 2 at MV will not charge. Initial soc: 100. Final soc level (102). At time 0.
rl-uam-framework-vertisim_service-1      | Simulation Completed. Total time to run: 0.39 seconds
rl-uam-framework-rl_algorithm-1          | RL called reset
rl-uam-framework-vertisim_service-1      | Applying action: [0, 2, 0, 1]
rl-uam-framework-vertisim_service-1      | Reserved aircraft: 1 at SFO_PARK17. Time: 0
rl-uam-framework-vertisim_service-1      | Charging truncation: Aircraft 3 at MV will not charge. Initial soc: 100. Final soc level (102). At time 0.
rl-uam-framework-vertisim_service-1      | Simulation Completed. Total time to run: 0.38 seconds
rl-uam-framework-rl_algorithm-1          | RL called reset
rl-uam-framework-vertisim_service-1      | Applying action: [2, 1, 0, 2]
rl-uam-framework-vertisim_service-1      | Reserved aircraft: 0 at SFO_PARK18. Time: 0
rl-uam-framework-vertisim_service-1      | Reserved aircraft: 3 at MV_PARK17. Time: 0
rl-uam-framework-vertisim_service-1      | Charging truncation: Aircraft 1 at SFO will not charge. Initial soc: 100. Final soc level (102). At time 0.
rl-uam-framework-vertisim_service-1      | Simulation Completed. Total time to run: 0.38 seconds
rl-uam-framework-rl_algorithm-1          | RL called reset
rl-uam-framework-vertisim_service-1      | Applying action: [2, 0, 2, 1]
rl-uam-framework-vertisim_service-1      | Reserved aircraft: 0 at SFO_PARK18. Time: 0
rl-uam-framework-vertisim_service-1      | Reserved aircraft: 2 at MV_PARK18. Time: 0
rl-uam-framework-vertisim_service-1      | Charging truncation: Aircraft 3 at MV will not charge. Initial soc: 100. Final soc level (102). At time 0.
rl-uam-framework-vertisim_service-1      | Simulation Completed. Total time to run: 0.36 seconds
rl-uam-framework-rl_algorithm-1          | RL called reset
rl-uam-framework-vertisim_service-1      | Applying action: [2, 2, 2, 0]
rl-uam-framework-vertisim_service-1      | Reserved aircraft: 0 at SFO_PARK18. Time: 0
rl-uam-framework-vertisim_service-1      | Reserved aircraft: 1 at SFO_PARK17. Time: 0
rl-uam-framework-vertisim_service-1      | Reserved aircraft: 2 at MV_PARK18. Time: 0
rl-uam-framework-vertisim_service-1      | Applying action: [1, 0, 1, 0]
rl-uam-framework-vertisim_service-1      | Truncation: Aircraft 0 at SFO_departure_fix is not in available the list: [3]. 
rl-uam-framework-vertisim_service-1      | Simulation Completed. Total time to run: 0.44 seconds
rl-uam-framework-rl_algorithm-1          | RL called reset
rl-uam-framework-vertisim_service-1      | Applying action: [1, 2, 2, 1]
rl-uam-framework-vertisim_service-1      | Reserved aircraft: 1 at SFO_PARK17. Time: 0
rl-uam-framework-vertisim_service-1      | Reserved aircraft: 2 at MV_PARK18. Time: 0
rl-uam-framework-vertisim_service-1      | Charging truncation: Aircraft 0 at SFO will not charge. Initial soc: 100. Final soc level (102). At time 0.
rl-uam-framework-vertisim_service-1      | Simulation Completed. Total time to run: 0.42 seconds
rl-uam-framework-rl_algorithm-1          | RL called reset
rl-uam-framework-vertisim_service-1      | Applying action: [1, 2, 1, 0]
rl-uam-framework-vertisim_service-1      | Reserved aircraft: 1 at SFO_PARK17. Time: 0
rl-uam-framework-vertisim_service-1      | Charging truncation: Aircraft 0 at SFO will not charge. Initial soc: 100. Final soc level (102). At time 0.
rl-uam-framework-vertisim_service-1      | Simulation Completed. Total time to run: 0.38 seconds
rl-uam-framework-rl_algorithm-1          | RL called reset
rl-uam-framework-vertisim_service-1      | Applying action: [0, 2, 1, 1]
rl-uam-framework-vertisim_service-1      | Reserved aircraft: 1 at SFO_PARK17. Time: 0
rl-uam-framework-vertisim_service-1      | Charging truncation: Aircraft 2 at MV will not charge. Initial soc: 100. Final soc level (102). At time 0.
rl-uam-framework-vertisim_service-1      | Simulation Completed. Total time to run: 0.42 seconds
rl-uam-framework-rl_algorithm-1          | RL called reset
rl-uam-framework-vertisim_service-1      | Applying action: [1, 2, 0, 2]
rl-uam-framework-vertisim_service-1      | Reserved aircraft: 1 at SFO_PARK17. Time: 0
rl-uam-framework-vertisim_service-1      | Reserved aircraft: 3 at MV_PARK17. Time: 0
rl-uam-framework-vertisim_service-1      | Charging truncation: Aircraft 0 at SFO will not charge. Initial soc: 100. Final soc level (102). At time 0.
rl-uam-framework-vertisim_service-1      | Simulation Completed. Total time to run: 0.46 seconds
rl-uam-framework-rl_algorithm-1          | RL called reset
rl-uam-framework-vertisim_service-1      | Applying action: [0, 0, 1, 2]
rl-uam-framework-vertisim_service-1      | Reserved aircraft: 3 at MV_PARK17. Time: 0
rl-uam-framework-vertisim_service-1      | Charging truncation: Aircraft 2 at MV will not charge. Initial soc: 100. Final soc level (102). At time 0.
rl-uam-framework-vertisim_service-1      | Simulation Completed. Total time to run: 0.44 seconds
rl-uam-framework-rl_algorithm-1          | RL called reset
rl-uam-framework-vertisim_service-1      | Applying action: [0, 2, 1, 2]
rl-uam-framework-vertisim_service-1      | Reserved aircraft: 1 at SFO_PARK17. Time: 0
rl-uam-framework-vertisim_service-1      | Reserved aircraft: 3 at MV_PARK17. Time: 0
rl-uam-framework-vertisim_service-1      | Charging truncation: Aircraft 2 at MV will not charge. Initial soc: 100. Final soc level (102). At time 0.
rl-uam-framework-vertisim_service-1      | Simulation Completed. Total time to run: 0.38 seconds
rl-uam-framework-rl_algorithm-1          | RL called reset
rl-uam-framework-vertisim_service-1      | Applying action: [2, 0, 0, 0]
rl-uam-framework-vertisim_service-1      | Reserved aircraft: 0 at SFO_PARK18. Time: 0
rl-uam-framework-vertisim_service-1      | Applying action: [0, 0, 0, 2]
rl-uam-framework-vertisim_service-1      | Reserved aircraft: 3 at MV_PARK17. Time: 195518.0
rl-uam-framework-vertisim_service-1      | Applying action: [0, 1, 2, 1]
rl-uam-framework-vertisim_service-1      | Truncation: Aircraft 3 at MV_departure_fix is not in available the list: []. 
rl-uam-framework-vertisim_service-1      | Simulation Completed. Total time to run: 0.42 seconds
rl-uam-framework-rl_algorithm-1          | RL called reset
rl-uam-framework-vertisim_service-1      | Applying action: [2, 2, 2, 2]
rl-uam-framework-vertisim_service-1      | Reserved aircraft: 0 at SFO_PARK18. Time: 0
rl-uam-framework-vertisim_service-1      | Reserved aircraft: 1 at SFO_PARK17. Time: 0
rl-uam-framework-vertisim_service-1      | Reserved aircraft: 2 at MV_PARK18. Time: 0
rl-uam-framework-vertisim_service-1      | Reserved aircraft: 3 at MV_PARK17. Time: 0
rl-uam-framework-vertisim_service-1      | Applying action: [0, 0, 0, 0]
rl-uam-framework-vertisim_service-1      | Applying action: [0, 0, 1, 0]
rl-uam-framework-vertisim_service-1      | Truncation: Aircraft 2 at MV_departure_fix is not in available the list: []. 
rl-uam-framework-vertisim_service-1      | Simulation Completed. Total time to run: 1.8 seconds
rl-uam-framework-rl_algorithm-1          | RL called reset
rl-uam-framework-vertisim_service-1      | Applying action: [1, 2, 1, 0]
rl-uam-framework-vertisim_service-1      | Reserved aircraft: 1 at SFO_PARK17. Time: 0
rl-uam-framework-vertisim_service-1      | Charging truncation: Aircraft 0 at SFO will not charge. Initial soc: 100. Final soc level (102). At time 0.
rl-uam-framework-vertisim_service-1      | Simulation Completed. Total time to run: 0.55 seconds
rl-uam-framework-rl_algorithm-1          | RL called reset
rl-uam-framework-vertisim_service-1      | Applying action: [1, 1, 1, 2]
rl-uam-framework-vertisim_service-1      | Reserved aircraft: 3 at MV_PARK17. Time: 0
rl-uam-framework-vertisim_service-1      | Charging truncation: Aircraft 0 at SFO will not charge. Initial soc: 100. Final soc level (102). At time 0.
rl-uam-framework-vertisim_service-1      | Simulation Completed. Total time to run: 0.47 seconds
rl-uam-framework-rl_algorithm-1          | RL called reset
rl-uam-framework-vertisim_service-1      | Applying action: [2, 0, 0, 1]
rl-uam-framework-vertisim_service-1      | Reserved aircraft: 0 at SFO_PARK18. Time: 0
rl-uam-framework-vertisim_service-1      | Charging truncation: Aircraft 3 at MV will not charge. Initial soc: 100. Final soc level (102). At time 0.
rl-uam-framework-vertisim_service-1      | Simulation Completed. Total time to run: 0.39 seconds
rl-uam-framework-rl_algorithm-1          | RL called reset
rl-uam-framework-vertisim_service-1      | Applying action: [1, 0, 0, 2]
rl-uam-framework-vertisim_service-1      | Reserved aircraft: 3 at MV_PARK17. Time: 0
rl-uam-framework-rl_algorithm-1          | RL called reset
rl-uam-framework-vertisim_service-1      | Charging truncation: Aircraft 0 at SFO will not charge. Initial soc: 100. Final soc level (102). At time 0.
rl-uam-framework-vertisim_service-1      | Simulation Completed. Total time to run: 0.52 seconds
rl-uam-framework-rl_algorithm-1          | RL called reset
rl-uam-framework-vertisim_service-1      | Applying action: [1, 1, 0, 1]
rl-uam-framework-vertisim_service-1      | Charging truncation: Aircraft 0 at SFO will not charge. Initial soc: 100. Final soc level (102). At time 0.
rl-uam-framework-vertisim_service-1      | Simulation Completed. Total time to run: 0.37 seconds
rl-uam-framework-vertisim_service-1      | Applying action: [0, 2, 1, 1]
rl-uam-framework-vertisim_service-1      | Reserved aircraft: 1 at SFO_PARK17. Time: 0
rl-uam-framework-vertisim_service-1      | Charging truncation: Aircraft 2 at MV will not charge. Initial soc: 100. Final soc level (102). At time 0.
rl-uam-framework-vertisim_service-1      | Simulation Completed. Total time to run: 0.45 seconds
rl-uam-framework-rl_algorithm-1          | RL called reset
rl-uam-framework-vertisim_service-1      | Applying action: [0, 0, 1, 0]
rl-uam-framework-vertisim_service-1      | Charging truncation: Aircraft 2 at MV will not charge. Initial soc: 100. Final soc level (102). At time 0.
rl-uam-framework-vertisim_service-1      | Simulation Completed. Total time to run: 0.47 seconds
rl-uam-framework-rl_algorithm-1          | RL called reset
rl-uam-framework-vertisim_service-1      | Applying action: [0, 1, 1, 0]
rl-uam-framework-rl_algorithm-1          | RL called reset
rl-uam-framework-vertisim_service-1      | Charging truncation: Aircraft 1 at SFO will not charge. Initial soc: 100. Final soc level (102). At time 0.
rl-uam-framework-vertisim_service-1      | Simulation Completed. Total time to run: 0.41 seconds
rl-uam-framework-vertisim_service-1      | Applying action: [1, 1, 2, 0]
rl-uam-framework-vertisim_service-1      | Reserved aircraft: 2 at MV_PARK18. Time: 0
rl-uam-framework-vertisim_service-1      | Charging truncation: Aircraft 0 at SFO will not charge. Initial soc: 100. Final soc level (102). At time 0.
rl-uam-framework-vertisim_service-1      | Simulation Completed. Total time to run: 0.39 seconds
rl-uam-framework-rl_algorithm-1          | RL called reset
rl-uam-framework-vertisim_service-1      | Applying action: [0, 1, 1, 2]
rl-uam-framework-vertisim_service-1      | Reserved aircraft: 3 at MV_PARK17. Time: 0
rl-uam-framework-vertisim_service-1      | Charging truncation: Aircraft 1 at SFO will not charge. Initial soc: 100. Final soc level (102). At time 0.
rl-uam-framework-vertisim_service-1      | Simulation Completed. Total time to run: 0.44 seconds
rl-uam-framework-rl_algorithm-1          | RL called reset
rl-uam-framework-vertisim_service-1      | Applying action: [0, 0, 1, 2]
rl-uam-framework-vertisim_service-1      | Reserved aircraft: 3 at MV_PARK17. Time: 0
rl-uam-framework-vertisim_service-1      | Charging truncation: Aircraft 2 at MV will not charge. Initial soc: 100. Final soc level (102). At time 0.
rl-uam-framework-vertisim_service-1      | Simulation Completed. Total time to run: 0.42 seconds
rl-uam-framework-rl_algorithm-1          | RL called reset
rl-uam-framework-vertisim_service-1      | Applying action: [2, 2, 0, 1]
rl-uam-framework-vertisim_service-1      | Reserved aircraft: 0 at SFO_PARK18. Time: 0
rl-uam-framework-vertisim_service-1      | Reserved aircraft: 1 at SFO_PARK17. Time: 0
rl-uam-framework-vertisim_service-1      | Charging truncation: Aircraft 3 at MV will not charge. Initial soc: 100. Final soc level (102). At time 0.
rl-uam-framework-vertisim_service-1      | Simulation Completed. Total time to run: 0.44 seconds
rl-uam-framework-rl_algorithm-1          | RL called reset
rl-uam-framework-vertisim_service-1      | Applying action: [2, 2, 1, 1]
rl-uam-framework-vertisim_service-1      | Reserved aircraft: 0 at SFO_PARK18. Time: 0
rl-uam-framework-vertisim_service-1      | Reserved aircraft: 1 at SFO_PARK17. Time: 0
rl-uam-framework-vertisim_service-1      | Charging truncation: Aircraft 2 at MV will not charge. Initial soc: 100. Final soc level (102). At time 0.
rl-uam-framework-vertisim_service-1      | Simulation Completed. Total time to run: 0.41 seconds
rl-uam-framework-rl_algorithm-1          | RL called reset
rl-uam-framework-vertisim_service-1      | Applying action: [0, 2, 1, 1]
rl-uam-framework-vertisim_service-1      | Reserved aircraft: 1 at SFO_PARK17. Time: 0
rl-uam-framework-vertisim_service-1      | Charging truncation: Aircraft 2 at MV will not charge. Initial soc: 100. Final soc level (102). At time 0.
rl-uam-framework-vertisim_service-1      | Simulation Completed. Total time to run: 46.08 seconds
rl-uam-framework-rl_algorithm-1          | RL called reset
rl-uam-framework-vertisim_service-1      | Applying action: [1, 0, 1, 2]
rl-uam-framework-vertisim_service-1      | Reserved aircraft: 3 at MV_PARK17. Time: 0
rl-uam-framework-vertisim_service-1      | Charging truncation: Aircraft 0 at SFO will not charge. Initial soc: 100. Final soc level (102). At time 0.
rl-uam-framework-vertisim_service-1      | Simulation Completed. Total time to run: 0.4 seconds
rl-uam-framework-rl_algorithm-1          | RL called reset
rl-uam-framework-vertisim_service-1      | Applying action: [2, 2, 1, 0]
rl-uam-framework-vertisim_service-1      | Reserved aircraft: 0 at SFO_PARK18. Time: 0
rl-uam-framework-vertisim_service-1      | Reserved aircraft: 1 at SFO_PARK17. Time: 0
rl-uam-framework-vertisim_service-1      | Charging truncation: Aircraft 2 at MV will not charge. Initial soc: 100. Final soc level (102). At time 0.
rl-uam-framework-vertisim_service-1      | Simulation Completed. Total time to run: 0.38 seconds
rl-uam-framework-rl_algorithm-1          | RL called reset
rl-uam-framework-vertisim_service-1      | Applying action: [1, 2, 1, 2]
rl-uam-framework-vertisim_service-1      | Reserved aircraft: 1 at SFO_PARK17. Time: 0
rl-uam-framework-vertisim_service-1      | Reserved aircraft: 3 at MV_PARK17. Time: 0
rl-uam-framework-vertisim_service-1      | Charging truncation: Aircraft 0 at SFO will not charge. Initial soc: 100. Final soc level (102). At time 0.
rl-uam-framework-vertisim_service-1      | Simulation Completed. Total time to run: 0.4 seconds
rl-uam-framework-rl_algorithm-1          | RL called reset
rl-uam-framework-vertisim_service-1      | Applying action: [1, 0, 1, 0]
rl-uam-framework-vertisim_service-1      | Charging truncation: Aircraft 0 at SFO will not charge. Initial soc: 100. Final soc level (102). At time 0.
rl-uam-framework-vertisim_service-1      | Simulation Completed. Total time to run: 0.4 seconds
rl-uam-framework-rl_algorithm-1          | RL called reset
rl-uam-framework-vertisim_service-1      | Applying action: [1, 0, 1, 2]
rl-uam-framework-vertisim_service-1      | Reserved aircraft: 3 at MV_PARK17. Time: 0
rl-uam-framework-vertisim_service-1      | Charging truncation: Aircraft 0 at SFO will not charge. Initial soc: 100. Final soc level (102). At time 0.
rl-uam-framework-vertisim_service-1      | Simulation Completed. Total time to run: 0.39 seconds
rl-uam-framework-rl_algorithm-1          | RL called reset
rl-uam-framework-vertisim_service-1      | Applying action: [2, 0, 2, 0]
rl-uam-framework-vertisim_service-1      | Reserved aircraft: 0 at SFO_PARK18. Time: 0
rl-uam-framework-vertisim_service-1      | Reserved aircraft: 2 at MV_PARK18. Time: 0
rl-uam-framework-vertisim_service-1      | Passenger 2 entered the waiting room at SFO. Currently waiting passengers: [0, 1, 2]. Time (sec): 55
rl-uam-framework-vertisim_service-1      | Applying action: [1, 2, 2, 1]
rl-uam-framework-vertisim_service-1      | Truncation: Aircraft 0 at SFO_PARK18 is not in available the list: [3]. 
rl-uam-framework-vertisim_service-1      | Simulation Completed. Total time to run: 0.35 seconds
rl-uam-framework-rl_algorithm-1          | RL called reset
rl-uam-framework-vertisim_service-1      | Applying action: [1, 0, 1, 0]
rl-uam-framework-vertisim_service-1      | Charging truncation: Aircraft 0 at SFO will not charge. Initial soc: 100. Final soc level (102). At time 0.
rl-uam-framework-vertisim_service-1      | Simulation Completed. Total time to run: 0.36 seconds
rl-uam-framework-rl_algorithm-1          | RL called reset
rl-uam-framework-vertisim_service-1      | Applying action: [2, 1, 0, 0]
rl-uam-framework-vertisim_service-1      | Reserved aircraft: 0 at SFO_PARK18. Time: 0
rl-uam-framework-vertisim_service-1      | Charging truncation: Aircraft 1 at SFO will not charge. Initial soc: 100. Final soc level (102). At time 0.
rl-uam-framework-vertisim_service-1      | Simulation Completed. Total time to run: 0.6 seconds
rl-uam-framework-rl_algorithm-1          | RL called reset
rl-uam-framework-vertisim_service-1      | Applying action: [0, 2, 2, 2]
rl-uam-framework-vertisim_service-1      | Reserved aircraft: 1 at SFO_PARK17. Time: 0
rl-uam-framework-vertisim_service-1      | Reserved aircraft: 2 at MV_PARK18. Time: 0
rl-uam-framework-vertisim_service-1      | Reserved aircraft: 3 at MV_PARK17. Time: 0
rl-uam-framework-vertisim_service-1      | Applying action: [1, 2, 0, 1]
rl-uam-framework-vertisim_service-1      | Applying truncation. Aircraft 1 is not idling at the vertiport MV. Aircraft location: SFO_departure_fix. Status: AircraftStatus.FLY. Current time: 195518.0
rl-uam-framework-vertisim_service-1      | Simulation Completed. Total time to run: 0.44 seconds
rl-uam-framework-rl_algorithm-1          | RL called reset
rl-uam-framework-vertisim_service-1      | Applying action: [0, 2, 2, 1]
rl-uam-framework-vertisim_service-1      | Reserved aircraft: 1 at SFO_PARK17. Time: 0
rl-uam-framework-vertisim_service-1      | Reserved aircraft: 2 at MV_PARK18. Time: 0
rl-uam-framework-vertisim_service-1      | Charging truncation: Aircraft 3 at MV will not charge. Initial soc: 100. Final soc level (102). At time 0.
rl-uam-framework-vertisim_service-1      | Simulation Completed. Total time to run: 0.44 seconds
rl-uam-framework-rl_algorithm-1          | RL called reset
rl-uam-framework-vertisim_service-1      | Applying action: [0, 1, 1, 0]
rl-uam-framework-vertisim_service-1      | Charging truncation: Aircraft 1 at SFO will not charge. Initial soc: 100. Final soc level (102). At time 0.
rl-uam-framework-vertisim_service-1      | Simulation Completed. Total time to run: 0.47 seconds
rl-uam-framework-rl_algorithm-1          | RL called reset
rl-uam-framework-vertisim_service-1      | Applying action: [1, 2, 0, 0]
rl-uam-framework-vertisim_service-1      | Reserved aircraft: 1 at SFO_PARK17. Time: 0
rl-uam-framework-rl_algorithm-1          | RL called reset
rl-uam-framework-vertisim_service-1      | Charging truncation: Aircraft 0 at SFO will not charge. Initial soc: 100. Final soc level (102). At time 0.
rl-uam-framework-vertisim_service-1      | Simulation Completed. Total time to run: 0.44 seconds
rl-uam-framework-vertisim_service-1      | Applying action: [2, 0, 2, 2]
rl-uam-framework-vertisim_service-1      | Reserved aircraft: 0 at SFO_PARK18. Time: 0
rl-uam-framework-vertisim_service-1      | Reserved aircraft: 2 at MV_PARK18. Time: 0
rl-uam-framework-vertisim_service-1      | Reserved aircraft: 3 at MV_PARK17. Time: 0
rl-uam-framework-vertisim_service-1      | Applying action: [2, 2, 1, 2]
rl-uam-framework-vertisim_service-1      | Applying truncation. Aircraft 0 is not idling at the vertiport MV. Aircraft location: SFO_departure_fix. Status: AircraftStatus.FLY. Current time: 195518.0
rl-uam-framework-vertisim_service-1      | Simulation Completed. Total time to run: 0.43 seconds
rl-uam-framework-rl_algorithm-1          | RL called reset
rl-uam-framework-vertisim_service-1      | Applying action: [0, 0, 0, 1]
rl-uam-framework-vertisim_service-1      | Charging truncation: Aircraft 3 at MV will not charge. Initial soc: 100. Final soc level (102). At time 0.
rl-uam-framework-vertisim_service-1      | Simulation Completed. Total time to run: 0.37 seconds
rl-uam-framework-rl_algorithm-1          | RL called reset
rl-uam-framework-vertisim_service-1      | Applying action: [1, 0, 0, 2]
rl-uam-framework-vertisim_service-1      | Reserved aircraft: 3 at MV_PARK17. Time: 0
rl-uam-framework-vertisim_service-1      | Charging truncation: Aircraft 0 at SFO will not charge. Initial soc: 100. Final soc level (102). At time 0.
rl-uam-framework-vertisim_service-1      | Simulation Completed. Total time to run: 0.36 seconds
rl-uam-framework-rl_algorithm-1          | RL called reset
rl-uam-framework-vertisim_service-1      | Applying action: [1, 1, 0, 1]
rl-uam-framework-vertisim_service-1      | Charging truncation: Aircraft 0 at SFO will not charge. Initial soc: 100. Final soc level (102). At time 0.
rl-uam-framework-vertisim_service-1      | Simulation Completed. Total time to run: 0.38 seconds
rl-uam-framework-rl_algorithm-1          | RL called reset
rl-uam-framework-vertisim_service-1      | Applying action: [0, 0, 0, 0]
rl-uam-framework-vertisim_service-1      | Passenger 3 entered the waiting room at MV. Currently waiting passengers: [0, 2, 3]. Time (sec): 730
rl-uam-framework-vertisim_service-1      | Applying action: [1, 0, 1, 2]
rl-uam-framework-vertisim_service-1      | Reserved aircraft: 3 at MV_PARK17. Time: 730008.9299999999
rl-uam-framework-vertisim_service-1      | Charging truncation: Aircraft 0 at SFO will not charge. Initial soc: 100. Final soc level (102). At time 730008.9299999999.
rl-uam-framework-vertisim_service-1      | Simulation Completed. Total time to run: 0.36 seconds
rl-uam-framework-rl_algorithm-1          | RL called reset
rl-uam-framework-vertisim_service-1      | Applying action: [2, 2, 0, 0]
rl-uam-framework-vertisim_service-1      | Reserved aircraft: 0 at SFO_PARK18. Time: 0
rl-uam-framework-vertisim_service-1      | Reserved aircraft: 1 at SFO_PARK17. Time: 0
rl-uam-framework-vertisim_service-1      | Applying action: [1, 0, 1, 1]
rl-uam-framework-vertisim_service-1      | Truncation: Aircraft 0 at SFO_departure_fix is not in available the list: [2, 3]. 
rl-uam-framework-vertisim_service-1      | Simulation Completed. Total time to run: 0.43 seconds
rl-uam-framework-rl_algorithm-1          | RL called reset
rl-uam-framework-vertisim_service-1      | Applying action: [0, 0, 0, 0]
rl-uam-framework-vertisim_service-1      | Passenger 4 entered the waiting room at SFO. Currently waiting passengers: [0, 1, 4]. Time (sec): 408
rl-uam-framework-vertisim_service-1      | Applying action: [0, 0, 1, 2]
rl-uam-framework-vertisim_service-1      | Reserved aircraft: 3 at MV_PARK17. Time: 408487.3
rl-uam-framework-vertisim_service-1      | Charging truncation: Aircraft 2 at MV will not charge. Initial soc: 100. Final soc level (102). At time 408487.3.
rl-uam-framework-vertisim_service-1      | Simulation Completed. Total time to run: 0.38 seconds
rl-uam-framework-rl_algorithm-1          | RL called reset
rl-uam-framework-vertisim_service-1      | Applying action: [0, 2, 2, 2]
rl-uam-framework-vertisim_service-1      | Reserved aircraft: 1 at SFO_PARK17. Time: 0
rl-uam-framework-vertisim_service-1      | Reserved aircraft: 2 at MV_PARK18. Time: 0
rl-uam-framework-vertisim_service-1      | Reserved aircraft: 3 at MV_PARK17. Time: 0
rl-uam-framework-vertisim_service-1      | Applying action: [0, 0, 1, 1]
rl-uam-framework-vertisim_service-1      | Truncation: Aircraft 2 at MV_departure_fix is not in available the list: [0]. 
rl-uam-framework-vertisim_service-1      | Simulation Completed. Total time to run: 0.35 seconds
rl-uam-framework-rl_algorithm-1          | RL called reset
rl-uam-framework-vertisim_service-1      | Applying action: [2, 2, 1, 2]
rl-uam-framework-vertisim_service-1      | Reserved aircraft: 0 at SFO_PARK18. Time: 0
rl-uam-framework-vertisim_service-1      | Reserved aircraft: 1 at SFO_PARK17. Time: 0
rl-uam-framework-vertisim_service-1      | Reserved aircraft: 3 at MV_PARK17. Time: 0
rl-uam-framework-vertisim_service-1      | Charging truncation: Aircraft 2 at MV will not charge. Initial soc: 100. Final soc level (102). At time 0.
rl-uam-framework-vertisim_service-1      | Simulation Completed. Total time to run: 0.4 seconds
rl-uam-framework-rl_algorithm-1          | RL called reset
rl-uam-framework-vertisim_service-1      | Applying action: [1, 2, 1, 1]
rl-uam-framework-vertisim_service-1      | Reserved aircraft: 1 at SFO_PARK17. Time: 0
rl-uam-framework-vertisim_service-1      | Charging truncation: Aircraft 0 at SFO will not charge. Initial soc: 100. Final soc level (102). At time 0.
rl-uam-framework-vertisim_service-1      | Simulation Completed. Total time to run: 0.35 seconds
rl-uam-framework-rl_algorithm-1          | RL called reset
rl-uam-framework-vertisim_service-1      | Applying action: [1, 1, 2, 1]
rl-uam-framework-vertisim_service-1      | Reserved aircraft: 2 at MV_PARK18. Time: 0
rl-uam-framework-vertisim_service-1      | Charging truncation: Aircraft 0 at SFO will not charge. Initial soc: 100. Final soc level (102). At time 0.
rl-uam-framework-vertisim_service-1      | Simulation Completed. Total time to run: 0.33 seconds
rl-uam-framework-rl_algorithm-1          | RL called reset
rl-uam-framework-vertisim_service-1      | Applying action: [2, 0, 0, 0]
rl-uam-framework-vertisim_service-1      | Reserved aircraft: 0 at SFO_PARK18. Time: 0
rl-uam-framework-vertisim_service-1      | Applying action: [1, 0, 0, 2]
rl-uam-framework-vertisim_service-1      | Truncation: Aircraft 0 at SFO_departure_fix is not in available the list: [2, 3]. 
rl-uam-framework-vertisim_service-1      | Simulation Completed. Total time to run: 0.34 seconds
rl-uam-framework-rl_algorithm-1          | RL called reset
rl-uam-framework-vertisim_service-1      | Applying action: [2, 1, 2, 2]
rl-uam-framework-vertisim_service-1      | Reserved aircraft: 0 at SFO_PARK18. Time: 0
rl-uam-framework-vertisim_service-1      | Reserved aircraft: 2 at MV_PARK18. Time: 0
rl-uam-framework-vertisim_service-1      | Reserved aircraft: 3 at MV_PARK17. Time: 0
rl-uam-framework-vertisim_service-1      | Charging truncation: Aircraft 1 at SFO will not charge. Initial soc: 100. Final soc level (102). At time 0.
rl-uam-framework-vertisim_service-1      | Simulation Completed. Total time to run: 0.36 seconds
rl-uam-framework-rl_algorithm-1          | RL called reset
rl-uam-framework-vertisim_service-1      | Applying action: [2, 2, 1, 2]
rl-uam-framework-vertisim_service-1      | Reserved aircraft: 0 at SFO_PARK18. Time: 0
rl-uam-framework-vertisim_service-1      | Reserved aircraft: 1 at SFO_PARK17. Time: 0
rl-uam-framework-vertisim_service-1      | Reserved aircraft: 3 at MV_PARK17. Time: 0
rl-uam-framework-vertisim_service-1      | Charging truncation: Aircraft 2 at MV will not charge. Initial soc: 100. Final soc level (102). At time 0.
rl-uam-framework-vertisim_service-1      | Simulation Completed. Total time to run: 0.34 seconds
rl-uam-framework-rl_algorithm-1          | RL called reset
rl-uam-framework-vertisim_service-1      | Applying action: [0, 0, 1, 2]
rl-uam-framework-vertisim_service-1      | Reserved aircraft: 3 at MV_PARK17. Time: 0
rl-uam-framework-vertisim_service-1      | Charging truncation: Aircraft 2 at MV will not charge. Initial soc: 100. Final soc level (102). At time 0.
rl-uam-framework-vertisim_service-1      | Simulation Completed. Total time to run: 0.34 seconds
rl-uam-framework-rl_algorithm-1          | RL called reset
rl-uam-framework-vertisim_service-1      | Applying action: [1, 0, 2, 2]
rl-uam-framework-vertisim_service-1      | Reserved aircraft: 2 at MV_PARK18. Time: 0
rl-uam-framework-vertisim_service-1      | Reserved aircraft: 3 at MV_PARK17. Time: 0
rl-uam-framework-vertisim_service-1      | Charging truncation: Aircraft 0 at SFO will not charge. Initial soc: 100. Final soc level (102). At time 0.
rl-uam-framework-vertisim_service-1      | Simulation Completed. Total time to run: 0.34 seconds
rl-uam-framework-rl_algorithm-1          | RL called reset
rl-uam-framework-vertisim_service-1      | Applying action: [0, 0, 1, 1]
rl-uam-framework-vertisim_service-1      | Charging truncation: Aircraft 2 at MV will not charge. Initial soc: 100. Final soc level (102). At time 0.
rl-uam-framework-vertisim_service-1      | Simulation Completed. Total time to run: 0.33 seconds
rl-uam-framework-rl_algorithm-1          | RL called reset
rl-uam-framework-vertisim_service-1      | Applying action: [1, 0, 0, 0]
rl-uam-framework-vertisim_service-1      | Charging truncation: Aircraft 0 at SFO will not charge. Initial soc: 100. Final soc level (102). At time 0.
rl-uam-framework-vertisim_service-1      | Simulation Completed. Total time to run: 0.38 seconds
rl-uam-framework-rl_algorithm-1          | RL called reset
rl-uam-framework-vertisim_service-1      | Applying action: [1, 1, 2, 2]
rl-uam-framework-vertisim_service-1      | Reserved aircraft: 2 at MV_PARK18. Time: 0
rl-uam-framework-vertisim_service-1      | Reserved aircraft: 3 at MV_PARK17. Time: 0
rl-uam-framework-vertisim_service-1      | Charging truncation: Aircraft 0 at SFO will not charge. Initial soc: 100. Final soc level (102). At time 0.
rl-uam-framework-vertisim_service-1      | Simulation Completed. Total time to run: 0.37 seconds
rl-uam-framework-rl_algorithm-1          | RL called reset
rl-uam-framework-vertisim_service-1      | Applying action: [1, 1, 1, 0]
rl-uam-framework-vertisim_service-1      | Charging truncation: Aircraft 0 at SFO will not charge. Initial soc: 100. Final soc level (102). At time 0.
rl-uam-framework-vertisim_service-1      | Simulation Completed. Total time to run: 0.33 seconds
rl-uam-framework-rl_algorithm-1          | RL called reset
rl-uam-framework-vertisim_service-1      | Applying action: [0, 2, 0, 1]
rl-uam-framework-vertisim_service-1      | Reserved aircraft: 1 at SFO_PARK17. Time: 0
rl-uam-framework-vertisim_service-1      | Charging truncation: Aircraft 3 at MV will not charge. Initial soc: 100. Final soc level (102). At time 0.
rl-uam-framework-vertisim_service-1      | Simulation Completed. Total time to run: 0.32 seconds
rl-uam-framework-rl_algorithm-1          | RL called reset
rl-uam-framework-vertisim_service-1      | Applying action: [0, 0, 1, 2]
rl-uam-framework-vertisim_service-1      | Reserved aircraft: 3 at MV_PARK17. Time: 0
rl-uam-framework-vertisim_service-1      | Charging truncation: Aircraft 2 at MV will not charge. Initial soc: 100. Final soc level (102). At time 0.
rl-uam-framework-vertisim_service-1      | Simulation Completed. Total time to run: 0.32 seconds
rl-uam-framework-rl_algorithm-1          | RL called reset
rl-uam-framework-vertisim_service-1      | Applying action: [2, 1, 1, 0]
rl-uam-framework-vertisim_service-1      | Reserved aircraft: 0 at SFO_PARK18. Time: 0
rl-uam-framework-vertisim_service-1      | Charging truncation: Aircraft 1 at SFO will not charge. Initial soc: 100. Final soc level (102). At time 0.
rl-uam-framework-vertisim_service-1      | Simulation Completed. Total time to run: 0.33 seconds
rl-uam-framework-rl_algorithm-1          | RL called reset
rl-uam-framework-vertisim_service-1      | Applying action: [2, 0, 1, 1]
rl-uam-framework-vertisim_service-1      | Reserved aircraft: 0 at SFO_PARK18. Time: 0
rl-uam-framework-vertisim_service-1      | Charging truncation: Aircraft 2 at MV will not charge. Initial soc: 100. Final soc level (102). At time 0.
rl-uam-framework-vertisim_service-1      | Simulation Completed. Total time to run: 0.33 seconds
rl-uam-framework-rl_algorithm-1          | RL called reset
rl-uam-framework-vertisim_service-1      | Applying action: [2, 1, 2, 1]
rl-uam-framework-vertisim_service-1      | Reserved aircraft: 0 at SFO_PARK18. Time: 0
rl-uam-framework-vertisim_service-1      | Reserved aircraft: 2 at MV_PARK18. Time: 0
rl-uam-framework-vertisim_service-1      | Charging truncation: Aircraft 1 at SFO will not charge. Initial soc: 100. Final soc level (102). At time 0.
rl-uam-framework-vertisim_service-1      | Simulation Completed. Total time to run: 1.96 seconds
rl-uam-framework-rl_algorithm-1          | RL called reset
rl-uam-framework-vertisim_service-1      | Applying action: [0, 2, 1, 1]
rl-uam-framework-vertisim_service-1      | Reserved aircraft: 1 at SFO_PARK17. Time: 0
rl-uam-framework-vertisim_service-1      | Charging truncation: Aircraft 2 at MV will not charge. Initial soc: 100. Final soc level (102). At time 0.
rl-uam-framework-vertisim_service-1      | Simulation Completed. Total time to run: 0.37 seconds
rl-uam-framework-rl_algorithm-1          | RL called reset
rl-uam-framework-vertisim_service-1      | Applying action: [0, 1, 2, 0]
rl-uam-framework-vertisim_service-1      | Reserved aircraft: 2 at MV_PARK18. Time: 0
rl-uam-framework-vertisim_service-1      | Charging truncation: Aircraft 1 at SFO will not charge. Initial soc: 100. Final soc level (102). At time 0.
rl-uam-framework-vertisim_service-1      | Simulation Completed. Total time to run: 0.4 seconds
rl-uam-framework-rl_algorithm-1          | RL called reset
rl-uam-framework-vertisim_service-1      | Applying action: [2, 0, 1, 0]
rl-uam-framework-vertisim_service-1      | Reserved aircraft: 0 at SFO_PARK18. Time: 0
rl-uam-framework-vertisim_service-1      | Charging truncation: Aircraft 2 at MV will not charge. Initial soc: 100. Final soc level (102). At time 0.
rl-uam-framework-vertisim_service-1      | Simulation Completed. Total time to run: 0.36 seconds
rl-uam-framework-rl_algorithm-1          | RL called reset
rl-uam-framework-vertisim_service-1      | Applying action: [0, 0, 1, 1]
rl-uam-framework-vertisim_service-1      | Charging truncation: Aircraft 2 at MV will not charge. Initial soc: 100. Final soc level (102). At time 0.
rl-uam-framework-vertisim_service-1      | Simulation Completed. Total time to run: 0.38 seconds
rl-uam-framework-rl_algorithm-1          | RL called reset
rl-uam-framework-vertisim_service-1      | Applying action: [1, 1, 1, 1]
rl-uam-framework-vertisim_service-1      | Charging truncation: Aircraft 0 at SFO will not charge. Initial soc: 100. Final soc level (102). At time 0.
rl-uam-framework-vertisim_service-1      | Simulation Completed. Total time to run: 0.4 seconds
rl-uam-framework-rl_algorithm-1          | RL called reset
rl-uam-framework-vertisim_service-1      | Applying action: [1, 0, 0, 1]
rl-uam-framework-vertisim_service-1      | Charging truncation: Aircraft 0 at SFO will not charge. Initial soc: 100. Final soc level (102). At time 0.
rl-uam-framework-vertisim_service-1      | Simulation Completed. Total time to run: 0.33 seconds
rl-uam-framework-rl_algorithm-1          | RL called reset
rl-uam-framework-vertisim_service-1      | Applying action: [0, 0, 0, 2]
rl-uam-framework-vertisim_service-1      | Reserved aircraft: 3 at MV_PARK17. Time: 0
rl-uam-framework-vertisim_service-1      | Applying action: [2, 0, 1, 2]
rl-uam-framework-vertisim_service-1      | Applying truncation. Aircraft 3 is not idling at the vertiport SFO. Aircraft location: MV_departure_fix. Status: AircraftStatus.FLY. Current time: 195518.0
rl-uam-framework-vertisim_service-1      | Simulation Completed. Total time to run: 0.33 seconds
rl-uam-framework-rl_algorithm-1          | RL called reset
rl-uam-framework-vertisim_service-1      | Applying action: [2, 2, 1, 0]
rl-uam-framework-vertisim_service-1      | Reserved aircraft: 0 at SFO_PARK18. Time: 0
rl-uam-framework-vertisim_service-1      | Reserved aircraft: 1 at SFO_PARK17. Time: 0
rl-uam-framework-vertisim_service-1      | Charging truncation: Aircraft 2 at MV will not charge. Initial soc: 100. Final soc level (102). At time 0.
rl-uam-framework-vertisim_service-1      | Simulation Completed. Total time to run: 0.34 seconds
rl-uam-framework-rl_algorithm-1          | RL called reset
rl-uam-framework-vertisim_service-1      | Applying action: [2, 2, 0, 1]
rl-uam-framework-vertisim_service-1      | Reserved aircraft: 0 at SFO_PARK18. Time: 0
rl-uam-framework-vertisim_service-1      | Reserved aircraft: 1 at SFO_PARK17. Time: 0
rl-uam-framework-vertisim_service-1      | Charging truncation: Aircraft 3 at MV will not charge. Initial soc: 100. Final soc level (102). At time 0.
rl-uam-framework-vertisim_service-1      | Simulation Completed. Total time to run: 0.36 seconds
rl-uam-framework-rl_algorithm-1          | RL called reset
rl-uam-framework-vertisim_service-1      | Applying action: [1, 2, 1, 2]
rl-uam-framework-vertisim_service-1      | Reserved aircraft: 1 at SFO_PARK17. Time: 0
rl-uam-framework-vertisim_service-1      | Reserved aircraft: 3 at MV_PARK17. Time: 0
rl-uam-framework-vertisim_service-1      | Charging truncation: Aircraft 0 at SFO will not charge. Initial soc: 100. Final soc level (102). At time 0.
rl-uam-framework-vertisim_service-1      | Simulation Completed. Total time to run: 0.38 seconds
rl-uam-framework-rl_algorithm-1          | RL called reset
rl-uam-framework-vertisim_service-1      | Applying action: [2, 2, 0, 1]
rl-uam-framework-vertisim_service-1      | Reserved aircraft: 0 at SFO_PARK18. Time: 0
rl-uam-framework-vertisim_service-1      | Reserved aircraft: 1 at SFO_PARK17. Time: 0
rl-uam-framework-vertisim_service-1      | Charging truncation: Aircraft 3 at MV will not charge. Initial soc: 100. Final soc level (102). At time 0.
rl-uam-framework-vertisim_service-1      | Simulation Completed. Total time to run: 0.38 seconds
rl-uam-framework-rl_algorithm-1          | RL called reset
rl-uam-framework-vertisim_service-1      | Applying action: [1, 0, 0, 0]
rl-uam-framework-vertisim_service-1      | Charging truncation: Aircraft 0 at SFO will not charge. Initial soc: 100. Final soc level (102). At time 0.
rl-uam-framework-vertisim_service-1      | Simulation Completed. Total time to run: 0.38 seconds
rl-uam-framework-rl_algorithm-1          | RL called reset
rl-uam-framework-vertisim_service-1      | Applying action: [0, 1, 0, 0]
rl-uam-framework-vertisim_service-1      | Charging truncation: Aircraft 1 at SFO will not charge. Initial soc: 100. Final soc level (102). At time 0.
rl-uam-framework-vertisim_service-1      | Simulation Completed. Total time to run: 0.33 seconds
rl-uam-framework-rl_algorithm-1          | RL called reset
rl-uam-framework-vertisim_service-1      | Applying action: [1, 1, 1, 2]
rl-uam-framework-vertisim_service-1      | Reserved aircraft: 3 at MV_PARK17. Time: 0
rl-uam-framework-vertisim_service-1      | Charging truncation: Aircraft 0 at SFO will not charge. Initial soc: 100. Final soc level (102). At time 0.
rl-uam-framework-vertisim_service-1      | Simulation Completed. Total time to run: 0.41 seconds
rl-uam-framework-rl_algorithm-1          | RL called reset
rl-uam-framework-vertisim_service-1      | Applying action: [1, 1, 1, 1]
rl-uam-framework-vertisim_service-1      | Charging truncation: Aircraft 0 at SFO will not charge. Initial soc: 100. Final soc level (102). At time 0.
rl-uam-framework-vertisim_service-1      | Simulation Completed. Total time to run: 0.55 seconds
rl-uam-framework-rl_algorithm-1          | RL called reset
rl-uam-framework-vertisim_service-1      | Applying action: [0, 1, 2, 1]
rl-uam-framework-vertisim_service-1      | Reserved aircraft: 2 at MV_PARK18. Time: 0
rl-uam-framework-rl_algorithm-1          | RL called reset
rl-uam-framework-vertisim_service-1      | Charging truncation: Aircraft 1 at SFO will not charge. Initial soc: 100. Final soc level (102). At time 0.
rl-uam-framework-vertisim_service-1      | Simulation Completed. Total time to run: 0.5 seconds
rl-uam-framework-vertisim_service-1      | Applying action: [1, 1, 1, 0]
rl-uam-framework-vertisim_service-1      | Charging truncation: Aircraft 0 at SFO will not charge. Initial soc: 100. Final soc level (102). At time 0.
rl-uam-framework-vertisim_service-1      | Simulation Completed. Total time to run: 0.38 seconds
rl-uam-framework-rl_algorithm-1          | RL called reset
rl-uam-framework-vertisim_service-1      | Applying action: [1, 1, 0, 2]
rl-uam-framework-vertisim_service-1      | Reserved aircraft: 3 at MV_PARK17. Time: 0
rl-uam-framework-vertisim_service-1      | Charging truncation: Aircraft 0 at SFO will not charge. Initial soc: 100. Final soc level (102). At time 0.
rl-uam-framework-vertisim_service-1      | Simulation Completed. Total time to run: 0.43 seconds
rl-uam-framework-rl_algorithm-1          | RL called reset
rl-uam-framework-vertisim_service-1      | Applying action: [2, 2, 0, 1]
rl-uam-framework-vertisim_service-1      | Reserved aircraft: 0 at SFO_PARK18. Time: 0
rl-uam-framework-vertisim_service-1      | Reserved aircraft: 1 at SFO_PARK17. Time: 0
rl-uam-framework-rl_algorithm-1          | RL called reset
rl-uam-framework-vertisim_service-1      | Charging truncation: Aircraft 3 at MV will not charge. Initial soc: 100. Final soc level (102). At time 0.
rl-uam-framework-vertisim_service-1      | Simulation Completed. Total time to run: 0.45 seconds
rl-uam-framework-vertisim_service-1      | Applying action: [2, 2, 2, 1]
rl-uam-framework-vertisim_service-1      | Reserved aircraft: 0 at SFO_PARK18. Time: 0
rl-uam-framework-vertisim_service-1      | Reserved aircraft: 1 at SFO_PARK17. Time: 0
rl-uam-framework-vertisim_service-1      | Reserved aircraft: 2 at MV_PARK18. Time: 0
rl-uam-framework-vertisim_service-1      | Charging truncation: Aircraft 3 at MV will not charge. Initial soc: 100. Final soc level (102). At time 0.
rl-uam-framework-vertisim_service-1      | Simulation Completed. Total time to run: 0.41 seconds
rl-uam-framework-rl_algorithm-1          | RL called reset
rl-uam-framework-vertisim_service-1      | Applying action: [1, 2, 2, 2]
rl-uam-framework-vertisim_service-1      | Reserved aircraft: 1 at SFO_PARK17. Time: 0
rl-uam-framework-vertisim_service-1      | Reserved aircraft: 2 at MV_PARK18. Time: 0
rl-uam-framework-vertisim_service-1      | Reserved aircraft: 3 at MV_PARK17. Time: 0
rl-uam-framework-vertisim_service-1      | Charging truncation: Aircraft 0 at SFO will not charge. Initial soc: 100. Final soc level (102). At time 0.
rl-uam-framework-vertisim_service-1      | Simulation Completed. Total time to run: 0.45 seconds
rl-uam-framework-rl_algorithm-1          | RL called reset
rl-uam-framework-vertisim_service-1      | Applying action: [0, 2, 0, 0]
rl-uam-framework-vertisim_service-1      | Reserved aircraft: 1 at SFO_PARK17. Time: 0
rl-uam-framework-vertisim_service-1      | Applying action: [0, 2, 2, 2]
rl-uam-framework-vertisim_service-1      | Applying truncation. Aircraft 1 is not idling at the vertiport MV. Aircraft location: SFO_departure_fix. Status: AircraftStatus.FLY. Current time: 195518.0
rl-uam-framework-vertisim_service-1      | Simulation Completed. Total time to run: 0.41 seconds
rl-uam-framework-rl_algorithm-1          | RL called reset
rl-uam-framework-vertisim_service-1      | Applying action: [0, 0, 0, 0]
rl-uam-framework-vertisim_service-1      | Passenger 4 entered the waiting room at SFO. Currently waiting passengers: [0, 1, 4]. Time (sec): 340
rl-uam-framework-vertisim_service-1      | Applying action: [1, 0, 1, 1]
rl-uam-framework-vertisim_service-1      | Charging truncation: Aircraft 0 at SFO will not charge. Initial soc: 100. Final soc level (102). At time 339810.82999999996.
rl-uam-framework-vertisim_service-1      | Simulation Completed. Total time to run: 0.4 seconds
rl-uam-framework-rl_algorithm-1          | RL called reset
rl-uam-framework-vertisim_service-1      | Applying action: [1, 1, 2, 1]
rl-uam-framework-vertisim_service-1      | Reserved aircraft: 2 at MV_PARK18. Time: 0
rl-uam-framework-vertisim_service-1      | Charging truncation: Aircraft 0 at SFO will not charge. Initial soc: 100. Final soc level (102). At time 0.
rl-uam-framework-vertisim_service-1      | Simulation Completed. Total time to run: 0.42 seconds
rl-uam-framework-rl_algorithm-1          | RL called reset
rl-uam-framework-vertisim_service-1      | Applying action: [1, 0, 1, 1]
rl-uam-framework-vertisim_service-1      | Charging truncation: Aircraft 0 at SFO will not charge. Initial soc: 100. Final soc level (102). At time 0.
rl-uam-framework-vertisim_service-1      | Simulation Completed. Total time to run: 0.36 seconds
rl-uam-framework-rl_algorithm-1          | RL called reset
rl-uam-framework-vertisim_service-1      | Applying action: [1, 0, 2, 0]
rl-uam-framework-vertisim_service-1      | Reserved aircraft: 2 at MV_PARK18. Time: 0
rl-uam-framework-vertisim_service-1      | Charging truncation: Aircraft 0 at SFO will not charge. Initial soc: 100. Final soc level (102). At time 0.
rl-uam-framework-vertisim_service-1      | Simulation Completed. Total time to run: 0.34 seconds
rl-uam-framework-rl_algorithm-1          | RL called reset
rl-uam-framework-vertisim_service-1      | Applying action: [1, 1, 1, 1]
rl-uam-framework-vertisim_service-1      | Charging truncation: Aircraft 0 at SFO will not charge. Initial soc: 100. Final soc level (102). At time 0.
rl-uam-framework-vertisim_service-1      | Simulation Completed. Total time to run: 0.33 seconds
rl-uam-framework-rl_algorithm-1          | RL called reset
rl-uam-framework-vertisim_service-1      | Applying action: [2, 0, 0, 2]
rl-uam-framework-vertisim_service-1      | Reserved aircraft: 0 at SFO_PARK18. Time: 0
rl-uam-framework-vertisim_service-1      | Reserved aircraft: 3 at MV_PARK17. Time: 0
rl-uam-framework-vertisim_service-1      | Applying action: [1, 0, 0, 1]
rl-uam-framework-vertisim_service-1      | Truncation: Aircraft 0 at SFO_departure_fix is not in available the list: [2]. 
rl-uam-framework-vertisim_service-1      | Simulation Completed. Total time to run: 0.39 seconds
rl-uam-framework-rl_algorithm-1          | RL called reset
rl-uam-framework-vertisim_service-1      | Applying action: [1, 0, 0, 1]
rl-uam-framework-vertisim_service-1      | Charging truncation: Aircraft 0 at SFO will not charge. Initial soc: 100. Final soc level (102). At time 0.
rl-uam-framework-vertisim_service-1      | Simulation Completed. Total time to run: 0.47 seconds
rl-uam-framework-rl_algorithm-1          | RL called reset
rl-uam-framework-vertisim_service-1      | Applying action: [2, 2, 1, 1]
rl-uam-framework-vertisim_service-1      | Reserved aircraft: 0 at SFO_PARK18. Time: 0
rl-uam-framework-vertisim_service-1      | Reserved aircraft: 1 at SFO_PARK17. Time: 0
rl-uam-framework-vertisim_service-1      | Charging truncation: Aircraft 2 at MV will not charge. Initial soc: 100. Final soc level (102). At time 0.
rl-uam-framework-vertisim_service-1      | Simulation Completed. Total time to run: 0.34 seconds
rl-uam-framework-rl_algorithm-1          | RL called reset
rl-uam-framework-vertisim_service-1      | Applying action: [0, 1, 1, 0]
rl-uam-framework-vertisim_service-1      | Charging truncation: Aircraft 1 at SFO will not charge. Initial soc: 100. Final soc level (102). At time 0.
rl-uam-framework-vertisim_service-1      | Simulation Completed. Total time to run: 0.39 seconds
rl-uam-framework-rl_algorithm-1          | RL called reset
rl-uam-framework-vertisim_service-1      | Applying action: [2, 2, 2, 2]
rl-uam-framework-vertisim_service-1      | Reserved aircraft: 0 at SFO_PARK18. Time: 0
rl-uam-framework-vertisim_service-1      | Reserved aircraft: 1 at SFO_PARK17. Time: 0
rl-uam-framework-vertisim_service-1      | Reserved aircraft: 2 at MV_PARK18. Time: 0
rl-uam-framework-vertisim_service-1      | Reserved aircraft: 3 at MV_PARK17. Time: 0
rl-uam-framework-vertisim_service-1      | Applying action: [2, 1, 1, 1]
rl-uam-framework-vertisim_service-1      | Applying truncation. Aircraft 0 is not idling at the vertiport MV. Aircraft location: SFO_departure_fix. Status: AircraftStatus.FLY. Current time: 195518.0
rl-uam-framework-vertisim_service-1      | Simulation Completed. Total time to run: 0.48 seconds
rl-uam-framework-rl_algorithm-1          | RL called reset
rl-uam-framework-vertisim_service-1      | Applying action: [2, 0, 0, 0]
rl-uam-framework-vertisim_service-1      | Reserved aircraft: 0 at SFO_PARK18. Time: 0
rl-uam-framework-vertisim_service-1      | Applying action: [1, 2, 2, 0]
rl-uam-framework-vertisim_service-1      | Truncation: Aircraft 0 at SFO_departure_fix is not in available the list: [2, 3]. 
rl-uam-framework-vertisim_service-1      | Simulation Completed. Total time to run: 0.37 seconds
rl-uam-framework-rl_algorithm-1          | RL called reset
rl-uam-framework-vertisim_service-1      | Applying action: [2, 2, 1, 0]
rl-uam-framework-vertisim_service-1      | Reserved aircraft: 0 at SFO_PARK18. Time: 0
rl-uam-framework-vertisim_service-1      | Reserved aircraft: 1 at SFO_PARK17. Time: 0
rl-uam-framework-vertisim_service-1      | Charging truncation: Aircraft 2 at MV will not charge. Initial soc: 100. Final soc level (102). At time 0.
rl-uam-framework-vertisim_service-1      | Simulation Completed. Total time to run: 0.44 seconds
rl-uam-framework-rl_algorithm-1          | RL called reset
rl-uam-framework-vertisim_service-1      | Applying action: [0, 0, 2, 1]
rl-uam-framework-vertisim_service-1      | Reserved aircraft: 2 at MV_PARK18. Time: 0
rl-uam-framework-vertisim_service-1      | Charging truncation: Aircraft 3 at MV will not charge. Initial soc: 100. Final soc level (102). At time 0.
rl-uam-framework-vertisim_service-1      | Simulation Completed. Total time to run: 0.4 seconds
rl-uam-framework-rl_algorithm-1          | RL called reset
rl-uam-framework-vertisim_service-1      | Applying action: [0, 2, 2, 2]
rl-uam-framework-vertisim_service-1      | Reserved aircraft: 1 at SFO_PARK17. Time: 0
rl-uam-framework-vertisim_service-1      | Reserved aircraft: 2 at MV_PARK18. Time: 0
rl-uam-framework-vertisim_service-1      | Reserved aircraft: 3 at MV_PARK17. Time: 0
rl-uam-framework-vertisim_service-1      | Passenger 2 entered the waiting room at SFO. Currently waiting passengers: [0, 1, 2]. Time (sec): 179
rl-uam-framework-vertisim_service-1      | Applying action: [0, 1, 1, 1]
rl-uam-framework-vertisim_service-1      | Truncation: Aircraft 1 at SFO_hover_fix is not in available the list: []. 
rl-uam-framework-vertisim_service-1      | Simulation Completed. Total time to run: 0.36 seconds
rl-uam-framework-rl_algorithm-1          | RL called reset
rl-uam-framework-vertisim_service-1      | Applying action: [1, 2, 1, 0]
rl-uam-framework-vertisim_service-1      | Reserved aircraft: 1 at SFO_PARK17. Time: 0
rl-uam-framework-vertisim_service-1      | Charging truncation: Aircraft 0 at SFO will not charge. Initial soc: 100. Final soc level (102). At time 0.
rl-uam-framework-vertisim_service-1      | Simulation Completed. Total time to run: 0.35 seconds
rl-uam-framework-rl_algorithm-1          | RL called reset
rl-uam-framework-vertisim_service-1      | Applying action: [2, 2, 0, 1]
rl-uam-framework-vertisim_service-1      | Reserved aircraft: 0 at SFO_PARK18. Time: 0
rl-uam-framework-vertisim_service-1      | Reserved aircraft: 1 at SFO_PARK17. Time: 0
rl-uam-framework-vertisim_service-1      | Charging truncation: Aircraft 3 at MV will not charge. Initial soc: 100. Final soc level (102). At time 0.
rl-uam-framework-vertisim_service-1      | Simulation Completed. Total time to run: 0.33 seconds
rl-uam-framework-rl_algorithm-1          | RL called reset
rl-uam-framework-vertisim_service-1      | Applying action: [2, 2, 1, 1]
rl-uam-framework-vertisim_service-1      | Reserved aircraft: 0 at SFO_PARK18. Time: 0
rl-uam-framework-vertisim_service-1      | Reserved aircraft: 1 at SFO_PARK17. Time: 0
rl-uam-framework-vertisim_service-1      | Charging truncation: Aircraft 2 at MV will not charge. Initial soc: 100. Final soc level (102). At time 0.
rl-uam-framework-vertisim_service-1      | Simulation Completed. Total time to run: 0.33 seconds
rl-uam-framework-rl_algorithm-1          | RL called reset
rl-uam-framework-vertisim_service-1      | Applying action: [1, 1, 0, 1]
rl-uam-framework-vertisim_service-1      | Charging truncation: Aircraft 0 at SFO will not charge. Initial soc: 100. Final soc level (102). At time 0.
rl-uam-framework-vertisim_service-1      | Simulation Completed. Total time to run: 0.37 seconds
rl-uam-framework-rl_algorithm-1          | RL called reset
rl-uam-framework-vertisim_service-1      | Applying action: [1, 1, 0, 2]
rl-uam-framework-vertisim_service-1      | Reserved aircraft: 3 at MV_PARK17. Time: 0
rl-uam-framework-vertisim_service-1      | Charging truncation: Aircraft 0 at SFO will not charge. Initial soc: 100. Final soc level (102). At time 0.
rl-uam-framework-vertisim_service-1      | Simulation Completed. Total time to run: 0.4 seconds
rl-uam-framework-rl_algorithm-1          | RL called reset
rl-uam-framework-vertisim_service-1      | Applying action: [0, 0, 2, 0]
rl-uam-framework-vertisim_service-1      | Reserved aircraft: 2 at MV_PARK18. Time: 0
rl-uam-framework-vertisim_service-1      | Applying action: [2, 1, 0, 2]
rl-uam-framework-vertisim_service-1      | Reserved aircraft: 0 at SFO_PARK18. Time: 195518.0
rl-uam-framework-vertisim_service-1      | Reserved aircraft: 3 at MV_PARK17. Time: 195518.0
rl-uam-framework-vertisim_service-1      | Charging truncation: Aircraft 1 at SFO will not charge. Initial soc: 100. Final soc level (102). At time 195518.0.
rl-uam-framework-vertisim_service-1      | Simulation Completed. Total time to run: 0.42 seconds
rl-uam-framework-rl_algorithm-1          | RL called reset
rl-uam-framework-vertisim_service-1      | Applying action: [1, 1, 2, 1]
rl-uam-framework-vertisim_service-1      | Reserved aircraft: 2 at MV_PARK18. Time: 0
rl-uam-framework-vertisim_service-1      | Charging truncation: Aircraft 0 at SFO will not charge. Initial soc: 100. Final soc level (102). At time 0.
rl-uam-framework-vertisim_service-1      | Simulation Completed. Total time to run: 0.51 seconds
rl-uam-framework-rl_algorithm-1          | RL called reset
rl-uam-framework-vertisim_service-1      | Applying action: [0, 1, 2, 1]
rl-uam-framework-vertisim_service-1      | Reserved aircraft: 2 at MV_PARK18. Time: 0
rl-uam-framework-vertisim_service-1      | Charging truncation: Aircraft 1 at SFO will not charge. Initial soc: 100. Final soc level (102). At time 0.
rl-uam-framework-vertisim_service-1      | Simulation Completed. Total time to run: 0.42 seconds
rl-uam-framework-rl_algorithm-1          | RL called reset
rl-uam-framework-vertisim_service-1      | Applying action: [1, 0, 1, 0]
rl-uam-framework-vertisim_service-1      | Charging truncation: Aircraft 0 at SFO will not charge. Initial soc: 100. Final soc level (102). At time 0.
rl-uam-framework-vertisim_service-1      | Simulation Completed. Total time to run: 0.58 seconds
rl-uam-framework-rl_algorithm-1          | RL called reset
rl-uam-framework-vertisim_service-1      | Applying action: [1, 1, 2, 0]
rl-uam-framework-vertisim_service-1      | Reserved aircraft: 2 at MV_PARK18. Time: 0
rl-uam-framework-rl_algorithm-1          | RL called reset
rl-uam-framework-vertisim_service-1      | Charging truncation: Aircraft 0 at SFO will not charge. Initial soc: 100. Final soc level (102). At time 0.
rl-uam-framework-vertisim_service-1      | Simulation Completed. Total time to run: 0.59 seconds
rl-uam-framework-vertisim_service-1      | Applying action: [0, 1, 0, 1]
rl-uam-framework-vertisim_service-1      | Charging truncation: Aircraft 1 at SFO will not charge. Initial soc: 100. Final soc level (102). At time 0.
rl-uam-framework-vertisim_service-1      | Simulation Completed. Total time to run: 0.44 seconds
rl-uam-framework-rl_algorithm-1          | RL called reset
rl-uam-framework-vertisim_service-1      | Applying action: [1, 1, 0, 0]
rl-uam-framework-vertisim_service-1      | Charging truncation: Aircraft 0 at SFO will not charge. Initial soc: 100. Final soc level (102). At time 0.
rl-uam-framework-vertisim_service-1      | Simulation Completed. Total time to run: 0.39 seconds
rl-uam-framework-rl_algorithm-1          | RL called reset
rl-uam-framework-vertisim_service-1      | Applying action: [0, 1, 1, 1]
rl-uam-framework-vertisim_service-1      | Charging truncation: Aircraft 1 at SFO will not charge. Initial soc: 100. Final soc level (102). At time 0.
rl-uam-framework-vertisim_service-1      | Simulation Completed. Total time to run: 0.37 seconds
rl-uam-framework-rl_algorithm-1          | RL called reset
rl-uam-framework-vertisim_service-1      | Applying action: [2, 1, 1, 0]
rl-uam-framework-vertisim_service-1      | Reserved aircraft: 0 at SFO_PARK18. Time: 0
rl-uam-framework-vertisim_service-1      | Charging truncation: Aircraft 1 at SFO will not charge. Initial soc: 100. Final soc level (102). At time 0.
rl-uam-framework-vertisim_service-1      | Simulation Completed. Total time to run: 0.41 seconds
rl-uam-framework-rl_algorithm-1          | RL called reset
rl-uam-framework-vertisim_service-1      | Applying action: [0, 2, 0, 1]
rl-uam-framework-vertisim_service-1      | Reserved aircraft: 1 at SFO_PARK17. Time: 0
rl-uam-framework-vertisim_service-1      | Charging truncation: Aircraft 3 at MV will not charge. Initial soc: 100. Final soc level (102). At time 0.
rl-uam-framework-vertisim_service-1      | Simulation Completed. Total time to run: 0.38 seconds
rl-uam-framework-rl_algorithm-1          | RL called reset
rl-uam-framework-vertisim_service-1      | Applying action: [1, 2, 0, 1]
rl-uam-framework-vertisim_service-1      | Reserved aircraft: 1 at SFO_PARK17. Time: 0
rl-uam-framework-vertisim_service-1      | Charging truncation: Aircraft 0 at SFO will not charge. Initial soc: 100. Final soc level (102). At time 0.
rl-uam-framework-vertisim_service-1      | Simulation Completed. Total time to run: 0.37 seconds
rl-uam-framework-rl_algorithm-1          | RL called reset
rl-uam-framework-vertisim_service-1      | Applying action: [2, 0, 0, 0]
rl-uam-framework-vertisim_service-1      | Reserved aircraft: 0 at SFO_PARK18. Time: 0
rl-uam-framework-vertisim_service-1      | Applying action: [1, 0, 1, 0]
rl-uam-framework-vertisim_service-1      | Truncation: Aircraft 0 at SFO_departure_fix is not in available the list: [2, 3]. 
rl-uam-framework-vertisim_service-1      | Simulation Completed. Total time to run: 0.43 seconds
rl-uam-framework-rl_algorithm-1          | RL called reset
rl-uam-framework-vertisim_service-1      | Applying action: [1, 0, 1, 1]
rl-uam-framework-vertisim_service-1      | Charging truncation: Aircraft 0 at SFO will not charge. Initial soc: 100. Final soc level (102). At time 0.
rl-uam-framework-vertisim_service-1      | Simulation Completed. Total time to run: 0.36 seconds
rl-uam-framework-rl_algorithm-1          | RL called reset
rl-uam-framework-vertisim_service-1      | Applying action: [2, 1, 0, 1]
rl-uam-framework-vertisim_service-1      | Reserved aircraft: 0 at SFO_PARK18. Time: 0
rl-uam-framework-vertisim_service-1      | Charging truncation: Aircraft 1 at SFO will not charge. Initial soc: 100. Final soc level (102). At time 0.
rl-uam-framework-vertisim_service-1      | Simulation Completed. Total time to run: 0.43 seconds
rl-uam-framework-rl_algorithm-1          | RL called reset
rl-uam-framework-vertisim_service-1      | Applying action: [1, 0, 0, 2]
rl-uam-framework-vertisim_service-1      | Reserved aircraft: 3 at MV_PARK17. Time: 0
rl-uam-framework-vertisim_service-1      | Charging truncation: Aircraft 0 at SFO will not charge. Initial soc: 100. Final soc level (102). At time 0.
rl-uam-framework-vertisim_service-1      | Simulation Completed. Total time to run: 0.44 seconds
rl-uam-framework-rl_algorithm-1          | RL called reset
rl-uam-framework-vertisim_service-1      | Applying action: [1, 1, 1, 1]
rl-uam-framework-vertisim_service-1      | Charging truncation: Aircraft 0 at SFO will not charge. Initial soc: 100. Final soc level (102). At time 0.
rl-uam-framework-vertisim_service-1      | Simulation Completed. Total time to run: 0.38 seconds
rl-uam-framework-rl_algorithm-1          | RL called reset
rl-uam-framework-vertisim_service-1      | Applying action: [1, 1, 0, 2]
rl-uam-framework-vertisim_service-1      | Reserved aircraft: 3 at MV_PARK17. Time: 0
rl-uam-framework-vertisim_service-1      | Charging truncation: Aircraft 0 at SFO will not charge. Initial soc: 100. Final soc level (102). At time 0.
rl-uam-framework-vertisim_service-1      | Simulation Completed. Total time to run: 0.38 seconds
rl-uam-framework-rl_algorithm-1          | RL called reset
rl-uam-framework-vertisim_service-1      | Applying action: [1, 2, 1, 2]
rl-uam-framework-vertisim_service-1      | Reserved aircraft: 1 at SFO_PARK17. Time: 0
rl-uam-framework-vertisim_service-1      | Reserved aircraft: 3 at MV_PARK17. Time: 0
rl-uam-framework-vertisim_service-1      | Charging truncation: Aircraft 0 at SFO will not charge. Initial soc: 100. Final soc level (102). At time 0.
rl-uam-framework-vertisim_service-1      | Simulation Completed. Total time to run: 0.38 seconds
rl-uam-framework-rl_algorithm-1          | RL called reset
rl-uam-framework-vertisim_service-1      | Applying action: [2, 1, 2, 1]
rl-uam-framework-vertisim_service-1      | Reserved aircraft: 0 at SFO_PARK18. Time: 0
rl-uam-framework-vertisim_service-1      | Reserved aircraft: 2 at MV_PARK18. Time: 0
rl-uam-framework-vertisim_service-1      | Charging truncation: Aircraft 1 at SFO will not charge. Initial soc: 100. Final soc level (102). At time 0.
rl-uam-framework-vertisim_service-1      | Simulation Completed. Total time to run: 0.4 seconds
rl-uam-framework-rl_algorithm-1          | RL called reset
rl-uam-framework-vertisim_service-1      | Applying action: [1, 1, 1, 1]
rl-uam-framework-vertisim_service-1      | Charging truncation: Aircraft 0 at SFO will not charge. Initial soc: 100. Final soc level (102). At time 0.
rl-uam-framework-vertisim_service-1      | Simulation Completed. Total time to run: 0.37 seconds
rl-uam-framework-rl_algorithm-1          | RL called reset
rl-uam-framework-vertisim_service-1      | Applying action: [2, 1, 1, 1]
rl-uam-framework-vertisim_service-1      | Reserved aircraft: 0 at SFO_PARK18. Time: 0
rl-uam-framework-vertisim_service-1      | Charging truncation: Aircraft 1 at SFO will not charge. Initial soc: 100. Final soc level (102). At time 0.
rl-uam-framework-vertisim_service-1      | Simulation Completed. Total time to run: 0.36 seconds
rl-uam-framework-rl_algorithm-1          | RL called reset
rl-uam-framework-vertisim_service-1      | Applying action: [0, 2, 0, 2]
rl-uam-framework-vertisim_service-1      | Reserved aircraft: 1 at SFO_PARK17. Time: 0
rl-uam-framework-vertisim_service-1      | Reserved aircraft: 3 at MV_PARK17. Time: 0
rl-uam-framework-vertisim_service-1      | Applying action: [1, 1, 1, 0]
rl-uam-framework-vertisim_service-1      | Truncation: Aircraft 1 at SFO_departure_fix is not in available the list: [2]. 
rl-uam-framework-vertisim_service-1      | Simulation Completed. Total time to run: 1.74 seconds
rl-uam-framework-rl_algorithm-1          | RL called reset
rl-uam-framework-vertisim_service-1      | Applying action: [0, 0, 2, 0]
rl-uam-framework-vertisim_service-1      | Reserved aircraft: 2 at MV_PARK18. Time: 0
rl-uam-framework-vertisim_service-1      | Applying action: [0, 0, 2, 0]
rl-uam-framework-vertisim_service-1      | Applying truncation. Aircraft 2 is not idling at the vertiport SFO. Aircraft location: MV_departure_fix. Status: AircraftStatus.FLY. Current time: 195518.0
rl-uam-framework-vertisim_service-1      | Simulation Completed. Total time to run: 0.36 seconds
rl-uam-framework-rl_algorithm-1          | RL called reset
rl-uam-framework-vertisim_service-1      | Applying action: [0, 0, 1, 1]
rl-uam-framework-vertisim_service-1      | Charging truncation: Aircraft 2 at MV will not charge. Initial soc: 100. Final soc level (102). At time 0.
rl-uam-framework-vertisim_service-1      | Simulation Completed. Total time to run: 0.38 seconds
rl-uam-framework-rl_algorithm-1          | RL called reset
rl-uam-framework-vertisim_service-1      | Applying action: [0, 1, 1, 1]
rl-uam-framework-vertisim_service-1      | Charging truncation: Aircraft 1 at SFO will not charge. Initial soc: 100. Final soc level (102). At time 0.
rl-uam-framework-vertisim_service-1      | Simulation Completed. Total time to run: 0.35 seconds
rl-uam-framework-rl_algorithm-1          | RL called reset
rl-uam-framework-vertisim_service-1      | Applying action: [1, 1, 2, 2]
rl-uam-framework-vertisim_service-1      | Reserved aircraft: 2 at MV_PARK18. Time: 0
rl-uam-framework-vertisim_service-1      | Reserved aircraft: 3 at MV_PARK17. Time: 0
rl-uam-framework-vertisim_service-1      | Charging truncation: Aircraft 0 at SFO will not charge. Initial soc: 100. Final soc level (102). At time 0.
rl-uam-framework-vertisim_service-1      | Simulation Completed. Total time to run: 0.39 seconds
rl-uam-framework-rl_algorithm-1          | RL called reset
rl-uam-framework-vertisim_service-1      | Applying action: [1, 2, 1, 2]
rl-uam-framework-vertisim_service-1      | Reserved aircraft: 1 at SFO_PARK17. Time: 0
rl-uam-framework-vertisim_service-1      | Reserved aircraft: 3 at MV_PARK17. Time: 0
rl-uam-framework-vertisim_service-1      | Charging truncation: Aircraft 0 at SFO will not charge. Initial soc: 100. Final soc level (102). At time 0.
rl-uam-framework-vertisim_service-1      | Simulation Completed. Total time to run: 0.36 seconds
rl-uam-framework-rl_algorithm-1          | RL called reset
rl-uam-framework-vertisim_service-1      | Applying action: [0, 1, 1, 1]
rl-uam-framework-vertisim_service-1      | Charging truncation: Aircraft 1 at SFO will not charge. Initial soc: 100. Final soc level (102). At time 0.
rl-uam-framework-vertisim_service-1      | Simulation Completed. Total time to run: 0.37 seconds
rl-uam-framework-rl_algorithm-1          | RL called reset
rl-uam-framework-vertisim_service-1      | Applying action: [1, 1, 0, 0]
rl-uam-framework-vertisim_service-1      | Charging truncation: Aircraft 0 at SFO will not charge. Initial soc: 100. Final soc level (102). At time 0.
rl-uam-framework-vertisim_service-1      | Simulation Completed. Total time to run: 0.49 seconds
rl-uam-framework-rl_algorithm-1          | RL called reset
rl-uam-framework-vertisim_service-1      | Applying action: [0, 2, 0, 1]
rl-uam-framework-vertisim_service-1      | Reserved aircraft: 1 at SFO_PARK17. Time: 0
rl-uam-framework-vertisim_service-1      | Charging truncation: Aircraft 3 at MV will not charge. Initial soc: 100. Final soc level (102). At time 0.
rl-uam-framework-vertisim_service-1      | Simulation Completed. Total time to run: 0.5 seconds
rl-uam-framework-rl_algorithm-1          | RL called reset
rl-uam-framework-vertisim_service-1      | Applying action: [0, 2, 1, 1]
rl-uam-framework-vertisim_service-1      | Reserved aircraft: 1 at SFO_PARK17. Time: 0
rl-uam-framework-vertisim_service-1      | Charging truncation: Aircraft 2 at MV will not charge. Initial soc: 100. Final soc level (102). At time 0.
rl-uam-framework-vertisim_service-1      | Simulation Completed. Total time to run: 0.36 seconds
rl-uam-framework-rl_algorithm-1          | RL called reset
rl-uam-framework-vertisim_service-1      | Applying action: [0, 2, 1, 2]
rl-uam-framework-vertisim_service-1      | Reserved aircraft: 1 at SFO_PARK17. Time: 0
rl-uam-framework-vertisim_service-1      | Reserved aircraft: 3 at MV_PARK17. Time: 0
rl-uam-framework-vertisim_service-1      | Charging truncation: Aircraft 2 at MV will not charge. Initial soc: 100. Final soc level (102). At time 0.
rl-uam-framework-vertisim_service-1      | Simulation Completed. Total time to run: 0.57 seconds
rl-uam-framework-rl_algorithm-1          | RL called reset
rl-uam-framework-vertisim_service-1      | Applying action: [1, 0, 0, 1]
rl-uam-framework-vertisim_service-1      | Charging truncation: Aircraft 0 at SFO will not charge. Initial soc: 100. Final soc level (102). At time 0.
rl-uam-framework-vertisim_service-1      | Simulation Completed. Total time to run: 0.5 seconds
rl-uam-framework-rl_algorithm-1          | RL called reset
rl-uam-framework-vertisim_service-1      | Applying action: [0, 2, 1, 0]
rl-uam-framework-vertisim_service-1      | Reserved aircraft: 1 at SFO_PARK17. Time: 0
rl-uam-framework-vertisim_service-1      | Charging truncation: Aircraft 2 at MV will not charge. Initial soc: 100. Final soc level (102). At time 0.
rl-uam-framework-vertisim_service-1      | Simulation Completed. Total time to run: 0.36 seconds
rl-uam-framework-rl_algorithm-1          | RL called reset
rl-uam-framework-vertisim_service-1      | Applying action: [2, 0, 0, 2]
rl-uam-framework-vertisim_service-1      | Reserved aircraft: 0 at SFO_PARK18. Time: 0
rl-uam-framework-vertisim_service-1      | Reserved aircraft: 3 at MV_PARK17. Time: 0
rl-uam-framework-vertisim_service-1      | Applying action: [2, 2, 2, 1]
rl-uam-framework-vertisim_service-1      | Applying truncation. Aircraft 0 is not idling at the vertiport MV. Aircraft location: SFO_departure_fix. Status: AircraftStatus.FLY. Current time: 195518.0
rl-uam-framework-vertisim_service-1      | Simulation Completed. Total time to run: 0.41 seconds
rl-uam-framework-rl_algorithm-1          | RL called reset
rl-uam-framework-vertisim_service-1      | Applying action: [1, 1, 1, 0]
rl-uam-framework-vertisim_service-1      | Charging truncation: Aircraft 0 at SFO will not charge. Initial soc: 100. Final soc level (102). At time 0.
rl-uam-framework-vertisim_service-1      | Simulation Completed. Total time to run: 0.37 seconds
rl-uam-framework-rl_algorithm-1          | RL called reset
rl-uam-framework-vertisim_service-1      | Applying action: [0, 0, 1, 0]
rl-uam-framework-vertisim_service-1      | Charging truncation: Aircraft 2 at MV will not charge. Initial soc: 100. Final soc level (102). At time 0.
rl-uam-framework-vertisim_service-1      | Simulation Completed. Total time to run: 0.34 seconds
rl-uam-framework-rl_algorithm-1          | RL called reset
rl-uam-framework-vertisim_service-1      | Applying action: [1, 1, 0, 2]
rl-uam-framework-vertisim_service-1      | Reserved aircraft: 3 at MV_PARK17. Time: 0
rl-uam-framework-vertisim_service-1      | Charging truncation: Aircraft 0 at SFO will not charge. Initial soc: 100. Final soc level (102). At time 0.
rl-uam-framework-vertisim_service-1      | Simulation Completed. Total time to run: 0.38 seconds
rl-uam-framework-rl_algorithm-1          | RL called reset
rl-uam-framework-vertisim_service-1      | Applying action: [0, 0, 1, 0]
rl-uam-framework-vertisim_service-1      | Charging truncation: Aircraft 2 at MV will not charge. Initial soc: 100. Final soc level (102). At time 0.
rl-uam-framework-vertisim_service-1      | Simulation Completed. Total time to run: 0.36 seconds
rl-uam-framework-rl_algorithm-1          | RL called reset
rl-uam-framework-vertisim_service-1      | Applying action: [2, 0, 1, 0]
rl-uam-framework-vertisim_service-1      | Reserved aircraft: 0 at SFO_PARK18. Time: 0
rl-uam-framework-vertisim_service-1      | Charging truncation: Aircraft 2 at MV will not charge. Initial soc: 100. Final soc level (102). At time 0.
rl-uam-framework-vertisim_service-1      | Simulation Completed. Total time to run: 0.36 seconds
rl-uam-framework-rl_algorithm-1          | RL called reset
rl-uam-framework-vertisim_service-1      | Applying action: [2, 1, 0, 2]
rl-uam-framework-vertisim_service-1      | Reserved aircraft: 0 at SFO_PARK18. Time: 0
rl-uam-framework-vertisim_service-1      | Reserved aircraft: 3 at MV_PARK17. Time: 0
rl-uam-framework-vertisim_service-1      | Charging truncation: Aircraft 1 at SFO will not charge. Initial soc: 100. Final soc level (102). At time 0.
rl-uam-framework-vertisim_service-1      | Simulation Completed. Total time to run: 0.35 seconds
rl-uam-framework-rl_algorithm-1          | RL called reset
rl-uam-framework-vertisim_service-1      | Applying action: [1, 1, 0, 1]
rl-uam-framework-vertisim_service-1      | Charging truncation: Aircraft 0 at SFO will not charge. Initial soc: 100. Final soc level (102). At time 0.
rl-uam-framework-vertisim_service-1      | Simulation Completed. Total time to run: 0.35 seconds
rl-uam-framework-rl_algorithm-1          | RL called reset
rl-uam-framework-vertisim_service-1      | Applying action: [1, 1, 2, 1]
rl-uam-framework-vertisim_service-1      | Reserved aircraft: 2 at MV_PARK18. Time: 0
rl-uam-framework-vertisim_service-1      | Charging truncation: Aircraft 0 at SFO will not charge. Initial soc: 100. Final soc level (102). At time 0.
rl-uam-framework-vertisim_service-1      | Simulation Completed. Total time to run: 0.34 seconds
rl-uam-framework-rl_algorithm-1          | RL called reset
rl-uam-framework-vertisim_service-1      | Applying action: [1, 2, 0, 1]
rl-uam-framework-vertisim_service-1      | Reserved aircraft: 1 at SFO_PARK17. Time: 0
rl-uam-framework-vertisim_service-1      | Charging truncation: Aircraft 0 at SFO will not charge. Initial soc: 100. Final soc level (102). At time 0.
rl-uam-framework-vertisim_service-1      | Simulation Completed. Total time to run: 0.36 seconds
rl-uam-framework-rl_algorithm-1          | RL called reset
rl-uam-framework-vertisim_service-1      | Applying action: [0, 0, 0, 2]
rl-uam-framework-vertisim_service-1      | Reserved aircraft: 3 at MV_PARK17. Time: 0
rl-uam-framework-vertisim_service-1      | Passenger 2 entered the waiting room at MV. Currently waiting passengers: [0, 1, 2]. Time (sec): 137
rl-uam-framework-vertisim_service-1      | Applying action: [1, 0, 1, 0]
rl-uam-framework-vertisim_service-1      | Charging truncation: Aircraft 0 at SFO will not charge. Initial soc: 100. Final soc level (102). At time 136777.93.
rl-uam-framework-vertisim_service-1      | Simulation Completed. Total time to run: 0.4 seconds
rl-uam-framework-rl_algorithm-1          | RL called reset
rl-uam-framework-vertisim_service-1      | Applying action: [2, 0, 0, 1]
rl-uam-framework-vertisim_service-1      | Reserved aircraft: 0 at SFO_PARK18. Time: 0
rl-uam-framework-vertisim_service-1      | Charging truncation: Aircraft 3 at MV will not charge. Initial soc: 100. Final soc level (102). At time 0.
rl-uam-framework-vertisim_service-1      | Simulation Completed. Total time to run: 0.39 seconds
rl-uam-framework-rl_algorithm-1          | RL called reset
rl-uam-framework-vertisim_service-1      | Applying action: [2, 1, 1, 1]
rl-uam-framework-vertisim_service-1      | Reserved aircraft: 0 at SFO_PARK18. Time: 0
rl-uam-framework-vertisim_service-1      | Charging truncation: Aircraft 1 at SFO will not charge. Initial soc: 100. Final soc level (102). At time 0.
rl-uam-framework-vertisim_service-1      | Simulation Completed. Total time to run: 0.39 seconds
rl-uam-framework-rl_algorithm-1          | RL called reset
rl-uam-framework-vertisim_service-1      | Applying action: [2, 1, 1, 1]
rl-uam-framework-vertisim_service-1      | Reserved aircraft: 0 at SFO_PARK18. Time: 0
rl-uam-framework-vertisim_service-1      | Charging truncation: Aircraft 1 at SFO will not charge. Initial soc: 100. Final soc level (102). At time 0.
rl-uam-framework-vertisim_service-1      | Simulation Completed. Total time to run: 0.4 seconds
rl-uam-framework-rl_algorithm-1          | RL called reset
rl-uam-framework-vertisim_service-1      | Applying action: [1, 0, 1, 1]
rl-uam-framework-vertisim_service-1      | Charging truncation: Aircraft 0 at SFO will not charge. Initial soc: 100. Final soc level (102). At time 0.
rl-uam-framework-vertisim_service-1      | Simulation Completed. Total time to run: 0.35 seconds
rl-uam-framework-rl_algorithm-1          | RL called reset
rl-uam-framework-vertisim_service-1      | Applying action: [0, 1, 0, 1]
rl-uam-framework-vertisim_service-1      | Charging truncation: Aircraft 1 at SFO will not charge. Initial soc: 100. Final soc level (102). At time 0.
rl-uam-framework-vertisim_service-1      | Simulation Completed. Total time to run: 0.35 seconds
rl-uam-framework-rl_algorithm-1          | RL called reset
rl-uam-framework-vertisim_service-1      | Applying action: [1, 0, 2, 1]
rl-uam-framework-vertisim_service-1      | Reserved aircraft: 2 at MV_PARK18. Time: 0
rl-uam-framework-vertisim_service-1      | Charging truncation: Aircraft 0 at SFO will not charge. Initial soc: 100. Final soc level (102). At time 0.
rl-uam-framework-vertisim_service-1      | Simulation Completed. Total time to run: 0.39 seconds
rl-uam-framework-rl_algorithm-1          | RL called reset
rl-uam-framework-vertisim_service-1      | Applying action: [2, 2, 2, 1]
rl-uam-framework-vertisim_service-1      | Reserved aircraft: 0 at SFO_PARK18. Time: 0
rl-uam-framework-vertisim_service-1      | Reserved aircraft: 1 at SFO_PARK17. Time: 0
rl-uam-framework-vertisim_service-1      | Reserved aircraft: 2 at MV_PARK18. Time: 0
rl-uam-framework-vertisim_service-1      | Charging truncation: Aircraft 3 at MV will not charge. Initial soc: 100. Final soc level (102). At time 0.
rl-uam-framework-vertisim_service-1      | Simulation Completed. Total time to run: 0.37 seconds
rl-uam-framework-rl_algorithm-1          | RL called reset
rl-uam-framework-vertisim_service-1      | Applying action: [2, 0, 2, 1]
rl-uam-framework-vertisim_service-1      | Reserved aircraft: 0 at SFO_PARK18. Time: 0
rl-uam-framework-vertisim_service-1      | Reserved aircraft: 2 at MV_PARK18. Time: 0
rl-uam-framework-vertisim_service-1      | Charging truncation: Aircraft 3 at MV will not charge. Initial soc: 100. Final soc level (102). At time 0.
rl-uam-framework-vertisim_service-1      | Simulation Completed. Total time to run: 0.38 seconds
rl-uam-framework-rl_algorithm-1          | RL called reset
rl-uam-framework-vertisim_service-1      | Applying action: [0, 2, 2, 1]
rl-uam-framework-vertisim_service-1      | Reserved aircraft: 1 at SFO_PARK17. Time: 0
rl-uam-framework-vertisim_service-1      | Reserved aircraft: 2 at MV_PARK18. Time: 0
rl-uam-framework-vertisim_service-1      | Charging truncation: Aircraft 3 at MV will not charge. Initial soc: 100. Final soc level (102). At time 0.
rl-uam-framework-vertisim_service-1      | Simulation Completed. Total time to run: 0.52 seconds
rl-uam-framework-rl_algorithm-1          | RL called reset
rl-uam-framework-vertisim_service-1      | Applying action: [1, 0, 1, 1]
rl-uam-framework-vertisim_service-1      | Charging truncation: Aircraft 0 at SFO will not charge. Initial soc: 100. Final soc level (102). At time 0.
rl-uam-framework-vertisim_service-1      | Simulation Completed. Total time to run: 0.42 seconds
rl-uam-framework-rl_algorithm-1          | RL called reset
rl-uam-framework-vertisim_service-1      | Applying action: [1, 0, 1, 0]
rl-uam-framework-vertisim_service-1      | Charging truncation: Aircraft 0 at SFO will not charge. Initial soc: 100. Final soc level (102). At time 0.
rl-uam-framework-vertisim_service-1      | Simulation Completed. Total time to run: 0.39 seconds
rl-uam-framework-rl_algorithm-1          | RL called reset
rl-uam-framework-vertisim_service-1      | Applying action: [2, 2, 1, 2]
rl-uam-framework-vertisim_service-1      | Reserved aircraft: 0 at SFO_PARK18. Time: 0
rl-uam-framework-vertisim_service-1      | Reserved aircraft: 1 at SFO_PARK17. Time: 0
rl-uam-framework-vertisim_service-1      | Reserved aircraft: 3 at MV_PARK17. Time: 0
rl-uam-framework-vertisim_service-1      | Charging truncation: Aircraft 2 at MV will not charge. Initial soc: 100. Final soc level (102). At time 0.
rl-uam-framework-vertisim_service-1      | Simulation Completed. Total time to run: 0.54 seconds
rl-uam-framework-rl_algorithm-1          | RL called reset
rl-uam-framework-vertisim_service-1      | Applying action: [2, 2, 0, 2]
rl-uam-framework-vertisim_service-1      | Reserved aircraft: 0 at SFO_PARK18. Time: 0
rl-uam-framework-vertisim_service-1      | Reserved aircraft: 1 at SFO_PARK17. Time: 0
rl-uam-framework-vertisim_service-1      | Reserved aircraft: 3 at MV_PARK17. Time: 0
rl-uam-framework-vertisim_service-1      | Applying action: [1, 0, 2, 2]
rl-uam-framework-vertisim_service-1      | Truncation: Aircraft 0 at SFO_departure_fix is not in available the list: [2]. 
rl-uam-framework-vertisim_service-1      | Simulation Completed. Total time to run: 0.42 seconds
rl-uam-framework-rl_algorithm-1          | RL called reset
rl-uam-framework-vertisim_service-1      | Applying action: [0, 0, 0, 1]
rl-uam-framework-vertisim_service-1      | Charging truncation: Aircraft 3 at MV will not charge. Initial soc: 100. Final soc level (102). At time 0.
rl-uam-framework-vertisim_service-1      | Simulation Completed. Total time to run: 0.45 seconds
rl-uam-framework-rl_algorithm-1          | RL called reset
rl-uam-framework-vertisim_service-1      | Applying action: [2, 2, 1, 0]
rl-uam-framework-vertisim_service-1      | Reserved aircraft: 0 at SFO_PARK18. Time: 0
rl-uam-framework-vertisim_service-1      | Reserved aircraft: 1 at SFO_PARK17. Time: 0
rl-uam-framework-vertisim_service-1      | Charging truncation: Aircraft 2 at MV will not charge. Initial soc: 100. Final soc level (102). At time 0.
rl-uam-framework-vertisim_service-1      | Simulation Completed. Total time to run: 0.37 seconds
rl-uam-framework-rl_algorithm-1          | RL called reset
rl-uam-framework-vertisim_service-1      | Applying action: [1, 1, 1, 1]
rl-uam-framework-vertisim_service-1      | Charging truncation: Aircraft 0 at SFO will not charge. Initial soc: 100. Final soc level (102). At time 0.
rl-uam-framework-vertisim_service-1      | Simulation Completed. Total time to run: 0.35 seconds
rl-uam-framework-rl_algorithm-1          | RL called reset
rl-uam-framework-vertisim_service-1      | Applying action: [0, 2, 2, 2]
rl-uam-framework-vertisim_service-1      | Reserved aircraft: 1 at SFO_PARK17. Time: 0
rl-uam-framework-vertisim_service-1      | Reserved aircraft: 2 at MV_PARK18. Time: 0
rl-uam-framework-vertisim_service-1      | Reserved aircraft: 3 at MV_PARK17. Time: 0
rl-uam-framework-vertisim_service-1      | Applying action: [1, 2, 1, 2]
rl-uam-framework-vertisim_service-1      | Applying truncation. Aircraft 1 is not idling at the vertiport MV. Aircraft location: SFO_departure_fix. Status: AircraftStatus.FLY. Current time: 195518.0
rl-uam-framework-vertisim_service-1      | Simulation Completed. Total time to run: 0.39 seconds
rl-uam-framework-rl_algorithm-1          | RL called reset
rl-uam-framework-vertisim_service-1      | Applying action: [2, 2, 2, 1]
rl-uam-framework-vertisim_service-1      | Reserved aircraft: 0 at SFO_PARK18. Time: 0
rl-uam-framework-vertisim_service-1      | Reserved aircraft: 1 at SFO_PARK17. Time: 0
rl-uam-framework-vertisim_service-1      | Reserved aircraft: 2 at MV_PARK18. Time: 0
rl-uam-framework-vertisim_service-1      | Charging truncation: Aircraft 3 at MV will not charge. Initial soc: 100. Final soc level (102). At time 0.
rl-uam-framework-vertisim_service-1      | Simulation Completed. Total time to run: 0.38 seconds
rl-uam-framework-rl_algorithm-1          | RL called reset
rl-uam-framework-vertisim_service-1      | Applying action: [2, 1, 1, 1]
rl-uam-framework-vertisim_service-1      | Reserved aircraft: 0 at SFO_PARK18. Time: 0
rl-uam-framework-vertisim_service-1      | Charging truncation: Aircraft 1 at SFO will not charge. Initial soc: 100. Final soc level (102). At time 0.
rl-uam-framework-vertisim_service-1      | Simulation Completed. Total time to run: 0.36 seconds
rl-uam-framework-rl_algorithm-1          | RL called reset
rl-uam-framework-vertisim_service-1      | Applying action: [1, 0, 0, 2]
rl-uam-framework-vertisim_service-1      | Reserved aircraft: 3 at MV_PARK17. Time: 0
rl-uam-framework-vertisim_service-1      | Charging truncation: Aircraft 0 at SFO will not charge. Initial soc: 100. Final soc level (102). At time 0.
rl-uam-framework-vertisim_service-1      | Simulation Completed. Total time to run: 0.36 seconds
rl-uam-framework-rl_algorithm-1          | RL called reset
rl-uam-framework-vertisim_service-1      | Applying action: [1, 0, 0, 2]
rl-uam-framework-vertisim_service-1      | Reserved aircraft: 3 at MV_PARK17. Time: 0
rl-uam-framework-vertisim_service-1      | Charging truncation: Aircraft 0 at SFO will not charge. Initial soc: 100. Final soc level (102). At time 0.
rl-uam-framework-vertisim_service-1      | Simulation Completed. Total time to run: 0.35 seconds
rl-uam-framework-rl_algorithm-1          | RL called reset
rl-uam-framework-vertisim_service-1      | Applying action: [1, 2, 2, 2]
rl-uam-framework-vertisim_service-1      | Reserved aircraft: 1 at SFO_PARK17. Time: 0
rl-uam-framework-vertisim_service-1      | Reserved aircraft: 2 at MV_PARK18. Time: 0
rl-uam-framework-vertisim_service-1      | Reserved aircraft: 3 at MV_PARK17. Time: 0
rl-uam-framework-vertisim_service-1      | Charging truncation: Aircraft 0 at SFO will not charge. Initial soc: 100. Final soc level (102). At time 0.
rl-uam-framework-vertisim_service-1      | Simulation Completed. Total time to run: 0.38 seconds
rl-uam-framework-rl_algorithm-1          | RL called reset
rl-uam-framework-vertisim_service-1      | Applying action: [1, 0, 0, 0]
rl-uam-framework-vertisim_service-1      | Charging truncation: Aircraft 0 at SFO will not charge. Initial soc: 100. Final soc level (102). At time 0.
rl-uam-framework-vertisim_service-1      | Simulation Completed. Total time to run: 0.36 seconds
rl-uam-framework-rl_algorithm-1          | RL called reset
rl-uam-framework-vertisim_service-1      | Applying action: [2, 2, 1, 0]
rl-uam-framework-vertisim_service-1      | Reserved aircraft: 0 at SFO_PARK18. Time: 0
rl-uam-framework-vertisim_service-1      | Reserved aircraft: 1 at SFO_PARK17. Time: 0
rl-uam-framework-vertisim_service-1      | Charging truncation: Aircraft 2 at MV will not charge. Initial soc: 100. Final soc level (102). At time 0.
rl-uam-framework-vertisim_service-1      | Simulation Completed. Total time to run: 0.39 seconds
rl-uam-framework-rl_algorithm-1          | RL called reset
rl-uam-framework-vertisim_service-1      | Applying action: [2, 2, 0, 1]
rl-uam-framework-vertisim_service-1      | Reserved aircraft: 0 at SFO_PARK18. Time: 0
rl-uam-framework-vertisim_service-1      | Reserved aircraft: 1 at SFO_PARK17. Time: 0
rl-uam-framework-vertisim_service-1      | Charging truncation: Aircraft 3 at MV will not charge. Initial soc: 100. Final soc level (102). At time 0.
rl-uam-framework-vertisim_service-1      | Simulation Completed. Total time to run: 0.36 seconds
rl-uam-framework-rl_algorithm-1          | RL called reset
rl-uam-framework-vertisim_service-1      | Applying action: [2, 0, 1, 1]
rl-uam-framework-vertisim_service-1      | Reserved aircraft: 0 at SFO_PARK18. Time: 0
rl-uam-framework-vertisim_service-1      | Charging truncation: Aircraft 2 at MV will not charge. Initial soc: 100. Final soc level (102). At time 0.
rl-uam-framework-vertisim_service-1      | Simulation Completed. Total time to run: 0.37 seconds
rl-uam-framework-rl_algorithm-1          | RL called reset
rl-uam-framework-vertisim_service-1      | Applying action: [0, 0, 1, 0]
rl-uam-framework-vertisim_service-1      | Charging truncation: Aircraft 2 at MV will not charge. Initial soc: 100. Final soc level (102). At time 0.
rl-uam-framework-vertisim_service-1      | Simulation Completed. Total time to run: 0.32 seconds
rl-uam-framework-rl_algorithm-1          | RL called reset
rl-uam-framework-vertisim_service-1      | Applying action: [2, 2, 0, 2]
rl-uam-framework-vertisim_service-1      | Reserved aircraft: 0 at SFO_PARK18. Time: 0
rl-uam-framework-vertisim_service-1      | Reserved aircraft: 1 at SFO_PARK17. Time: 0
rl-uam-framework-vertisim_service-1      | Reserved aircraft: 3 at MV_PARK17. Time: 0
rl-uam-framework-vertisim_service-1      | Applying action: [2, 1, 2, 2]
rl-uam-framework-vertisim_service-1      | Applying truncation. Aircraft 0 is not idling at the vertiport MV. Aircraft location: SFO_departure_fix. Status: AircraftStatus.FLY. Current time: 195518.0
rl-uam-framework-vertisim_service-1      | Simulation Completed. Total time to run: 0.36 seconds
rl-uam-framework-rl_algorithm-1          | RL called reset
rl-uam-framework-vertisim_service-1      | Applying action: [2, 0, 2, 1]
rl-uam-framework-vertisim_service-1      | Reserved aircraft: 0 at SFO_PARK18. Time: 0
rl-uam-framework-vertisim_service-1      | Reserved aircraft: 2 at MV_PARK18. Time: 0
rl-uam-framework-vertisim_service-1      | Charging truncation: Aircraft 3 at MV will not charge. Initial soc: 100. Final soc level (102). At time 0.
rl-uam-framework-vertisim_service-1      | Simulation Completed. Total time to run: 0.37 seconds
rl-uam-framework-rl_algorithm-1          | RL called reset
rl-uam-framework-vertisim_service-1      | Applying action: [2, 0, 0, 1]
rl-uam-framework-vertisim_service-1      | Reserved aircraft: 0 at SFO_PARK18. Time: 0
rl-uam-framework-vertisim_service-1      | Charging truncation: Aircraft 3 at MV will not charge. Initial soc: 100. Final soc level (102). At time 0.
rl-uam-framework-vertisim_service-1      | Simulation Completed. Total time to run: 0.38 seconds
rl-uam-framework-rl_algorithm-1          | RL called reset
rl-uam-framework-vertisim_service-1      | Applying action: [1, 0, 0, 1]
rl-uam-framework-vertisim_service-1      | Charging truncation: Aircraft 0 at SFO will not charge. Initial soc: 100. Final soc level (102). At time 0.
rl-uam-framework-vertisim_service-1      | Simulation Completed. Total time to run: 0.35 seconds
rl-uam-framework-rl_algorithm-1          | RL called reset
rl-uam-framework-vertisim_service-1      | Applying action: [2, 1, 1, 2]
rl-uam-framework-vertisim_service-1      | Reserved aircraft: 0 at SFO_PARK18. Time: 0
rl-uam-framework-vertisim_service-1      | Reserved aircraft: 3 at MV_PARK17. Time: 0
rl-uam-framework-vertisim_service-1      | Charging truncation: Aircraft 1 at SFO will not charge. Initial soc: 100. Final soc level (102). At time 0.
rl-uam-framework-vertisim_service-1      | Simulation Completed. Total time to run: 0.36 seconds
rl-uam-framework-rl_algorithm-1          | RL called reset
rl-uam-framework-vertisim_service-1      | Applying action: [1, 2, 2, 0]
rl-uam-framework-vertisim_service-1      | Reserved aircraft: 1 at SFO_PARK17. Time: 0
rl-uam-framework-vertisim_service-1      | Reserved aircraft: 2 at MV_PARK18. Time: 0
rl-uam-framework-vertisim_service-1      | Charging truncation: Aircraft 0 at SFO will not charge. Initial soc: 100. Final soc level (102). At time 0.
rl-uam-framework-vertisim_service-1      | Simulation Completed. Total time to run: 0.39 seconds
rl-uam-framework-rl_algorithm-1          | RL called reset
rl-uam-framework-vertisim_service-1      | Applying action: [1, 0, 2, 1]
rl-uam-framework-vertisim_service-1      | Reserved aircraft: 2 at MV_PARK18. Time: 0
rl-uam-framework-vertisim_service-1      | Charging truncation: Aircraft 0 at SFO will not charge. Initial soc: 100. Final soc level (102). At time 0.
rl-uam-framework-vertisim_service-1      | Simulation Completed. Total time to run: 0.36 seconds
rl-uam-framework-rl_algorithm-1          | RL called reset
rl-uam-framework-vertisim_service-1      | Applying action: [0, 0, 1, 0]
rl-uam-framework-vertisim_service-1      | Charging truncation: Aircraft 2 at MV will not charge. Initial soc: 100. Final soc level (102). At time 0.
rl-uam-framework-vertisim_service-1      | Simulation Completed. Total time to run: 0.36 seconds
rl-uam-framework-rl_algorithm-1          | RL called reset
rl-uam-framework-vertisim_service-1      | Applying action: [1, 2, 0, 1]
rl-uam-framework-vertisim_service-1      | Reserved aircraft: 1 at SFO_PARK17. Time: 0
rl-uam-framework-vertisim_service-1      | Charging truncation: Aircraft 0 at SFO will not charge. Initial soc: 100. Final soc level (102). At time 0.
rl-uam-framework-vertisim_service-1      | Simulation Completed. Total time to run: 0.36 seconds
rl-uam-framework-rl_algorithm-1          | RL called reset
rl-uam-framework-vertisim_service-1      | Applying action: [2, 2, 1, 2]
rl-uam-framework-vertisim_service-1      | Reserved aircraft: 0 at SFO_PARK18. Time: 0
rl-uam-framework-vertisim_service-1      | Reserved aircraft: 1 at SFO_PARK17. Time: 0
rl-uam-framework-vertisim_service-1      | Reserved aircraft: 3 at MV_PARK17. Time: 0
rl-uam-framework-vertisim_service-1      | Charging truncation: Aircraft 2 at MV will not charge. Initial soc: 100. Final soc level (102). At time 0.
rl-uam-framework-vertisim_service-1      | Simulation Completed. Total time to run: 0.38 seconds
rl-uam-framework-rl_algorithm-1          | RL called reset
rl-uam-framework-vertisim_service-1      | Applying action: [1, 1, 2, 1]
rl-uam-framework-vertisim_service-1      | Reserved aircraft: 2 at MV_PARK18. Time: 0
rl-uam-framework-vertisim_service-1      | Charging truncation: Aircraft 0 at SFO will not charge. Initial soc: 100. Final soc level (102). At time 0.
rl-uam-framework-vertisim_service-1      | Simulation Completed. Total time to run: 0.34 seconds
rl-uam-framework-rl_algorithm-1          | RL called reset
rl-uam-framework-vertisim_service-1      | Applying action: [2, 1, 1, 2]
rl-uam-framework-vertisim_service-1      | Reserved aircraft: 0 at SFO_PARK18. Time: 0
rl-uam-framework-vertisim_service-1      | Reserved aircraft: 3 at MV_PARK17. Time: 0
rl-uam-framework-vertisim_service-1      | Charging truncation: Aircraft 1 at SFO will not charge. Initial soc: 100. Final soc level (102). At time 0.
rl-uam-framework-vertisim_service-1      | Simulation Completed. Total time to run: 0.36 seconds
rl-uam-framework-rl_algorithm-1          | RL called reset
rl-uam-framework-vertisim_service-1      | Applying action: [1, 0, 1, 2]
rl-uam-framework-vertisim_service-1      | Reserved aircraft: 3 at MV_PARK17. Time: 0
rl-uam-framework-vertisim_service-1      | Charging truncation: Aircraft 0 at SFO will not charge. Initial soc: 100. Final soc level (102). At time 0.
rl-uam-framework-vertisim_service-1      | Simulation Completed. Total time to run: 0.36 seconds
rl-uam-framework-rl_algorithm-1          | RL called reset
rl-uam-framework-vertisim_service-1      | Applying action: [0, 0, 1, 2]
rl-uam-framework-vertisim_service-1      | Reserved aircraft: 3 at MV_PARK17. Time: 0
rl-uam-framework-vertisim_service-1      | Charging truncation: Aircraft 2 at MV will not charge. Initial soc: 100. Final soc level (102). At time 0.
rl-uam-framework-vertisim_service-1      | Simulation Completed. Total time to run: 0.42 seconds
rl-uam-framework-rl_algorithm-1          | RL called reset
rl-uam-framework-vertisim_service-1      | Applying action: [1, 0, 0, 1]
rl-uam-framework-vertisim_service-1      | Charging truncation: Aircraft 0 at SFO will not charge. Initial soc: 100. Final soc level (102). At time 0.
rl-uam-framework-vertisim_service-1      | Simulation Completed. Total time to run: 0.36 seconds
rl-uam-framework-rl_algorithm-1          | RL called reset
rl-uam-framework-vertisim_service-1      | Applying action: [0, 2, 0, 2]
rl-uam-framework-vertisim_service-1      | Reserved aircraft: 1 at SFO_PARK17. Time: 0
rl-uam-framework-vertisim_service-1      | Reserved aircraft: 3 at MV_PARK17. Time: 0
rl-uam-framework-vertisim_service-1      | Passenger 2 entered the waiting room at SFO. Currently waiting passengers: [0, 1, 2]. Time (sec): 127
rl-uam-framework-vertisim_service-1      | Applying action: [1, 2, 1, 1]
rl-uam-framework-vertisim_service-1      | Applying truncation. Aircraft 1 is not idling at the vertiport MV. Aircraft location: SFO_PARK17. Status: AircraftStatus.FLY. Current time: 126993.76999999999
rl-uam-framework-vertisim_service-1      | Simulation Completed. Total time to run: 0.34 seconds
rl-uam-framework-rl_algorithm-1          | RL called reset
rl-uam-framework-vertisim_service-1      | Applying action: [0, 0, 2, 1]
rl-uam-framework-vertisim_service-1      | Reserved aircraft: 2 at MV_PARK18. Time: 0
rl-uam-framework-vertisim_service-1      | Charging truncation: Aircraft 3 at MV will not charge. Initial soc: 100. Final soc level (102). At time 0.
rl-uam-framework-vertisim_service-1      | Simulation Completed. Total time to run: 0.38 seconds
rl-uam-framework-rl_algorithm-1          | RL called reset
rl-uam-framework-vertisim_service-1      | Applying action: [0, 1, 1, 2]
rl-uam-framework-vertisim_service-1      | Reserved aircraft: 3 at MV_PARK17. Time: 0
rl-uam-framework-vertisim_service-1      | Charging truncation: Aircraft 1 at SFO will not charge. Initial soc: 100. Final soc level (102). At time 0.
rl-uam-framework-vertisim_service-1      | Simulation Completed. Total time to run: 0.37 seconds
rl-uam-framework-rl_algorithm-1          | RL called reset
rl-uam-framework-vertisim_service-1      | Applying action: [1, 1, 0, 1]
rl-uam-framework-vertisim_service-1      | Charging truncation: Aircraft 0 at SFO will not charge. Initial soc: 100. Final soc level (102). At time 0.
rl-uam-framework-vertisim_service-1      | Simulation Completed. Total time to run: 1.99 seconds
rl-uam-framework-rl_algorithm-1          | RL called reset
rl-uam-framework-vertisim_service-1      | Applying action: [2, 1, 2, 0]
rl-uam-framework-vertisim_service-1      | Reserved aircraft: 0 at SFO_PARK18. Time: 0
rl-uam-framework-vertisim_service-1      | Reserved aircraft: 2 at MV_PARK18. Time: 0
rl-uam-framework-vertisim_service-1      | Charging truncation: Aircraft 1 at SFO will not charge. Initial soc: 100. Final soc level (102). At time 0.
rl-uam-framework-vertisim_service-1      | Simulation Completed. Total time to run: 0.39 seconds
rl-uam-framework-rl_algorithm-1          | RL called reset
rl-uam-framework-vertisim_service-1      | Applying action: [1, 2, 0, 1]
rl-uam-framework-vertisim_service-1      | Reserved aircraft: 1 at SFO_PARK17. Time: 0
rl-uam-framework-vertisim_service-1      | Charging truncation: Aircraft 0 at SFO will not charge. Initial soc: 100. Final soc level (102). At time 0.
rl-uam-framework-vertisim_service-1      | Simulation Completed. Total time to run: 0.4 seconds
rl-uam-framework-rl_algorithm-1          | RL called reset
rl-uam-framework-vertisim_service-1      | Applying action: [2, 0, 0, 1]
rl-uam-framework-vertisim_service-1      | Reserved aircraft: 0 at SFO_PARK18. Time: 0
rl-uam-framework-vertisim_service-1      | Charging truncation: Aircraft 3 at MV will not charge. Initial soc: 100. Final soc level (102). At time 0.
rl-uam-framework-vertisim_service-1      | Simulation Completed. Total time to run: 0.36 seconds
rl-uam-framework-rl_algorithm-1          | RL called reset
rl-uam-framework-vertisim_service-1      | Applying action: [1, 0, 0, 1]
rl-uam-framework-vertisim_service-1      | Charging truncation: Aircraft 0 at SFO will not charge. Initial soc: 100. Final soc level (102). At time 0.
rl-uam-framework-vertisim_service-1      | Simulation Completed. Total time to run: 0.39 seconds
rl-uam-framework-rl_algorithm-1          | RL called reset
rl-uam-framework-vertisim_service-1      | Applying action: [0, 0, 0, 1]
rl-uam-framework-vertisim_service-1      | Charging truncation: Aircraft 3 at MV will not charge. Initial soc: 100. Final soc level (102). At time 0.
rl-uam-framework-vertisim_service-1      | Simulation Completed. Total time to run: 0.35 seconds
rl-uam-framework-rl_algorithm-1          | RL called reset
rl-uam-framework-vertisim_service-1      | Applying action: [2, 0, 1, 1]
rl-uam-framework-vertisim_service-1      | Reserved aircraft: 0 at SFO_PARK18. Time: 0
rl-uam-framework-vertisim_service-1      | Charging truncation: Aircraft 2 at MV will not charge. Initial soc: 100. Final soc level (102). At time 0.
rl-uam-framework-vertisim_service-1      | Simulation Completed. Total time to run: 0.35 seconds
rl-uam-framework-rl_algorithm-1          | RL called reset
rl-uam-framework-vertisim_service-1      | Applying action: [0, 2, 0, 1]
rl-uam-framework-vertisim_service-1      | Reserved aircraft: 1 at SFO_PARK17. Time: 0
rl-uam-framework-vertisim_service-1      | Charging truncation: Aircraft 3 at MV will not charge. Initial soc: 100. Final soc level (102). At time 0.
rl-uam-framework-vertisim_service-1      | Simulation Completed. Total time to run: 0.35 seconds
rl-uam-framework-rl_algorithm-1          | RL called reset
rl-uam-framework-vertisim_service-1      | Applying action: [0, 1, 0, 0]
rl-uam-framework-vertisim_service-1      | Charging truncation: Aircraft 1 at SFO will not charge. Initial soc: 100. Final soc level (102). At time 0.
rl-uam-framework-vertisim_service-1      | Simulation Completed. Total time to run: 0.33 seconds
rl-uam-framework-rl_algorithm-1          | RL called reset
rl-uam-framework-vertisim_service-1      | Applying action: [2, 1, 0, 1]
rl-uam-framework-vertisim_service-1      | Reserved aircraft: 0 at SFO_PARK18. Time: 0
rl-uam-framework-vertisim_service-1      | Charging truncation: Aircraft 1 at SFO will not charge. Initial soc: 100. Final soc level (102). At time 0.
rl-uam-framework-vertisim_service-1      | Simulation Completed. Total time to run: 0.37 seconds
rl-uam-framework-rl_algorithm-1          | RL called reset
rl-uam-framework-vertisim_service-1      | Applying action: [0, 0, 2, 2]
rl-uam-framework-vertisim_service-1      | Reserved aircraft: 2 at MV_PARK18. Time: 0
rl-uam-framework-vertisim_service-1      | Reserved aircraft: 3 at MV_PARK17. Time: 0
rl-uam-framework-vertisim_service-1      | Applying action: [2, 2, 2, 1]
rl-uam-framework-vertisim_service-1      | Applying truncation. Aircraft 2 is not idling at the vertiport SFO. Aircraft location: MV_departure_fix. Status: AircraftStatus.FLY. Current time: 195518.0
rl-uam-framework-vertisim_service-1      | Simulation Completed. Total time to run: 0.41 seconds
rl-uam-framework-rl_algorithm-1          | RL called reset
rl-uam-framework-vertisim_service-1      | Applying action: [1, 2, 0, 2]
rl-uam-framework-vertisim_service-1      | Reserved aircraft: 1 at SFO_PARK17. Time: 0
rl-uam-framework-vertisim_service-1      | Reserved aircraft: 3 at MV_PARK17. Time: 0
rl-uam-framework-vertisim_service-1      | Charging truncation: Aircraft 0 at SFO will not charge. Initial soc: 100. Final soc level (102). At time 0.
rl-uam-framework-vertisim_service-1      | Simulation Completed. Total time to run: 0.37 seconds
rl-uam-framework-rl_algorithm-1          | RL called reset
rl-uam-framework-vertisim_service-1      | Applying action: [2, 0, 1, 2]
rl-uam-framework-vertisim_service-1      | Reserved aircraft: 0 at SFO_PARK18. Time: 0
rl-uam-framework-vertisim_service-1      | Reserved aircraft: 3 at MV_PARK17. Time: 0
rl-uam-framework-vertisim_service-1      | Charging truncation: Aircraft 2 at MV will not charge. Initial soc: 100. Final soc level (102). At time 0.
rl-uam-framework-vertisim_service-1      | Simulation Completed. Total time to run: 0.38 seconds
rl-uam-framework-rl_algorithm-1          | RL called reset
rl-uam-framework-vertisim_service-1      | Applying action: [0, 0, 0, 1]
rl-uam-framework-vertisim_service-1      | Charging truncation: Aircraft 3 at MV will not charge. Initial soc: 100. Final soc level (102). At time 0.
rl-uam-framework-vertisim_service-1      | Simulation Completed. Total time to run: 0.36 seconds
rl-uam-framework-rl_algorithm-1          | RL called reset
rl-uam-framework-vertisim_service-1      | Applying action: [0, 0, 2, 0]
rl-uam-framework-vertisim_service-1      | Reserved aircraft: 2 at MV_PARK18. Time: 0
rl-uam-framework-vertisim_service-1      | Applying action: [1, 1, 0, 1]
rl-uam-framework-vertisim_service-1      | Charging truncation: Aircraft 0 at SFO will not charge. Initial soc: 100. Final soc level (102). At time 195518.0.
rl-uam-framework-vertisim_service-1      | Simulation Completed. Total time to run: 0.41 seconds
rl-uam-framework-rl_algorithm-1          | RL called reset
rl-uam-framework-vertisim_service-1      | Applying action: [1, 2, 1, 1]
rl-uam-framework-vertisim_service-1      | Reserved aircraft: 1 at SFO_PARK17. Time: 0
rl-uam-framework-vertisim_service-1      | Charging truncation: Aircraft 0 at SFO will not charge. Initial soc: 100. Final soc level (102). At time 0.
rl-uam-framework-vertisim_service-1      | Simulation Completed. Total time to run: 0.37 seconds
rl-uam-framework-rl_algorithm-1          | RL called reset
rl-uam-framework-vertisim_service-1      | Applying action: [2, 2, 1, 0]
rl-uam-framework-vertisim_service-1      | Reserved aircraft: 0 at SFO_PARK18. Time: 0
rl-uam-framework-vertisim_service-1      | Reserved aircraft: 1 at SFO_PARK17. Time: 0
rl-uam-framework-vertisim_service-1      | Charging truncation: Aircraft 2 at MV will not charge. Initial soc: 100. Final soc level (102). At time 0.
rl-uam-framework-vertisim_service-1      | Simulation Completed. Total time to run: 0.36 seconds
rl-uam-framework-rl_algorithm-1          | RL called reset
rl-uam-framework-vertisim_service-1      | Applying action: [1, 2, 0, 1]
rl-uam-framework-vertisim_service-1      | Reserved aircraft: 1 at SFO_PARK17. Time: 0
rl-uam-framework-vertisim_service-1      | Charging truncation: Aircraft 0 at SFO will not charge. Initial soc: 100. Final soc level (102). At time 0.
rl-uam-framework-vertisim_service-1      | Simulation Completed. Total time to run: 0.45 seconds
rl-uam-framework-rl_algorithm-1          | RL called reset
rl-uam-framework-vertisim_service-1      | Applying action: [2, 1, 2, 2]
rl-uam-framework-vertisim_service-1      | Reserved aircraft: 0 at SFO_PARK18. Time: 0
rl-uam-framework-vertisim_service-1      | Reserved aircraft: 2 at MV_PARK18. Time: 0
rl-uam-framework-vertisim_service-1      | Reserved aircraft: 3 at MV_PARK17. Time: 0
rl-uam-framework-vertisim_service-1      | Charging truncation: Aircraft 1 at SFO will not charge. Initial soc: 100. Final soc level (102). At time 0.
rl-uam-framework-vertisim_service-1      | Simulation Completed. Total time to run: 0.45 seconds
rl-uam-framework-rl_algorithm-1          | RL called reset
rl-uam-framework-vertisim_service-1      | Applying action: [1, 1, 1, 2]
rl-uam-framework-vertisim_service-1      | Reserved aircraft: 3 at MV_PARK17. Time: 0
rl-uam-framework-vertisim_service-1      | Charging truncation: Aircraft 0 at SFO will not charge. Initial soc: 100. Final soc level (102). At time 0.
rl-uam-framework-vertisim_service-1      | Simulation Completed. Total time to run: 0.42 seconds
rl-uam-framework-rl_algorithm-1          | RL called reset
rl-uam-framework-vertisim_service-1      | Applying action: [1, 0, 1, 0]
rl-uam-framework-vertisim_service-1      | Charging truncation: Aircraft 0 at SFO will not charge. Initial soc: 100. Final soc level (102). At time 0.
rl-uam-framework-vertisim_service-1      | Simulation Completed. Total time to run: 0.55 seconds
rl-uam-framework-rl_algorithm-1          | RL called reset
rl-uam-framework-vertisim_service-1      | Applying action: [1, 0, 2, 1]
rl-uam-framework-vertisim_service-1      | Reserved aircraft: 2 at MV_PARK18. Time: 0
rl-uam-framework-vertisim_service-1      | Charging truncation: Aircraft 0 at SFO will not charge. Initial soc: 100. Final soc level (102). At time 0.
rl-uam-framework-vertisim_service-1      | Simulation Completed. Total time to run: 0.44 seconds
rl-uam-framework-rl_algorithm-1          | RL called reset
rl-uam-framework-vertisim_service-1      | Applying action: [1, 2, 0, 1]
rl-uam-framework-vertisim_service-1      | Reserved aircraft: 1 at SFO_PARK17. Time: 0
rl-uam-framework-vertisim_service-1      | Charging truncation: Aircraft 0 at SFO will not charge. Initial soc: 100. Final soc level (102). At time 0.
rl-uam-framework-vertisim_service-1      | Simulation Completed. Total time to run: 0.53 seconds
rl-uam-framework-rl_algorithm-1          | RL called reset
rl-uam-framework-vertisim_service-1      | Applying action: [0, 1, 0, 1]
rl-uam-framework-vertisim_service-1      | Charging truncation: Aircraft 1 at SFO will not charge. Initial soc: 100. Final soc level (102). At time 0.
rl-uam-framework-vertisim_service-1      | Simulation Completed. Total time to run: 0.42 seconds
rl-uam-framework-rl_algorithm-1          | RL called reset
rl-uam-framework-vertisim_service-1      | Applying action: [0, 0, 1, 1]
rl-uam-framework-vertisim_service-1      | Charging truncation: Aircraft 2 at MV will not charge. Initial soc: 100. Final soc level (102). At time 0.
rl-uam-framework-vertisim_service-1      | Simulation Completed. Total time to run: 0.44 seconds
rl-uam-framework-rl_algorithm-1          | RL called reset
rl-uam-framework-vertisim_service-1      | Applying action: [2, 0, 1, 2]
rl-uam-framework-vertisim_service-1      | Reserved aircraft: 0 at SFO_PARK18. Time: 0
rl-uam-framework-vertisim_service-1      | Reserved aircraft: 3 at MV_PARK17. Time: 0
rl-uam-framework-vertisim_service-1      | Charging truncation: Aircraft 2 at MV will not charge. Initial soc: 100. Final soc level (102). At time 0.
rl-uam-framework-vertisim_service-1      | Simulation Completed. Total time to run: 0.41 seconds
rl-uam-framework-rl_algorithm-1          | RL called reset
rl-uam-framework-vertisim_service-1      | Applying action: [2, 2, 1, 1]
rl-uam-framework-vertisim_service-1      | Reserved aircraft: 0 at SFO_PARK18. Time: 0
rl-uam-framework-vertisim_service-1      | Reserved aircraft: 1 at SFO_PARK17. Time: 0
rl-uam-framework-vertisim_service-1      | Charging truncation: Aircraft 2 at MV will not charge. Initial soc: 100. Final soc level (102). At time 0.
rl-uam-framework-vertisim_service-1      | Simulation Completed. Total time to run: 0.41 seconds
rl-uam-framework-rl_algorithm-1          | RL called reset
rl-uam-framework-vertisim_service-1      | Applying action: [1, 2, 1, 1]
rl-uam-framework-vertisim_service-1      | Reserved aircraft: 1 at SFO_PARK17. Time: 0
rl-uam-framework-vertisim_service-1      | Charging truncation: Aircraft 0 at SFO will not charge. Initial soc: 100. Final soc level (102). At time 0.
rl-uam-framework-vertisim_service-1      | Simulation Completed. Total time to run: 0.36 seconds
rl-uam-framework-rl_algorithm-1          | RL called reset
rl-uam-framework-vertisim_service-1      | Applying action: [0, 0, 0, 1]
rl-uam-framework-vertisim_service-1      | Charging truncation: Aircraft 3 at MV will not charge. Initial soc: 100. Final soc level (102). At time 0.
rl-uam-framework-vertisim_service-1      | Simulation Completed. Total time to run: 0.37 seconds
rl-uam-framework-rl_algorithm-1          | RL called reset
rl-uam-framework-vertisim_service-1      | Applying action: [1, 2, 1, 2]
rl-uam-framework-vertisim_service-1      | Reserved aircraft: 1 at SFO_PARK17. Time: 0
rl-uam-framework-vertisim_service-1      | Reserved aircraft: 3 at MV_PARK17. Time: 0
rl-uam-framework-vertisim_service-1      | Charging truncation: Aircraft 0 at SFO will not charge. Initial soc: 100. Final soc level (102). At time 0.
rl-uam-framework-vertisim_service-1      | Simulation Completed. Total time to run: 0.37 seconds
rl-uam-framework-rl_algorithm-1          | RL called reset
rl-uam-framework-vertisim_service-1      | Applying action: [1, 2, 0, 0]
rl-uam-framework-vertisim_service-1      | Reserved aircraft: 1 at SFO_PARK17. Time: 0
rl-uam-framework-vertisim_service-1      | Charging truncation: Aircraft 0 at SFO will not charge. Initial soc: 100. Final soc level (102). At time 0.
rl-uam-framework-vertisim_service-1      | Simulation Completed. Total time to run: 0.35 seconds
rl-uam-framework-rl_algorithm-1          | RL called reset
rl-uam-framework-vertisim_service-1      | Applying action: [2, 1, 1, 1]
rl-uam-framework-vertisim_service-1      | Reserved aircraft: 0 at SFO_PARK18. Time: 0
rl-uam-framework-vertisim_service-1      | Charging truncation: Aircraft 1 at SFO will not charge. Initial soc: 100. Final soc level (102). At time 0.
rl-uam-framework-vertisim_service-1      | Simulation Completed. Total time to run: 0.49 seconds
rl-uam-framework-rl_algorithm-1          | RL called reset
rl-uam-framework-vertisim_service-1      | Applying action: [1, 1, 0, 2]
rl-uam-framework-vertisim_service-1      | Reserved aircraft: 3 at MV_PARK17. Time: 0
rl-uam-framework-vertisim_service-1      | Charging truncation: Aircraft 0 at SFO will not charge. Initial soc: 100. Final soc level (102). At time 0.
rl-uam-framework-vertisim_service-1      | Simulation Completed. Total time to run: 0.41 seconds
rl-uam-framework-rl_algorithm-1          | RL called reset
rl-uam-framework-vertisim_service-1      | Applying action: [1, 0, 2, 1]
rl-uam-framework-vertisim_service-1      | Reserved aircraft: 2 at MV_PARK18. Time: 0
rl-uam-framework-vertisim_service-1      | Charging truncation: Aircraft 0 at SFO will not charge. Initial soc: 100. Final soc level (102). At time 0.
rl-uam-framework-vertisim_service-1      | Simulation Completed. Total time to run: 0.38 seconds
rl-uam-framework-rl_algorithm-1          | RL called reset
rl-uam-framework-vertisim_service-1      | Applying action: [1, 0, 1, 1]
rl-uam-framework-vertisim_service-1      | Charging truncation: Aircraft 0 at SFO will not charge. Initial soc: 100. Final soc level (102). At time 0.
rl-uam-framework-vertisim_service-1      | Simulation Completed. Total time to run: 0.36 seconds
rl-uam-framework-rl_algorithm-1          | RL called reset
rl-uam-framework-vertisim_service-1      | Applying action: [1, 2, 1, 1]
rl-uam-framework-vertisim_service-1      | Reserved aircraft: 1 at SFO_PARK17. Time: 0
rl-uam-framework-vertisim_service-1      | Charging truncation: Aircraft 0 at SFO will not charge. Initial soc: 100. Final soc level (102). At time 0.
rl-uam-framework-vertisim_service-1      | Simulation Completed. Total time to run: 0.58 seconds
rl-uam-framework-rl_algorithm-1          | RL called reset
rl-uam-framework-rl_algorithm-1          | RL called reset
rl-uam-framework-vertisim_service-1      | Applying action: [1, 0, 1, 1]
rl-uam-framework-vertisim_service-1      | Charging truncation: Aircraft 0 at SFO will not charge. Initial soc: 100. Final soc level (102). At time 0.
rl-uam-framework-vertisim_service-1      | Simulation Completed. Total time to run: 0.37 seconds
rl-uam-framework-rl_algorithm-1          | RL called reset
rl-uam-framework-vertisim_service-1      | Applying action: [1, 0, 1, 1]
rl-uam-framework-vertisim_service-1      | Charging truncation: Aircraft 0 at SFO will not charge. Initial soc: 100. Final soc level (102). At time 0.
rl-uam-framework-vertisim_service-1      | Simulation Completed. Total time to run: 0.34 seconds
rl-uam-framework-rl_algorithm-1          | RL called reset
rl-uam-framework-vertisim_service-1      | Applying action: [1, 0, 1, 1]
rl-uam-framework-vertisim_service-1      | Charging truncation: Aircraft 0 at SFO will not charge. Initial soc: 100. Final soc level (102). At time 0.
rl-uam-framework-vertisim_service-1      | Simulation Completed. Total time to run: 0.33 seconds
rl-uam-framework-rl_algorithm-1          | RL called reset
rl-uam-framework-vertisim_service-1      | Applying action: [1, 0, 1, 1]
rl-uam-framework-vertisim_service-1      | Charging truncation: Aircraft 0 at SFO will not charge. Initial soc: 100. Final soc level (102). At time 0.
rl-uam-framework-vertisim_service-1      | Simulation Completed. Total time to run: 0.33 seconds
rl-uam-framework-rl_algorithm-1          | RL called reset
rl-uam-framework-vertisim_service-1      | Applying action: [1, 0, 1, 1]
rl-uam-framework-vertisim_service-1      | Charging truncation: Aircraft 0 at SFO will not charge. Initial soc: 100. Final soc level (102). At time 0.
rl-uam-framework-vertisim_service-1      | Simulation Completed. Total time to run: 0.4 seconds
rl-uam-framework-rl_algorithm-1          | RL called reset
rl-uam-framework-rl_algorithm-1          | Eval num_timesteps=1000, episode_reward=-10000.00 +/- 0.00
rl-uam-framework-rl_algorithm-1          | Episode length: 1.00 +/- 0.00
rl-uam-framework-rl_algorithm-1          | ------------------------------------------
rl-uam-framework-rl_algorithm-1          | | eval/                   |              |
rl-uam-framework-rl_algorithm-1          | |    mean_ep_length       | 1            |
rl-uam-framework-rl_algorithm-1          | |    mean_reward          | -1e+04       |
rl-uam-framework-rl_algorithm-1          | | time/                   |              |
rl-uam-framework-rl_algorithm-1          | |    total_timesteps      | 1000         |
rl-uam-framework-rl_algorithm-1          | | train/                  |              |
rl-uam-framework-rl_algorithm-1          | |    approx_kl            | 7.167109e-05 |
rl-uam-framework-rl_algorithm-1          | |    clip_fraction        | 0            |
rl-uam-framework-rl_algorithm-1          | |    clip_range           | 0.2          |
rl-uam-framework-rl_algorithm-1          | |    entropy_loss         | -4.31        |
rl-uam-framework-rl_algorithm-1          | |    explained_variance   | 0.00205      |
rl-uam-framework-rl_algorithm-1          | |    learning_rate        | 0.0003       |
rl-uam-framework-rl_algorithm-1          | |    loss                 | 2.07e+10     |
rl-uam-framework-rl_algorithm-1          | |    n_updates            | 30           |
rl-uam-framework-rl_algorithm-1          | |    policy_gradient_loss | -0.00251     |
rl-uam-framework-rl_algorithm-1          | |    value_loss           | 2.28e+10     |
rl-uam-framework-rl_algorithm-1          | ------------------------------------------
rl-uam-framework-vertisim_service-1      | Applying action: [1, 2, 0, 2]
rl-uam-framework-vertisim_service-1      | Reserved aircraft: 1 at SFO_PARK17. Time: 0
rl-uam-framework-vertisim_service-1      | Reserved aircraft: 3 at MV_PARK17. Time: 0
rl-uam-framework-vertisim_service-1      | Charging truncation: Aircraft 0 at SFO will not charge. Initial soc: 100. Final soc level (102). At time 0.
rl-uam-framework-vertisim_service-1      | Simulation Completed. Total time to run: 0.36 seconds
rl-uam-framework-rl_algorithm-1          | RL called reset
rl-uam-framework-vertisim_service-1      | Applying action: [1, 1, 2, 2]
rl-uam-framework-vertisim_service-1      | Reserved aircraft: 2 at MV_PARK18. Time: 0
rl-uam-framework-vertisim_service-1      | Reserved aircraft: 3 at MV_PARK17. Time: 0
rl-uam-framework-vertisim_service-1      | Charging truncation: Aircraft 0 at SFO will not charge. Initial soc: 100. Final soc level (102). At time 0.
rl-uam-framework-vertisim_service-1      | Simulation Completed. Total time to run: 0.35 seconds
rl-uam-framework-rl_algorithm-1          | RL called reset
rl-uam-framework-vertisim_service-1      | Applying action: [2, 0, 1, 0]
rl-uam-framework-vertisim_service-1      | Reserved aircraft: 0 at SFO_PARK18. Time: 0
rl-uam-framework-vertisim_service-1      | Charging truncation: Aircraft 2 at MV will not charge. Initial soc: 100. Final soc level (102). At time 0.
rl-uam-framework-vertisim_service-1      | Simulation Completed. Total time to run: 0.34 seconds
rl-uam-framework-rl_algorithm-1          | RL called reset
rl-uam-framework-vertisim_service-1      | Applying action: [1, 0, 2, 0]
rl-uam-framework-vertisim_service-1      | Reserved aircraft: 2 at MV_PARK18. Time: 0
rl-uam-framework-vertisim_service-1      | Charging truncation: Aircraft 0 at SFO will not charge. Initial soc: 100. Final soc level (102). At time 0.
rl-uam-framework-vertisim_service-1      | Simulation Completed. Total time to run: 0.35 seconds
rl-uam-framework-rl_algorithm-1          | RL called reset
rl-uam-framework-vertisim_service-1      | Applying action: [1, 0, 1, 0]
rl-uam-framework-vertisim_service-1      | Charging truncation: Aircraft 0 at SFO will not charge. Initial soc: 100. Final soc level (102). At time 0.
rl-uam-framework-vertisim_service-1      | Simulation Completed. Total time to run: 0.35 seconds
rl-uam-framework-rl_algorithm-1          | RL called reset
rl-uam-framework-vertisim_service-1      | Applying action: [0, 2, 2, 0]
rl-uam-framework-vertisim_service-1      | Reserved aircraft: 1 at SFO_PARK17. Time: 0
rl-uam-framework-vertisim_service-1      | Reserved aircraft: 2 at MV_PARK18. Time: 0
rl-uam-framework-vertisim_service-1      | Applying action: [0, 2, 2, 1]
rl-uam-framework-vertisim_service-1      | Applying truncation. Aircraft 1 is not idling at the vertiport MV. Aircraft location: SFO_departure_fix. Status: AircraftStatus.FLY. Current time: 195518.0
rl-uam-framework-vertisim_service-1      | Simulation Completed. Total time to run: 0.43 seconds
rl-uam-framework-rl_algorithm-1          | RL called reset
rl-uam-framework-vertisim_service-1      | Applying action: [0, 0, 2, 2]
rl-uam-framework-vertisim_service-1      | Reserved aircraft: 2 at MV_PARK18. Time: 0
rl-uam-framework-vertisim_service-1      | Reserved aircraft: 3 at MV_PARK17. Time: 0
rl-uam-framework-vertisim_service-1      | Applying action: [0, 0, 0, 0]
rl-uam-framework-vertisim_service-1      | Applying action: [2, 2, 1, 0]
rl-uam-framework-vertisim_service-1      | Truncation: Aircraft 2 at MV_departure_fix is not in available the list: []. 
rl-uam-framework-vertisim_service-1      | Simulation Completed. Total time to run: 0.4 seconds
rl-uam-framework-rl_algorithm-1          | RL called reset
rl-uam-framework-vertisim_service-1      | Applying action: [1, 2, 1, 0]
rl-uam-framework-vertisim_service-1      | Reserved aircraft: 1 at SFO_PARK17. Time: 0
rl-uam-framework-vertisim_service-1      | Charging truncation: Aircraft 0 at SFO will not charge. Initial soc: 100. Final soc level (102). At time 0.
rl-uam-framework-vertisim_service-1      | Simulation Completed. Total time to run: 0.39 seconds
rl-uam-framework-rl_algorithm-1          | RL called reset
rl-uam-framework-vertisim_service-1      | Applying action: [1, 2, 2, 1]
rl-uam-framework-vertisim_service-1      | Reserved aircraft: 1 at SFO_PARK17. Time: 0
rl-uam-framework-vertisim_service-1      | Reserved aircraft: 2 at MV_PARK18. Time: 0
rl-uam-framework-vertisim_service-1      | Charging truncation: Aircraft 0 at SFO will not charge. Initial soc: 100. Final soc level (102). At time 0.
rl-uam-framework-vertisim_service-1      | Simulation Completed. Total time to run: 0.45 seconds
rl-uam-framework-rl_algorithm-1          | RL called reset
rl-uam-framework-vertisim_service-1      | Applying action: [1, 1, 1, 0]
rl-uam-framework-vertisim_service-1      | Charging truncation: Aircraft 0 at SFO will not charge. Initial soc: 100. Final soc level (102). At time 0.
rl-uam-framework-vertisim_service-1      | Simulation Completed. Total time to run: 0.4 seconds
rl-uam-framework-rl_algorithm-1          | RL called reset
rl-uam-framework-vertisim_service-1      | Applying action: [0, 1, 0, 1]
rl-uam-framework-vertisim_service-1      | Charging truncation: Aircraft 1 at SFO will not charge. Initial soc: 100. Final soc level (102). At time 0.
rl-uam-framework-vertisim_service-1      | Simulation Completed. Total time to run: 0.41 seconds
rl-uam-framework-rl_algorithm-1          | RL called reset
rl-uam-framework-vertisim_service-1      | Applying action: [2, 2, 1, 2]
rl-uam-framework-vertisim_service-1      | Reserved aircraft: 0 at SFO_PARK18. Time: 0
rl-uam-framework-vertisim_service-1      | Reserved aircraft: 1 at SFO_PARK17. Time: 0
rl-uam-framework-vertisim_service-1      | Reserved aircraft: 3 at MV_PARK17. Time: 0
rl-uam-framework-vertisim_service-1      | Charging truncation: Aircraft 2 at MV will not charge. Initial soc: 100. Final soc level (102). At time 0.
rl-uam-framework-vertisim_service-1      | Simulation Completed. Total time to run: 0.38 seconds
rl-uam-framework-rl_algorithm-1          | RL called reset
rl-uam-framework-vertisim_service-1      | Applying action: [0, 2, 2, 0]
rl-uam-framework-vertisim_service-1      | Reserved aircraft: 1 at SFO_PARK17. Time: 0
rl-uam-framework-vertisim_service-1      | Reserved aircraft: 2 at MV_PARK18. Time: 0
rl-uam-framework-vertisim_service-1      | Applying action: [1, 1, 1, 2]
rl-uam-framework-vertisim_service-1      | Truncation: Aircraft 1 at SFO_departure_fix is not in available the list: [3]. 
rl-uam-framework-vertisim_service-1      | Simulation Completed. Total time to run: 0.36 seconds
rl-uam-framework-rl_algorithm-1          | RL called reset
rl-uam-framework-vertisim_service-1      | Applying action: [1, 0, 1, 1]
rl-uam-framework-vertisim_service-1      | Charging truncation: Aircraft 0 at SFO will not charge. Initial soc: 100. Final soc level (102). At time 0.
rl-uam-framework-vertisim_service-1      | Simulation Completed. Total time to run: 0.33 seconds
rl-uam-framework-rl_algorithm-1          | RL called reset
rl-uam-framework-vertisim_service-1      | Applying action: [0, 1, 0, 1]
rl-uam-framework-vertisim_service-1      | Charging truncation: Aircraft 1 at SFO will not charge. Initial soc: 100. Final soc level (102). At time 0.
rl-uam-framework-vertisim_service-1      | Simulation Completed. Total time to run: 0.36 seconds
rl-uam-framework-rl_algorithm-1          | RL called reset
rl-uam-framework-vertisim_service-1      | Applying action: [2, 0, 1, 0]
rl-uam-framework-vertisim_service-1      | Reserved aircraft: 0 at SFO_PARK18. Time: 0
rl-uam-framework-vertisim_service-1      | Charging truncation: Aircraft 2 at MV will not charge. Initial soc: 100. Final soc level (102). At time 0.
rl-uam-framework-vertisim_service-1      | Simulation Completed. Total time to run: 0.44 seconds
rl-uam-framework-rl_algorithm-1          | RL called reset
rl-uam-framework-vertisim_service-1      | Applying action: [1, 0, 2, 2]
rl-uam-framework-vertisim_service-1      | Reserved aircraft: 2 at MV_PARK18. Time: 0
rl-uam-framework-vertisim_service-1      | Reserved aircraft: 3 at MV_PARK17. Time: 0
rl-uam-framework-vertisim_service-1      | Charging truncation: Aircraft 0 at SFO will not charge. Initial soc: 100. Final soc level (102). At time 0.
rl-uam-framework-vertisim_service-1      | Simulation Completed. Total time to run: 0.42 seconds
rl-uam-framework-rl_algorithm-1          | RL called reset
rl-uam-framework-vertisim_service-1      | Applying action: [2, 1, 0, 0]
rl-uam-framework-vertisim_service-1      | Reserved aircraft: 0 at SFO_PARK18. Time: 0
rl-uam-framework-vertisim_service-1      | Charging truncation: Aircraft 1 at SFO will not charge. Initial soc: 100. Final soc level (102). At time 0.
rl-uam-framework-vertisim_service-1      | Simulation Completed. Total time to run: 0.36 seconds
rl-uam-framework-rl_algorithm-1          | RL called reset
rl-uam-framework-vertisim_service-1      | Applying action: [0, 0, 0, 1]
rl-uam-framework-vertisim_service-1      | Charging truncation: Aircraft 3 at MV will not charge. Initial soc: 100. Final soc level (102). At time 0.
rl-uam-framework-vertisim_service-1      | Simulation Completed. Total time to run: 0.36 seconds
rl-uam-framework-rl_algorithm-1          | RL called reset
rl-uam-framework-vertisim_service-1      | Applying action: [0, 0, 1, 0]
rl-uam-framework-vertisim_service-1      | Charging truncation: Aircraft 2 at MV will not charge. Initial soc: 100. Final soc level (102). At time 0.
rl-uam-framework-vertisim_service-1      | Simulation Completed. Total time to run: 0.67 seconds
rl-uam-framework-rl_algorithm-1          | RL called reset
